geo	time	van	vab	msa	msam	msanc	msah	ip	champ	tis	t2is	is	is2	psal	psalh	psalnc	psalm	psalb	psalhb	psalncb	tp	tpb	tpm	tpbm	tph	tpbh	tooltip
BE	1995-01-01	127421.35531049583	159351.09999999998	97872.00925487526	94083.95889145772	78801	94257.20962199313	2078.9032927334065	md	0.17235576010424986	0.03196087130870136	5093	5093	0.7680973806657779	0.7397285124797999	0.6184285185790132	0.7383688445488378	0.6141909861612206	0.5915064886404495	0.4945118044368694	0.19193286710870572	0.23190261933422207	0.22166140322564587	0.2616311554511622	0.22030173529468378	0.26027148752020013	"<b>Belgique</b>
1995
Branches marchandes
Part des salaires dans la VAN : 74%"
BE	1995-01-01	116834.94064137584	146739.9	89659.43309070794	86047.1445566963	71473.3	86557.91941580757	1981.2847152319791	mdhfi	0.1395006144018395	0.025834827473645548	3791.0000000000005	3791	0.7674025646652831	0.7408564504816807	0.6117459349715157	0.7364846858682241	0.6110092285105002	0.5898730980177005	0.4870747492672409	0.20014995019723172	0.23259743533471686	0.2310678289942908	0.2635153141317759	0.22669606438083412	0.25914354951831925	"<b>Belgique</b>
1995
Branches marchandes hors services financiers (-KOPQ)
Part des salaires dans la VAN : 74.1%"
BE	1995-01-01	118229.41613971935	141909.8	97390.40925487527	93623.4929884151	78425.8	93789.71924398626	559.9158910818412	mdhi	0.244397443128831	0.03588899427664615	5093	5092.999999999999	0.8237409304278617	0.7932858192680988	0.6633357633037718	0.7918798556678498	0.6862838877574013	0.6609107985775913	0.5526454127903782	0.13318180364044097	0.17625906957213833	0.16504287840045292	0.20812014433215026	0.16363691480020381	0.20671418073190115	"<b>Belgique</b>
1995
Branches marchandes hors services immobiliers (-LOPQ)
Part des salaires dans la VAN : 79.3%"
BE	1995-01-01	107643.00147059937	129298.6	89177.83309070795	85586.67865365368	71098.1	86090.4290378007	462.29731358041363	mdhifi	0.2053054660540438	0.029319729679981067	3791	3791	0.8284591833410105	0.7997772996074869	0.6604990480446524	0.7950974748416881	0.6897045528003238	0.6658264593568739	0.549875250002707	0.13632254934752433	0.17154081665898943	0.16968425784684674	0.20490252515831184	0.16500443308104804	0.20022270039251314	"<b>Belgique</b>
1995
Branches marchandes hors services immobilier et financiers (-KLOPQ)
Part des salaires dans la VAN : 80%"
BE	1995-01-01	122276.58721036965	149275.5	97872.00925487526	94083.95889145772	78801	94257.20962199313	1036.1158910818413	mdhim	0.20869035347744558	0.03411812387163332	5093	5093	0.8004149566792558	0.7708524728436292	0.6444488008520186	0.7694355970991554	0.6556468359166457	0.6314312102253425	0.5278897072861923	0.15793357008132683	0.19958504332074425	0.18891292966142717	0.2305644029008446	0.18749605391695337	0.2291475271563708	"<b>Belgique</b>
1995
Branches marchandes hors imm. des ménages (-LmOPQ)
Part des salaires dans la VAN : 77.1%"
BE	1995-01-01	107643.00147059937	129298.6	89177.83309070795	85586.67865365368	71098.1	86090.4290378007	462.29731358041363	mdhimfi	0.2053054660540438	0.029319729679981067	3791	3791	0.8284591833410105	0.7997772996074869	0.6604990480446524	0.7950974748416881	0.6897045528003238	0.6658264593568739	0.549875250002707	0.13632254934752433	0.17154081665898943	0.16968425784684674	0.20490252515831184	0.16500443308104804	0.20022270039251314	"<b>Belgique</b>
1995
NA
Part des salaires dans la VAN : 80%"
BE	1995-01-01	162689.22834390862	198579.79999999996	132632.21926935902	128428	111466	128428	1557.4075778831334	tb	0.16944467053817525	0.02564712020054407	5093	5093	0.8152489296278909	0.7894069036243516	0.6851467742189552	0.7894069036243516	0.6679038818115389	0.6467324471069062	0.5613159042359798	0.1534459861213319	0.18475107037210917	0.17928801212487114	0.2105930963756484	0.17928801212487114	0.2105930963756484	"<b>Belgique</b>
1995
Toutes branches (marchandes et non marchandes)
Part des salaires dans la VAN : 78.9%"
DE	1995-01-01	1218337.737373871	1477148.5	913571.9440691108	994947.6461672173	818752.0000000001	996793.1983565975	-16326.333718369147	md	0.12086002041300833	0.024935881531206915	36834	36834	0.749851142293529	0.8181583544355991	0.672023836153037	0.8166435427928455	0.6184699399343471	0.6748090651390821	0.554278733654741	0.21991586165777616	0.25014885770647094	0.15312346115845982	0.1833564572071546	0.15160864951570607	0.18184164556440088	"<b>Allemagne</b>
1995
Branches marchandes
Part des salaires dans la VAN : 81.8%"
DE	1995-01-01	1144700.8568271562	1396006.5	852089.0105026773	928606.9411414136	762929.4	934961.6431603897	-16626.10624772658	mdhfi	0.07833585785375781	0.016419694320907532	22922	22922	0.744377018170904	0.8167737776941003	0.6664880133964977	0.8112223692356583	0.6103761053424015	0.6697401789750905	0.5465084868874178	0.2355985362603783	0.2556229818290961	0.16875318519562396	0.18877763076434176	0.16320177673718195	0.18322622230589974	"<b>Allemagne</b>
1995
Branches marchandes hors services financiers (-KOPQ)
Part des salaires dans la VAN : 81.7%"
DE	1995-01-01	1095455.6451266748	1285269.7000000002	903241.4687266451	983190.49881	810083.8999999999	985224.2234342902	-17119.755701352668	mdhi	0.19162998635096673	0.028658576483986196	36834	36834	0.8245349528708643	0.8993739069374754	0.7394949340065015	0.8975173966959723	0.7027641503776562	0.7665505717860539	0.6302832004831358	0.14184068254270765	0.17546504712913563	0.06885823871759972	0.10248260330402771	0.06700172847609655	0.10062609306252454	"<b>Allemagne</b>
1995
Branches marchandes hors services immobiliers (-LOPQ)
Part des salaires dans la VAN : 89.9%"
DE	1995-01-01	1021818.76457996	1204127.7000000002	841758.5351602116	916849.7937841963	754261.3	923392.6682380828	-17419.5282307101	mdhifi	0.1273018482419305	0.01903618694263075	22922.000000000004	22922.000000000004	0.8237845734867024	0.9036755834266389	0.7381556555286543	0.8972724181289492	0.6990608514032286	0.7668560969389564	0.6263964361919421	0.15378287702941468	0.17621542651329752	0.0802950323871679	0.10272758187105074	0.07389186708947822	0.09632441657336108	"<b>Allemagne</b>
1995
Branches marchandes hors services immobilier et financiers (-KLOPQ)
Part des salaires dans la VAN : 90.4%"
DE	1995-01-01	1173032.0792690981	1406404.3	913571.9440691108	994947.6461672173	818752.0000000001	996793.1983565975	-16618.862144899766	mdhim	0.14196400526658556	0.026190192962293985	36834	36834	0.7788124129037854	0.8497578335433819	0.6979792065960843	0.8481845157953029	0.6495798854348716	0.7087529513075276	0.582159767287401	0.18978691131678424	0.22118758709621458	0.1204148084252668	0.15181548420469715	0.11884149067718773	0.1502421664566181	"<b>Allemagne</b>
1995
Branches marchandes hors imm. des ménages (-LmOPQ)
Part des salaires dans la VAN : 85%"
DE	1995-01-01	1021818.76457996	1204127.7000000002	841758.5351602116	916849.7937841963	754261.3	923392.6682380828	-17419.5282307101	mdhimfi	0.1273018482419305	0.01903618694263075	22922.000000000004	22922.000000000004	0.8237845734867024	0.9036755834266389	0.7381556555286543	0.8972724181289492	0.6990608514032286	0.7668560969389564	0.6263964361919421	0.15378287702941468	0.17621542651329752	0.0802950323871679	0.10272758187105074	0.07389186708947822	0.09632441657336108	"<b>Allemagne</b>
1995
NA
Part des salaires dans la VAN : 90.4%"
DE	1995-01-01	1494164.4714736454	1795541.4000000001	1175385.638278737	1266226.4800000002	1069536.8000000003	1266226.4800000002	-23239.527667825823	tb	0.11554719499672325	0.020514146875143063	36834	36834	0.7866507742079375	0.8474478574310916	0.7158092836628295	0.8474478574310916	0.654613498902747	0.7052059506954282	0.5956625672902892	0.18869732119706709	0.21334922579206247	0.127900237973913	0.1525521425689084	0.127900237973913	0.1525521425689084	"<b>Allemagne</b>
1995
Toutes branches (marchandes et non marchandes)
Part des salaires dans la VAN : 84.7%"
ES	1995-01-01	313096.97131429485	363310.8999999999	209136.84817025522	231333.86485415796	166393.40000000002	231999.11764857883	2968.37175384718	md	0.08266631223678694	0.023654671522379322	8594	8594	0.6679619010441281	0.7409816731050142	0.5314436588176703	0.7388569230902557	0.5756415460429491	0.6385691088502407	0.45799176407864467	0.30458973379307663	0.33203809895587194	0.23369471174694897	0.26114307690974425	0.23156996173219052	0.25901832689498583	"<b>Espagne</b>
1995
Branches marchandes
Part des salaires dans la VAN : 74.1%"
ES	1995-01-01	294297.3349026672	342846.89999999997	196221.62794023458	218189.41154562312	153919.6	219235.31558139535	2841.736481121685	mdhfi	0.06487845152558842	0.018559304459220723	6363	6363.000000000001	0.6667461939644505	0.7449449572960045	0.5230071147294139	0.7413910547908454	0.5723301798564742	0.6394554408436983	0.44894557891583686	0.3116328151349543	0.33325380603554955	0.23698795430855935	0.2586089452091546	0.2334340518034003	0.25505504270399554	"<b>Espagne</b>
1995
Branches marchandes hors services financiers (-KOPQ)
Part des salaires dans la VAN : 74.5%"
ES	1995-01-01	302319.9071522679	339160.79999999993	208370.19693872816	230539.81948349552	165679.5	231212.71713178296	1213.8798746631146	mdhi	0.09147447054883477	0.02533901323502009	8594	8594	0.6892374336228525	0.7647948800650077	0.5480270934211192	0.762569099915014	0.6143699299527782	0.6817200488139638	0.48849837599156515	0.2823357251514008	0.3107625663771475	0.20900405885923928	0.23743090008498596	0.20677827870924564	0.23520511993499232	"<b>Espagne</b>
1995
Branches marchandes hors services immobiliers (-LOPQ)
Part des salaires dans la VAN : 76.5%"
ES	1995-01-01	283520.27074064035	318696.8	195454.97670870752	217395.36617496065	153205.7	218448.91506459948	1087.244601937619	mdhifi	0.07225320791744305	0.019965685253193633	6363	6363	0.6893862516359773	0.7704878190682631	0.5403694755220873	0.7667718629326167	0.6132944438372382	0.6854443316173852	0.4807255673731271	0.28817090862146055	0.31061374836402267	0.21078529732482126	0.23322813706738332	0.2070693411891748	0.22951218093173686	"<b>Espagne</b>
1995
Branches marchandes hors services immobilier et financiers (-KLOPQ)
Part des salaires dans la VAN : 77%"
ES	1995-01-01	302590.4071522679	343547	209136.84817025522	231333.86485415796	166393.40000000002	231999.11764857883	1395.5798746631144	mdhim	0.09196011466673108	0.02501550006258241	8594	8594	0.6911549184208425	0.7667100878443694	0.549896480744244	0.7645115621188461	0.6087576028032706	0.6753053225572595	0.4843395517934956	0.2804436524628822	0.30884508157915747	0.2070870087648787	0.23548843788115395	0.20488848303935528	0.2332899121556305	"<b>Espagne</b>
1995
Branches marchandes hors imm. des ménages (-LmOPQ)
Part des salaires dans la VAN : 76.7%"
ES	1995-01-01	283520.27074064035	318696.8	195454.97670870752	217395.36617496065	153205.7	218448.91506459948	1087.244601937619	mdhimfi	0.07225320791744305	0.019965685253193633	6363	6363	0.6893862516359773	0.7704878190682631	0.5403694755220873	0.7667718629326167	0.6132944438372382	0.6854443316173852	0.4807255673731271	0.28817090862146055	0.31061374836402267	0.21078529732482126	0.23322813706738332	0.2070693411891748	0.22951218093173686	"<b>Espagne</b>
1995
NA
Part des salaires dans la VAN : 77%"
ES	1995-01-01	375477.6863995229	435031.5	268749.108231705	291765.77999999997	224427.3	291765.78	3000.9856687586043	tb	0.08052201338695775	0.019754891312468176	8594	8594	0.71575254127284	0.7770522472260838	0.597711417027324	0.7770522472260837	0.6177693068931904	0.6706773647425532	0.5158874702176739	0.2613592810503229	0.28424745872716	0.20005957509707922	0.22294775277391632	0.20005957509707906	0.22294775277391615	"<b>Espagne</b>
1995
Toutes branches (marchandes et non marchandes)
Part des salaires dans la VAN : 77.7%"
FR	1995-01-01	675605.8935033308	859200.5	502592.00127127056	509405.4320230489	445850.4	502547.6741984479	32530.336194494193	md	0.12124459908608931	0.024414557486872972	20977	20977	0.7439129914410564	0.7438473805971474	0.6599267476606197	0.753997910500077	0.5849531061391032	0.5849015150694721	0.5189131058466563	0.22503784187505857	0.2560870085589436	0.21495292281603798	0.24600208949992303	0.2251034527189676	0.2561526194028526	"<b>France</b>
1995
Branches marchandes
Part des salaires dans la VAN : 74.4%"
FR	1995-01-01	641218.5407759253	816742.0000000001	474174.8484926492	480874.10253074445	418384.1	474771.46276500233	29239.297535143643	mdhfi	0.11013884899526946	0.022526085348861694	18398	18398	0.7394902335775569	0.7404206718515831	0.6524828485054753	0.7499379259196851	0.5805687089590705	0.581299189664548	0.5122598078707841	0.23181752059664867	0.26050976642244306	0.22136982825452048	0.25006207408031483	0.2308870823226225	0.2595793281484169	"<b>France</b>
1995
Branches marchandes hors services financiers (-KOPQ)
Part des salaires dans la VAN : 74%"
FR	1995-01-01	600534.5073044203	734382.8	493344.389444413	500029.0108643228	437675.49999999994	492777.24596128426	22154.88451201109	mdhi	0.19569901049457214	0.028564122144472882	20977	20977	0.8215088116399096	0.8205644138139222	0.7288099096329453	0.8326399312318788	0.6717809696038809	0.6710086973187338	0.5959773295344062	0.14356063941602035	0.17849118836009034	0.13242951982405124	0.1673600687681212	0.14450503724200783	0.1794355861860778	"<b>France</b>
1995
Branches marchandes hors services immobiliers (-LOPQ)
Part des salaires dans la VAN : 82.1%"
FR	1995-01-01	566147.1545770147	691924.3	464927.23666579166	471497.6813720183	410209.19999999995	465001.03452783875	18863.84585266054	mdhifi	0.18176264493848265	0.026589613921638534	18398	18398	0.8212127057551892	0.8213430567804492	0.724562857348421	0.8328182479770443	0.671933673475251	0.6720403294519917	0.592852715246451	0.14629044276147918	0.17878729424481074	0.13468490053962412	0.16718175202295568	0.14616009173621927	0.1786569432195508	"<b>France</b>
1995
Branches marchandes hors services immobilier et financiers (-KLOPQ)
Part des salaires dans la VAN : 82.1%"
FR	1995-01-01	626431.8461303124	777441.1000000001	502592.00127127056	509405.4320230489	445850.4	509390.043519923	25734.098927753905	mdhim	0.1693881320981679	0.02698210835521816	20977	20977	0.8023091488339176	0.8131611549869353	0.7117300992185712	0.8131857203139075	0.6464695541196246	0.6552136792355369	0.5734844736147857	0.16420436715416284	0.19769085116608245	0.15332779567417296	0.18681427968609257	0.15335236100114505	0.1868388450130647	"<b>France</b>
1995
Branches marchandes hors imm. des ménages (-LmOPQ)
Part des salaires dans la VAN : 81.3%"
FR	1995-01-01	566147.1545770147	691924.3	464927.23666579166	471497.6813720183	410209.19999999995	471966.8148116046	18863.84585266054	mdhimfi	0.18176264493848265	0.026589613921638534	18398	18398	0.8212127057551892	0.8336468902051181	0.724562857348421	0.8328182479770443	0.671933673475251	0.6821075872195912	0.592852715246451	0.14629044276147918	0.17878729424481074	0.13468490053962412	0.16718175202295568	0.13385625831155035	0.1663531097948819	"<b>France</b>
1995
NA
Part des salaires dans la VAN : 83.4%"
FR	1995-01-01	870684.0112551064	1091891.9000000001	687835.3967909759	695602.08	623155.2	694727.698619006	37258.99401150493	tb	0.11472331940538204	0.019211608768230626	20977	20977	0.7899942894316493	0.7979102517543003	0.715707641285052	0.7989144982658832	0.6299482547594463	0.636260511337254	0.5707114413065981	0.1859131583578636	0.2100057105683507	0.17699294952362968	0.2010855017341168	0.17799719603521263	0.20208974824569975	"<b>France</b>
1995
Toutes branches (marchandes et non marchandes)
Part des salaires dans la VAN : 79.8%"
IT	1995-01-01	563913.6706613206	685879.3	366315.7683606801	377628.3348767699	248190.8	378901.4954680439	1212.3959714883667	md	0.1422636560039478	0.04098534538073973	28111.000000000004	28111.000000000004	0.649595474305649	0.6719140095037833	0.44012197772921213	0.6696562869878867	0.5340819709250302	0.5524317404943463	0.3618578370859129	0.30055469678874336	0.350404525694351	0.28049388410650566	0.3303437130121133	0.27823616159060904	0.3280859904962167	"<b>Italie</b>
1995
Branches marchandes
Part des salaires dans la VAN : 67.2%"
IT	1995-01-01	529147.5929570906	647598	337612.04663690756	348525.7478268233	223652	352218.03133376373	784.1348756065472	mdhfi	0.09933926294909903	0.029380881349232085	19027	19027	0.6380300149343873	0.6656328707184078	0.422664683685212	0.6586550755699758	0.5213296622857198	0.5438837540167878	0.3453562240772825	0.3260121535394984	0.3619699850656128	0.3053870929039098	0.3413449244300241	0.29840929775547786	0.33436712928159223	"<b>Italie</b>
1995
Branches marchandes hors services financiers (-KOPQ)
Part des salaires dans la VAN : 66.6%"
IT	1995-01-01	518760.40975842555	607228.3	364017.3898039791	375195.38548284234	247297.59999999998	376305.5080232408	-1933.9319944614194	mdhi	0.18166247503942579	0.046293955667086	28111	28111	0.7017061883606217	0.7253936517601205	0.47670869894477996	0.7232536994439532	0.5994736902149966	0.6197100958951366	0.407256381166688	0.24410501952802452	0.29829381163937824	0.22255750844469305	0.27674630055604676	0.22041755612852573	0.27460634823987945	"<b>Italie</b>
1995
Branches marchandes hors services immobiliers (-LOPQ)
Part des salaires dans la VAN : 72.5%"
IT	1995-01-01	483994.33205419546	568947.0000000001	335313.66808020655	346092.79843289574	222758.8	349622.0438889606	-2362.193090343239	mdhifi	0.12797225605159188	0.03344248234018282	19027	19027	0.6928049480601348	0.7223680541982288	0.46025084437364133	0.7150761393506192	0.5893583551371331	0.6145072280703836	0.3915282091302001	0.2678826080952347	0.3071950519398651	0.2456114168047503	0.2849238606493808	0.23831950195714072	0.2776319458017712	"<b>Italie</b>
1995
Branches marchandes hors services immobilier et financiers (-KLOPQ)
Part des salaires dans la VAN : 72.2%"
IT	1995-01-01	535303.0567462961	636043.4	366315.7683606801	377628.3348767699	248190.8	378901.4954680439	-781.2224933534906	mdhim	0.16634979038099512	0.04419666959833244	28111	28111	0.6843147330172885	0.707826138283425	0.4636454002496545	0.7054477461273769	0.5759288884385564	0.5957164172571304	0.3902104793477929	0.26317108899376895	0.3156852669827115	0.2420380758836806	0.2945522538726231	0.23965968372763247	0.292173861716575	"<b>Italie</b>
1995
Branches marchandes hors imm. des ménages (-LmOPQ)
Part des salaires dans la VAN : 70.8%"
IT	1995-01-01	483994.33205419546	568947.0000000001	335313.66808020655	346092.79843289574	222758.8	349622.0438889606	-2362.193090343239	mdhimfi	0.12797225605159188	0.03344248234018282	19027	19027	0.6928049480601348	0.7223680541982288	0.46025084437364133	0.7150761393506192	0.5893583551371331	0.6145072280703836	0.3915282091302001	0.2678826080952347	0.3071950519398651	0.2456114168047503	0.2849238606493808	0.23831950195714072	0.2776319458017712	"<b>Italie</b>
1995
NA
Part des salaires dans la VAN : 72.2%"
IT	1995-01-01	676249.5736375601	814536.7	472339.2163603886	484424.26	346148.1	484424.25999999995	847.3005118625342	tb	0.1378595985773751	0.034511643244558535	28111	28111	0.69846878249352	0.7163394682739275	0.5118644262325555	0.7163394682739275	0.5798869668615161	0.5947236754341455	0.42496317231623815	0.2599622449024895	0.30153121750648	0.24209155912208197	0.2836605317260725	0.24209155912208205	0.2836605317260726	"<b>Italie</b>
1995
Toutes branches (marchandes et non marchandes)
Part des salaires dans la VAN : 71.6%"
NL	1995-01-01	207736.2909401607	251723.09999999998	156937.18348797574	150738.03053473667	125521.69999999998	150908.78735806205	631.9834923941199	md	0.19878302014469093	0.04011550787353247	10098	10098	0.7554634906482572	0.7264440251392182	0.6042357810083219	0.7256220367300068	0.6234516557597446	0.5995031340312512	0.49864990539207565	0.19592680348716285	0.24453650935174273	0.2257682574054133	0.27437796326999314	0.22494626899620185	0.27355597486078176	"<b>Pays-Bas</b>
1995
Branches marchandes
Part des salaires dans la VAN : 72.6%"
NL	1995-01-01	186356.87635179987	228102	147084.5260717078	140999.22294262692	116245.99999999999	141349.7979712339	539.5799716788	mdhfi	0.2047751138560365	0.0352561573331229	8042	8042	0.7892626714457549	0.7584898434571165	0.6237816509681868	0.7566086409199738	0.6448190987878573	0.6196780298780102	0.5096228880062428	0.16758356810583255	0.21073732855424504	0.20023759863161364	0.24339135908002615	0.198356396094471	0.24151015654288352	"<b>Pays-Bas</b>
1995
Branches marchandes hors services financiers (-KOPQ)
Part des salaires dans la VAN : 75.8%"
NL	1995-01-01	194668.19334369455	227859.3	154771.05748797575	148637.10681992548	123685.99999999999	148876.9639364118	-304.6381783867037	mdhi	0.2531008751234098	0.04431682182820715	10098	10098	0.7950505669650983	0.7647729265846913	0.6353683047832439	0.7635407935260419	0.6792395899047164	0.6533723395815392	0.5428174316343463	0.15307655217772134	0.20494943303490162	0.18458632561677787	0.23645920647395813	0.18335419255812846	0.2352270734153087	"<b>Pays-Bas</b>
1995
Branches marchandes hors services immobiliers (-LOPQ)
Part des salaires dans la VAN : 76.5%"
NL	1995-01-01	173288.77875533374	204238.2	144918.4000717078	138898.2992278157	114410.29999999999	139317.97454958363	-397.04169910202364	mdhifi	0.28346466889571215	0.03937559183345721	8042.000000000001	8042	0.8362826555337316	0.8039642009727966	0.660229132098252	0.8015423746734697	0.7095558033301693	0.6821347551515026	0.5601807105624705	0.11730926162465241	0.16371734446626843	0.15204954248491434	0.19845762532653036	0.14962771618558734	0.1960357990272034	"<b>Pays-Bas</b>
1995
Branches marchandes hors services immobilier et financiers (-KLOPQ)
Part des salaires dans la VAN : 80.4%"
NL	1995-01-01	204199.49334369454	241710.00000000003	156937.18348797574	150738.03053473667	125521.69999999998	150908.78735806205	224.46182161329637	mdhim	0.21365862207807704	0.04177733647759711	10098	10098	0.7685483490589757	0.739026257543464	0.6147013292963	0.7381900320439325	0.6492788196101763	0.6243382042863846	0.5193070208100615	0.182000010123269	0.2314516509410243	0.21235832713831213	0.2618099679560674	0.21152210163878077	0.2609737424565361	"<b>Pays-Bas</b>
1995
Branches marchandes hors imm. des ménages (-LmOPQ)
Part des salaires dans la VAN : 73.9%"
NL	1995-01-01	173288.77875533374	204238.2	144918.4000717078	138898.2992278157	114410.29999999999	139317.97454958363	-397.04169910202364	mdhimfi	0.28346466889571215	0.03937559183345721	8042.000000000001	8042	0.8362826555337316	0.8039642009727966	0.660229132098252	0.8015423746734697	0.7095558033301693	0.6821347551515026	0.5601807105624705	0.11730926162465241	0.16371734446626843	0.15204954248491434	0.19845762532653036	0.14962771618558734	0.1960357990272034	"<b>Pays-Bas</b>
1995
NA
Part des salaires dans la VAN : 80.4%"
NL	1995-01-01	258395.05138025113	314767	209770.61395350314	202693.75999999998	173907.19999999998	202693.75999999998	892.4305880987167	tb	0.20767335386064859	0.0320808725184025	10098	10097.999999999998	0.8118213287483094	0.7844335985433336	0.6730283690459697	0.7844335985433336	0.6664314046691779	0.6439485714830334	0.5524950201259979	0.14909897546781162	0.18817867125169063	0.17648670567278735	0.21556640145666636	0.17648670567278735	0.21556640145666636	"<b>Pays-Bas</b>
1995
Toutes branches (marchandes et non marchandes)
Part des salaires dans la VAN : 78.4%"
BE	1996-01-01	125305.25036216975	158060.5	97714.77150560188	93908.36760703834	78630.7	94101.20818852924	2010.0794200368186	md	0.20851395983040383	0.03639745540473426	5753	5753	0.7798138643287243	0.7509757804764647	0.6275132109208009	0.7494368139851681	0.6182112008098284	0.5953493009861999	0.49747217046637204	0.17427425262270346	0.22018613567127568	0.20465130296625964	0.25056318601483185	0.20311233647496307	0.2490242195235353	"<b>Belgique</b>
1996
Branches marchandes
Part des salaires dans la VAN : 75.1%"
BE	1996-01-01	115112.98895649773	145732.5	89445.96835847363	85810.53748315266	71219.1	86334.60277115277	1909.872917343587	mdhfi	0.166711986833774	0.02936201602250699	4279	4279	0.7770275897559753	0.7499987929579295	0.6186886523024293	0.7454461765003882	0.6137681598715018	0.592418319668933	0.4886974422314858	0.185800236723128	0.22297241024402473	0.217381649978715	0.2545538234996117	0.21282903352117377	0.25000120704207046	"<b>Belgique</b>
1996
Branches marchandes hors services financiers (-KOPQ)
Part des salaires dans la VAN : 75%"
BE	1996-01-01	116370.89436196344	140610.59999999998	97226.96255037801	93443.77694152071	78259.29999999999	93628.37806927881	320.43100576469465	mdhi	0.30051298012451283	0.04091441185799649	5753	5753	0.835492096915234	0.8045686903295112	0.6724989133157298	0.8029823733318613	0.6914625394556173	0.6658699846901929	0.5565675702969762	0.11507114287472844	0.164507903084766	0.14758086645810115	0.19701762666813874	0.1459945494604513	0.19543130967048888	"<b>Belgique</b>
1996
Branches marchandes hors services immobiliers (-LOPQ)
Part des salaires dans la VAN : 80.5%"
BE	1996-01-01	106178.63295629143	128282.6	88958.15940324974	85345.94681763502	70847.70000000001	85861.77265190234	220.22450307146346	mdhifi	0.24848329442393235	0.03335604360996737	4279	4279	0.8378160174643563	0.8086539660691191	0.667250067432725	0.8037958715551347	0.69345460259809	0.6693173715835378	0.5522783292512001	0.12188397225239346	0.16218398253564373	0.15590411816161504	0.19620412844486532	0.15104602364763065	0.1913460339308809	"<b>Belgique</b>
1996
Branches marchandes hors services immobilier et financiers (-KLOPQ)
Part des salaires dans la VAN : 80.9%"
BE	1996-01-01	120215.42422545444	147847	97714.77150560188	93908.36760703834	78630.7	94101.20818852924	881.6310057646945	mdhim	0.25568147162789057	0.038911848059142225	5753.000000000001	5753.000000000001	0.8128305675846189	0.7827715020332993	0.6540816247716632	0.7811673769159662	0.6609181891117295	0.6364769538004101	0.5318383193436458	0.13931367649165943	0.18716943241538106	0.17097686716031218	0.21883262308403384	0.16937274204297909	0.2172284979667007	"<b>Belgique</b>
1996
Branches marchandes hors imm. des ménages (-LmOPQ)
Part des salaires dans la VAN : 78.3%"
BE	1996-01-01	106178.63295629143	128282.6	88958.15940324974	85345.94681763502	70847.70000000001	85861.77265190234	220.22450307146346	mdhimfi	0.24848329442393235	0.03335604360996737	4279	4279	0.8378160174643563	0.8086539660691191	0.667250067432725	0.8037958715551347	0.69345460259809	0.6693173715835378	0.5522783292512001	0.12188397225239346	0.16218398253564373	0.15590411816161504	0.19620412844486532	0.15104602364763065	0.1913460339308809	"<b>Belgique</b>
1996
NA
Part des salaires dans la VAN : 80.9%"
BE	1996-01-01	160669.23105833036	197328.49999999997	132767.3103641012	128528.98	111517.7	128528.98	1383.2602649235932	tb	0.20618652253534175	0.029154430302769246	5753	5753	0.8263393649771096	0.7999601364454033	0.6940824902529963	0.7999601364454033	0.6728237956711839	0.6513452440980396	0.5651373217756179	0.13785415258624148	0.17366063502289045	0.1642333811179477	0.20003986355459663	0.1642333811179477	0.20003986355459663	"<b>Belgique</b>
1996
Toutes branches (marchandes et non marchandes)
Part des salaires dans la VAN : 80%"
DE	1996-01-01	1205457.9960231395	1462891.8	901542.8183292224	981828.7536234169	806080.3999999999	983651.4939419086	-19915.0504503555	md	0.14353017947636737	0.02981833653042556	43621	43621	0.7478840584271315	0.8159981494062999	0.6686922337064383	0.8144860765472662	0.6162744355592276	0.6724020832859331	0.5510184690350988	0.2159296952300614	0.2521159415728686	0.14932767710992662	0.1855139234527338	0.14781560425089293	0.1840018505937001	"<b>Allemagne</b>
1996
Branches marchandes
Part des salaires dans la VAN : 81.6%"
DE	1996-01-01	1129041.2432573487	1378870.5	841275.276405127	916816.9748065596	751453.8999999999	923051.4982572612	-20221.316791240533	mdhfi	0.09839245519446807	0.020534198099096325	28314	28314	0.7451236006029325	0.81755339211011	0.6655681574855604	0.8120314295707127	0.6101191347593027	0.6694258077587861	0.5449778641286472	0.2297984846892642	0.2548763993970675	0.16289065572148398	0.1879685704292873	0.1573686931820867	0.18244660788989	"<b>Allemagne</b>
1996
Branches marchandes hors services financiers (-KOPQ)
Part des salaires dans la VAN : 81.8%"
DE	1996-01-01	1080846.028088996	1267183	890830.1433292225	969693.5119759494	797059.2	971720.1293775933	-21505.541550905153	mdhi	0.22956501797282686	0.034423599432757544	43621	43621	0.8241970828206368	0.8990365918221079	0.7374400971887282	0.8971615630492983	0.703000390100895	0.766834884446519	0.629000862543137	0.13544471733740734	0.17580291717936328	0.06248023710874577	0.10283843695070169	0.06060520833593613	0.10096340817789204	"<b>Allemagne</b>
1996
Branches marchandes hors services immobiliers (-LOPQ)
Part des salaires dans la VAN : 89.9%"
DE	1996-01-01	1004429.275323205	1183161.7000000002	830562.601405127	904681.733159092	742432.6999999998	911120.1336929458	-21811.80789179019	mdhifi	0.16284891958847098	0.023930794920085728	28314	28314	0.8269000334920233	0.9071023277370781	0.7391587623340627	0.9006923188972004	0.7019857061001272	0.7700723693920668	0.6274989293517528	0.14491082398135216	0.17309996650797668	0.07111853857617516	0.09930768110279968	0.06470852973629737	0.09289767226292188	"<b>Allemagne</b>
1996
Branches marchandes hors services immobilier et financiers (-KLOPQ)
Part des salaires dans la VAN : 90.7%"
DE	1996-01-01	1160579.2659452534	1392407.7000000002	901542.8183292224	981828.7536234169	806080.3999999999	983651.4939419086	-20487.862371844218	mdhim	0.1683971518350162	0.031327749767542934	43621	43621	0.7768041742456475	0.8475521860549154	0.694550061036524	0.845981642472089	0.6474704343628825	0.7064392806373511	0.5789111910254445	0.18561028439585492	0.22319582575435243	0.11643281616941349	0.15401835752791102	0.11486227258658709	0.15244781394508458	"<b>Allemagne</b>
1996
Branches marchandes hors imm. des ménages (-LmOPQ)
Part des salaires dans la VAN : 84.8%"
DE	1996-01-01	1004429.275323205	1183161.7000000002	830562.601405127	904681.733159092	742432.6999999998	911120.1336929458	-21811.80789179019	mdhimfi	0.16284891958847098	0.023930794920085728	28314	28314	0.8269000334920233	0.9071023277370781	0.7391587623340627	0.9006923188972004	0.7019857061001272	0.7700723693920668	0.6274989293517528	0.14491082398135216	0.17309996650797668	0.07111853857617516	0.09930768110279968	0.06470852973629737	0.09289767226292188	"<b>Allemagne</b>
1996
NA
Part des salaires dans la VAN : 90.7%"
DE	1996-01-01	1487337.4264435498	1787237.5	1166024.9488714489	1255959.78	1059089.7	1255959.7799999998	-26607.98475719879	tb	0.13575881126562123	0.024406940879429847	43621.00000000001	43621	0.7839680008991584	0.8444350002024698	0.7120709000999489	0.8444350002024699	0.6524174592752496	0.702738041250813	0.5925847572021066	0.18670375170757555	0.21603199910084156	0.1262367524042641	0.1555649997975301	0.12623675240426427	0.15556499979753027	"<b>Allemagne</b>
1996
Toutes branches (marchandes et non marchandes)
Part des salaires dans la VAN : 84.4%"
ES	1996-01-01	335967.0067763283	390148.9	223028.85280318945	248214.52702995937	178202.80000000002	248979.9385025818	2835.2222255865745	md	0.0862596001198765	0.02496995377918533	9742	9742	0.6638415329624079	0.7410844918719695	0.530417560074997	0.7388062578276009	0.5716506000739446	0.6381664500465893	0.45675586936167195	0.3071615720940188	0.33615846703759217	0.23219684722882566	0.26119374217239905	0.22991861318445717	0.25891550812803055	"<b>Espagne</b>
1996
Branches marchandes
Part des salaires dans la VAN : 74.1%"
ES	1996-01-01	316188.356000483	368498	209509.394126239	234471.9795494845	165080.4	235592.1047160069	2708.9391404006024	mdhfi	0.07035126578047408	0.020366460604942224	7505	7505	0.6626094546186229	0.7451005081150016	0.5220951273732162	0.7415579198277825	0.5685496098384225	0.6393307554342409	0.44798180722826175	0.31365469345143276	0.33739054538137714	0.23470622824227316	0.25844208017221754	0.23116363995505398	0.25489949188499833	"<b>Espagne</b>
1996
Branches marchandes hors services financiers (-KOPQ)
Part des salaires dans la VAN : 74.5%"
ES	1996-01-01	324066.8975285294	363923.4	222094.23609674556	247209.3883239008	177393.7	248001.6895209409	1006.2361737366716	mdhi	0.09553540981684644	0.02676936959810773	9742	9742	0.68533453367354	0.7652793031695191	0.5473983962968111	0.7628344339061586	0.610277426779222	0.6814667304189312	0.4874479079938251	0.2846037720457526	0.31466546632646003	0.207103871813134	0.23716556609384146	0.2046590025497735	0.23472069683048097	"<b>Espagne</b>
1996
Branches marchandes hors services immobiliers (-LOPQ)
Part des salaires dans la VAN : 76.5%"
ES	1996-01-01	304288.24675268406	342272.5	208574.77741979508	233466.8408434259	164271.30000000002	234613.85573436605	879.9530885506997	mdhifi	0.07841111655766862	0.02192697339108459	7504.999999999999	7505.000000000001	0.6854513102154686	0.7710250337899276	0.539854239370325	0.767255532656772	0.6093822244550616	0.6854592634066893	0.47994302785061616	0.2898845758067746	0.3145486897845315	0.20808035336547112	0.23274446734322798	0.20431085223231557	0.22897496621007243	"<b>Espagne</b>
1996
Branches marchandes hors services immobilier et financiers (-KLOPQ)
Part des salaires dans la VAN : 77.1%"
ES	1996-01-01	324698.1975285294	368952.8	223028.85280318945	248214.52702995937	178202.80000000002	248979.93850258176	1194.636173736672	mdhim	0.09582042676008234	0.026404461492093297	9742	9742	0.6868804770115583	0.7668041904689209	0.5488259600958898	0.764446889201318	0.604491557736354	0.6748287003177148	0.48299619897179263	0.28311627666877576	0.3131195229884417	0.2055498644790161	0.23555311079868202	0.20319256321141316	0.23319580953107907	"<b>Espagne</b>
1996
Branches marchandes hors imm. des ménages (-LmOPQ)
Part des salaires dans la VAN : 76.7%"
ES	1996-01-01	304288.24675268406	342272.5	208574.77741979508	233466.8408434259	164271.30000000002	234613.85573436605	879.9530885506997	mdhimfi	0.07841111655766862	0.02192697339108459	7504.999999999999	7505.000000000001	0.6854513102154686	0.7710250337899276	0.539854239370325	0.767255532656772	0.6093822244550616	0.6854592634066893	0.47994302785061616	0.2898845758067746	0.3145486897845315	0.20808035336547112	0.23274446734322798	0.20431085223231557	0.22897496621007243	"<b>Espagne</b>
1996
NA
Part des salaires dans la VAN : 77.1%"
ES	1996-01-01	403277.69535042025	467390.60000000003	287010.966762174	313117.92000000004	240545.2	313117.92000000004	2862.12334005669	tb	0.08379009298955063	0.020843380247698603	9742	9742	0.7116956133980616	0.7764325267925427	0.5964753388877185	0.7764325267925427	0.6140709007887064	0.669927722123637	0.5146556220856816	0.2641473352392666	0.28830438660193836	0.19941042184478555	0.22356747320745732	0.19941042184478555	0.22356747320745732	"<b>Espagne</b>
1996
Toutes branches (marchandes et non marchandes)
Part des salaires dans la VAN : 77.6%"
FR	1996-01-01	688998.6912502012	879298.7000000001	513807.7255442282	523621.84459805477	457892.8	517148.19698584464	35035.763719558614	md	0.14171963662595138	0.028236138640941922	24828	24828	0.7457310617120539	0.750579360386693	0.6645771694705904	0.7599750932007331	0.5843380930100638	0.5881371108428166	0.5207477277061822	0.21823403674851186	0.254268938287946	0.20399000525983277	0.2400249067992669	0.21338573807387276	0.24942063961330693	"<b>France</b>
1996
Branches marchandes
Part des salaires dans la VAN : 75.1%"
FR	1996-01-01	654001.6575619917	835856.1000000001	484439.30471662094	494078.5332106431	429520.80000000005	488433.23467366665	31518.186400929924	mdhfi	0.11233035918869065	0.022787415202210042	19047	19047	0.7407310044481069	0.7468379155099755	0.6567579684754644	0.7554698485818596	0.5795726138944501	0.584350864549133	0.513869313150912	0.23014521615505795	0.25926899555189314	0.21540637202130516	0.24453015141814036	0.22403830509318937	0.2531620844900246	"<b>France</b>
1996
Branches marchandes hors services financiers (-KOPQ)
Part des salaires dans la VAN : 74.7%"
FR	1996-01-01	609254.7283103986	747544.7999999999	504243.95671887515	513865.58980746294	449425.7	506850.96852244856	23353.062723643234	mdhi	0.236432888014358	0.03321272517713989	24828	24828.000000000004	0.8276406128472041	0.8319196306084666	0.7376646895238044	0.8434330763956951	0.6745334282559055	0.6780208604520406	0.6012023627212711	0.13160795947187554	0.17235938715279592	0.1158154959233845	0.15656692360430488	0.12732894171061296	0.16808036939153334	"<b>France</b>
1996
Branches marchandes hors services immobiliers (-LOPQ)
Part des salaires dans la VAN : 83.2%"
FR	1996-01-01	574257.6946221892	704102.2	474875.5358912679	484322.27842005127	421053.7	478136.0062102705	19835.485405014544	mdhifi	0.19165411823635312	0.027051470652981913	19047	19047	0.8269380459998782	0.8326157588969562	0.7332138584177199	0.8433884002872483	0.6744412045456866	0.6790718821930546	0.598000829993146	0.13989391780596813	0.17306195400012178	0.12344356351859805	0.15661159971275168	0.13421620490889022	0.16738424110304387	"<b>France</b>
1996
Branches marchandes hors services immobilier et financiers (-KLOPQ)
Part des salaires dans la VAN : 83.3%"
FR	1996-01-01	637558.6696534117	794308.8999999999	513807.7255442283	523621.8445980549	457892.8	523708.86222405813	27499.664817722318	mdhim	0.20062877240027083	0.03125736095869001	24828	24828.000000000004	0.8058987352858731	0.821428500860565	0.7181971194100751	0.8212920151845869	0.6468613477001559	0.6593264436846398	0.5764669135647353	0.15515896625319162	0.1941012647141269	0.13976568635447775	0.17870798481541303	0.1396292006784998	0.1785714991394351	"<b>France</b>
1996
Branches marchandes hors imm. des ménages (-LmOPQ)
Part des salaires dans la VAN : 82.1%"
FR	1996-01-01	574257.6946221892	704102.2	474875.5358912679	484322.27842005127	421053.7	484980.30589226703	19835.485405014544	mdhimfi	0.19165411823635312	0.027051470652981913	19047	19047	0.8269380459998782	0.8445342751764802	0.7332138584177199	0.8433884002872483	0.6744412045456866	0.6887924876420881	0.598000829993146	0.13989391780596813	0.17306195400012178	0.12344356351859805	0.15661159971275168	0.12229768862936616	0.1554657248235198	"<b>France</b>
1996
NA
Part des salaires dans la VAN : 84.5%"
FR	1996-01-01	892765.4175477946	1122353	708042.6556285715	719312.48	643834	718456.6926544501	40321.73327221671	tb	0.13440682535299556	0.022121382488397144	24828	24828	0.7930892502236357	0.8047541700572056	0.721168167298026	0.8057127503614254	0.6308555825382669	0.6401343362154778	0.5736466156369698	0.17910053276751514	0.20691074977636428	0.16647703262972544	0.1942872496385746	0.16743561293394527	0.1952458299427944	"<b>France</b>
1996
Toutes branches (marchandes et non marchandes)
Part des salaires dans la VAN : 80.5%"
IT	1996-01-01	646546.8656466611	786625	421249.4362925736	432872.156676349	284845.1	434682.15174937726	2409.4378486076507	md	0.16163522195704674	0.04629397743524551	36416	36416	0.6515373574214913	0.6723134467825751	0.4405637319347369	0.6695139666996921	0.5355149356968996	0.5525913259168946	0.36211040839027486	0.2921388060015924	0.3484626425785087	0.2741621967233916	0.3304860333003079	0.2713627166405086	0.3276865532174249	"<b>Italie</b>
1996
Branches marchandes
Part des salaires dans la VAN : 67.2%"
IT	1996-01-01	606730.3787559966	742783.8	388337.65503695206	399555.86978610547	256680.60000000003	404147.9567861021	1881.3836474474356	mdhfi	0.11357979138494954	0.0333946432326607	24805	24805	0.6400497958140421	0.6661079961328832	0.4230554608560766	0.6585394168087162	0.5228138457475137	0.5440990457601553	0.3455656948899532	0.3190671350855468	0.35995020418595786	0.30057751409087274	0.3414605831912838	0.29300893476670575	0.33389200386711687	"<b>Italie</b>
1996
Branches marchandes hors services financiers (-KOPQ)
Part des salaires dans la VAN : 66.6%"
IT	1996-01-01	594229.8046517563	695826.9	418407.8471712347	429878.02086603385	283793.8	431572.2266692214	-1245.3302029450692	mdhi	0.20711861318023572	0.05233485511985811	36416	36416	0.7041179084183422	0.7262715927252099	0.4775825745837759	0.7234204974251678	0.6013102499648041	0.6202292936206137	0.4078511480369615	0.23459940310839733	0.2958820915816578	0.21529681410157173	0.27657950257483216	0.2124457188015296	0.2737284072747901	"<b>Italie</b>
1996
Branches marchandes hors services immobiliers (-LOPQ)
Part des salaires dans la VAN : 72.6%"
IT	1996-01-01	554413.3177610915	651985.7	385496.0659156132	396561.7339757903	255629.3	401038.0317059462	-1773.3844041052844	mdhifi	0.1468470492445085	0.03804531295701731	24805	24805	0.6953225212416915	0.7233556966587191	0.46108073491509466	0.7152817605053946	0.5912646027598661	0.6151024964289036	0.3920780777860619	0.2599364900313945	0.30467747875830853	0.23997725076769133	0.28471823949460534	0.2319033146143668	0.2766443033412808	"<b>Italie</b>
1996
Branches marchandes hors services immobilier et financiers (-KLOPQ)
Part des salaires dans la VAN : 72.3%"
IT	1996-01-01	613474.6464373876	729227	421249.43629257364	432872.15667634906	284845.1	434682.15174937726	99.07698617745672	mdhim	0.189444454099261	0.04993781085999284	36416	36416	0.6866615250342986	0.708557646634125	0.4643143798267331	0.7056072474879838	0.5776657149180895	0.5960862005238112	0.3906123881863946	0.2539782386275292	0.3133384749657015	0.235032516173844	0.29439275251201624	0.23208211702770268	0.291442353365875	"<b>Italie</b>
1996
Branches marchandes hors imm. des ménages (-LmOPQ)
Part des salaires dans la VAN : 70.9%"
IT	1996-01-01	554413.3177610915	651985.7	385496.0659156132	396561.7339757903	255629.3	401038.0317059462	-1773.3844041052844	mdhimfi	0.1468470492445085	0.03804531295701731	24805	24805	0.6953225212416915	0.7233556966587191	0.46108073491509466	0.7152817605053946	0.5912646027598661	0.6151024964289036	0.3920780777860619	0.2599364900313945	0.30467747875830853	0.23997725076769133	0.28471823949460534	0.2319033146143668	0.2766443033412808	"<b>Italie</b>
1996
NA
Part des salaires dans la VAN : 72.3%"
IT	1996-01-01	779585.2684895124	938182.1000000001	547621.1689571777	560057.38	401669.7	560057.38	1990.3029435652563	tb	0.15698981037763465	0.03881549221627656	36416	36416	0.7024519203886735	0.7184042626730759	0.5152351079930695	0.7184042626730759	0.583704559015971	0.5969602063394729	0.42813617953273675	0.25083606301491496	0.2975480796113264	0.2348837207305127	0.28159573732692417	0.2348837207305127	0.28159573732692417	"<b>Italie</b>
1996
Toutes branches (marchandes et non marchandes)
Part des salaires dans la VAN : 71.8%"
NL	1996-01-01	214588.5858333236	258602.4	159869.661310217	154187.83912584654	128740.30000000002	154389.4090443943	-75.53284958152899	md	0.237376741469307	0.05022768543524732	12989	12989	0.7450054283613753	0.7194670137968684	0.599940110980534	0.7185276818293036	0.6182064099568179	0.5970146025110142	0.49783103327734013	0.1944647911306862	0.2549945716386247	0.2209425376627579	0.2814723181706964	0.22000320569519313	0.28053298620313166	"<b>Pays-Bas</b>
1996
Branches marchandes
Part des salaires dans la VAN : 71.9%"
NL	1996-01-01	192773.7323741047	234503	149763.15154277516	144171.11416964792	119125.70000000001	144533.4572911964	-155.0188712926299	mdhfi	0.24684623631649308	0.045274474100544554	10617	10617	0.7768856767899196	0.7497570105179515	0.6179560800784816	0.7478773813948026	0.6386406636280779	0.6163394809072651	0.5079922218479082	0.1680393922573705	0.22311432321008043	0.1970476876524874	0.25212261860519736	0.19516805852933852	0.2502429894820485	"<b>Pays-Bas</b>
1996
Branches marchandes hors services financiers (-KOPQ)
Part des salaires dans la VAN : 75%"
NL	1996-01-01	200890.78284228797	233498.7	157593.28483962876	151979.57591746576	126837.1	152266.79835966893	-1050.4309060460962	mdhi	0.2999942398334946	0.05562771869821973	12989	12989	0.7844724511992643	0.7579581113943293	0.6313734169654522	0.7565283671415596	0.674921465685371	0.6521098334152136	0.5432025959887571	0.15087052563508255	0.21552754880073566	0.17881460969278729	0.2434716328584404	0.17738486544001755	0.24204188860567066	"<b>Pays-Bas</b>
1996
Branches marchandes hors services immobiliers (-LOPQ)
Part des salaires dans la VAN : 75.8%"
NL	1996-01-01	179075.92938306904	209399.30000000002	147486.7750721869	141962.8509612671	117222.5	142410.84660647102	-1129.916927757197	mdhifi	0.3360963669844922	0.05070217522217123	10617	10617	0.8235991044708838	0.7952539858209187	0.6545966306238975	0.7927522780439589	0.7043327034626519	0.6800922763661149	0.5598036860677185	0.11711319540896929	0.1764008955291162	0.14796002183589418	0.20724772195604108	0.14545831405893442	0.20474601417908134	"<b>Pays-Bas</b>
1996
Branches marchandes hors services immobilier et financiers (-KLOPQ)
Part des salaires dans la VAN : 79.5%"
NL	1996-01-01	210949.78284228794	248129.39999999997	159869.66131021702	154187.83912584657	128740.29999999999	154389.40904439427	-492.23090604609627	mdhim	0.25428678731401977	0.05234768632818199	12988.999999999998	12989	0.7578564867722103	0.7318775443339526	0.610288848205404	0.7309220092495747	0.6442995522103268	0.6222132848602152	0.5188433938098428	0.1805696171801652	0.2421435132277897	0.20750409470280073	0.26907799075042527	0.2065485596184229	0.26812245566604737	"<b>Pays-Bas</b>
1996
Branches marchandes hors imm. des ménages (-LmOPQ)
Part des salaires dans la VAN : 73.2%"
NL	1996-01-01	179075.92938306904	209399.30000000002	147486.7750721869	141962.8509612671	117222.5	142410.84660647102	-1129.916927757197	mdhimfi	0.3360963669844922	0.05070217522217123	10617	10617	0.8235991044708838	0.7952539858209187	0.6545966306238975	0.7927522780439589	0.7043327034626519	0.6800922763661149	0.5598036860677185	0.11711319540896929	0.1764008955291162	0.14796002183589418	0.20724772195604108	0.14545831405893442	0.20474601417908134	"<b>Pays-Bas</b>
1996
NA
Part des salaires dans la VAN : 79.5%"
NL	1996-01-01	264987.98400520644	321322.30000000005	212857.1337765322	206346.48	177186.80000000002	206346.48	62.378364517854266	tb	0.24916148390105256	0.04042358715843873	12989	12989	0.8032708900957185	0.7787012712091343	0.6686597532532595	0.7787012712091343	0.662441211756956	0.6421791453627712	0.5514301372796099	0.14771179295399747	0.1967291099042815	0.17228141184058163	0.22129872879086568	0.17228141184058163	0.22129872879086568	"<b>Pays-Bas</b>
1996
Toutes branches (marchandes et non marchandes)
Part des salaires dans la VAN : 77.9%"
BE	1997-01-01	126640.48254276556	160562.8	98221.41907105637	94685.41034370259	79246.90000000001	94890.61748972943	2570.0777724117597	md	0.21844491836192928	0.03866399938217321	6208	6208	0.7755925838160616	0.7492913449511341	0.625762776711143	0.7476709535730648	0.6117321015269812	0.5909875605665162	0.49355703811841856	0.17538675647582658	0.2244074161839385	0.2033083867188233	0.2523290464269352	0.20168799534075396	0.2507086550488659	"<b>Belgique</b>
1997
Branches marchandes
Part des salaires dans la VAN : 74.9%"
BE	1997-01-01	117111.15294276556	148710.4	90061.30252259302	86678.33213426324	71908.00000000001	87205.00172829014	2389.141134437076	mdhfi	0.16828189174034494	0.03060982957479773	4552	4552	0.7690241301493094	0.744634473634709	0.6140149609417885	0.7401372965444596	0.6056153606109124	0.5864082251697941	0.48354385436391817	0.19210681352584472	0.23097586985069063	0.22099364713069444	0.25986270345554036	0.21649647004044506	0.255365526365291	"<b>Belgique</b>
1997
Branches marchandes hors services financiers (-KOPQ)
Part des salaires dans la VAN : 74.5%"
BE	1997-01-01	117941.72900019935	143237.5	97743.04220538471	94227.91963454775	78880.6	94424.20941776456	822.4062866928556	mdhi	0.3073467133315669	0.04334060563749018	6208	6208	0.8287401162757204	0.8006005187324747	0.6688099340977668	0.7989362241280055	0.6823844468479603	0.6592143078297552	0.5506979666637578	0.11862372133607597	0.1712598837242796	0.14842761348379088	0.20106377587199453	0.1467633188793216	0.19939948126752524	"<b>Belgique</b>
1997
Branches marchandes hors services immobiliers (-LOPQ)
Part des salaires dans la VAN : 80.1%"
BE	1997-01-01	108412.39940019936	131385.1	89582.92565692138	86220.84142510842	71541.70000000001	86738.59365632528	641.469648718172	mdhifi	0.241748657560068	0.03464624222990278	4552	4552	0.82631623460551	0.8000800105542704	0.6599032988459848	0.7953042447370634	0.6818347412067378	0.6601859240988915	0.5445191273591907	0.1316959482703943	0.17368376539449007	0.1627079381388408	0.20469575526293657	0.15793217232163387	0.1999199894457296	"<b>Belgique</b>
1997
Branches marchandes hors services immobilier et financiers (-KLOPQ)
Part des salaires dans la VAN : 80%"
BE	1997-01-01	121586.44007180112	150266.69999999998	98221.41907105637	94685.41034370259	79246.90000000001	94890.61748972943	1416.0062866928556	mdhim	0.2656963158647332	0.04131321177612871	6208	6208	0.8078320165723507	0.7804375013668723	0.6517741612732628	0.7787497543952063	0.653647275617661	0.6314813427707499	0.5273749939274638	0.14110965820376775	0.19216798342764926	0.1701919203809122	0.22125024560479367	0.16850417340924614	0.21956249863312766	"<b>Belgique</b>
1997
Branches marchandes hors imm. des ménages (-LmOPQ)
Part des salaires dans la VAN : 78%"
BE	1997-01-01	108412.39940019936	131385.1	89582.92565692138	86220.84142510842	71541.70000000001	86738.59365632528	641.469648718172	mdhimfi	0.241748657560068	0.03464624222990278	4552	4552	0.82631623460551	0.8000800105542704	0.6599032988459848	0.7953042447370634	0.6818347412067378	0.6601859240988915	0.5445191273591907	0.1316959482703943	0.17368376539449007	0.1627079381388408	0.20469575526293657	0.15793217232163387	0.1999199894457296	"<b>Belgique</b>
1997
NA
Part des salaires dans la VAN : 80%"
BE	1997-01-01	161824.63068900062	199674.2	133521.40924304657	129573.78000000003	112338.10000000002	129573.78000000003	1986.9106755567288	tb	0.2193389897985423	0.0310906466634147	6208	6208	0.8250994219764479	0.8007049325452734	0.694196547964906	0.8007049325452734	0.6686963525735752	0.6489260004547409	0.562606986781467	0.13653806192468504	0.17490057802355208	0.16093255135585954	0.19929506745472658	0.16093255135585954	0.19929506745472658	"<b>Belgique</b>
1997
Toutes branches (marchandes et non marchandes)
Part des salaires dans la VAN : 80.1%"
DE	1997-01-01	1193831.027782015	1455009.3	878633.3288448945	954859.8581479795	784462	956904.5612260536	-16136.935926204449	md	0.145318319754414	0.03148021115741322	45803.99999999999	45804.00000000001	0.7359779637134097	0.8015410380176327	0.6570963408929233	0.7998283139968196	0.6038678438996194	0.6576621614900012	0.5391456948075865	0.22565479759528403	0.26402203628659027	0.1618044473118741	0.20017168600318033	0.16009172329106108	0.19845896198236732	"<b>Allemagne</b>
1997
Branches marchandes
Part des salaires dans la VAN : 80.2%"
DE	1997-01-01	1117072.8642229692	1370575.1999999997	819375.4958075942	890913.0442639402	730997	897462.8588199234	-16455.761732877807	mdhfi	0.10530492817880394	0.022872878481968742	31349	31349	0.7335022826622398	0.8034058364171208	0.6543861402527921	0.7975424636992281	0.5978333007977923	0.6548074551618354	0.5333505231963924	0.23843419435369217	0.2664977173377602	0.17439401331670382	0.20245753630077185	0.16853064059881118	0.1965941635828792	"<b>Allemagne</b>
1997
Branches marchandes hors services financiers (-KOPQ)
Part des salaires dans la VAN : 80.3%"
DE	1997-01-01	1071440.0898102396	1260906.2999999998	867907.6149055006	942760.990102686	775432.7000000001	944837.9206590039	-17625.505713817558	mdhi	0.2250451679587644	0.036326251998265065	45804	45804	0.8100383989357853	0.8818392457448013	0.723729406221243	0.8799007980648328	0.6883204683056153	0.7493323815251015	0.6149804311390943	0.14721166064700267	0.18996160106421467	0.0773492615179552	0.12009920193516718	0.07541081383798669	0.11816075425519867	"<b>Allemagne</b>
1997
Branches marchandes hors services immobiliers (-LOPQ)
Part des salaires dans la VAN : 88.2%"
DE	1997-01-01	994681.9262511937	1176472.1999999997	808649.7818682004	878814.1762186472	721967.7	885396.2182528735	-17944.331520490916	mdhifi	0.1685138883066375	0.02664661349413952	31349	31349	0.8129732334796507	0.8901299952134432	0.7258277052655289	0.8835127622462844	0.6873513729165897	0.752585754472459	0.6136717042697653	0.15551015887658762	0.18702676652034933	0.08497063010995386	0.11648723775371557	0.07835339714279511	0.10987000478655683	"<b>Allemagne</b>
1997
Branches marchandes hors services immobilier et financiers (-KLOPQ)
Part des salaires dans la VAN : 89%"
DE	1997-01-01	1148863.299632908	1383693.7999999998	878633.3288448945	954859.8581479795	784462	956904.5612260536	-16683.85224737683	mdhim	0.16950007383130616	0.03310269945561656	45804	45804	0.7647849218663708	0.8329142044417379	0.682815788658804	0.8311344425860607	0.6349911583363997	0.6915580320053857	0.5669332333497484	0.1953461050237426	0.2352150781336292	0.1289965843040527	0.1688655574139393	0.12721682244837546	0.16708579555826206	"<b>Allemagne</b>
1997
Branches marchandes hors imm. des ménages (-LmOPQ)
Part des salaires dans la VAN : 83.3%"
DE	1997-01-01	994681.9262511937	1176472.1999999997	808649.7818682004	878814.1762186472	721967.7	885396.2182528735	-17944.331520490916	mdhimfi	0.1685138883066375	0.02664661349413952	31349	31349	0.8129732334796507	0.8901299952134432	0.7258277052655289	0.8835127622462844	0.6873513729165897	0.752585754472459	0.6136717042697653	0.15551015887658762	0.18702676652034933	0.08497063010995386	0.11648723775371557	0.07835339714279511	0.10987000478655683	"<b>Allemagne</b>
1997
NA
Part des salaires dans la VAN : 89%"
DE	1997-01-01	1471361.5962844973	1775032.4999999998	1140205.772546201	1226003.46	1034210.1	1226003.46	-22115.823284897993	tb	0.13831555031385373	0.025804597943981312	45804	45804	0.7749323996395342	0.8332441617994658	0.7028932266627059	0.8332441617994658	0.642357687843012	0.6906935281466678	0.5826429093551809	0.19393725135878948	0.22506760036046583	0.13562548919885786	0.1667558382005342	0.13562548919885786	0.1667558382005342	"<b>Allemagne</b>
1997
Toutes branches (marchandes et non marchandes)
Part des salaires dans la VAN : 83.3%"
ES	1997-01-01	344950.381329388	400694.60000000003	233954.87012123526	260641.5068720852	189705.8	261380.14752265078	2708.228322969853	md	0.11661732856679026	0.03230390427023473	12944	12943.999999999998	0.6782276025311456	0.7577325948019833	0.5499509792362071	0.7555912994431582	0.5838732793534908	0.6523176192607806	0.47344236732913286	0.2842481600695052	0.32177239746885444	0.2068844631574926	0.24440870055684183	0.2047431677986675	0.24226740519801673	"<b>Espagne</b>
1997
Branches marchandes
Part des salaires dans la VAN : 75.8%"
ES	1997-01-01	324644.84597926924	378375.1	220205.48806843194	246630.08847171214	176390.9	247765.65114677712	2583.8366828103617	mdhfi	0.08991820888076839	0.02481928646996063	9391	9391	0.678296577924091	0.7631898495089573	0.5433349772362126	0.7596919881101736	0.5819766894503152	0.654814894391246	0.46617998911662	0.2927764265720294	0.32170342207590896	0.21138101638594686	0.24030801188982645	0.20788315498716312	0.23681015049104268	"<b>Espagne</b>
1997
Branches marchandes hors services financiers (-KOPQ)
Part des salaires dans la VAN : 76.3%"
ES	1997-01-01	332374.08373644133	373336.2	232755.10964219336	259322.3563272014	188704	260108.7107843645	776.3365244970616	mdhi	0.1299350863396152	0.03467116234643198	12944	12943.999999999998	0.7002805604625852	0.7825781958096942	0.5677458298753351	0.7802123240536201	0.6234463993638799	0.6967144112581756	0.5054532616981691	0.2607753682834597	0.2997194395374148	0.18084360469242486	0.21978767594637993	0.1784777329363507	0.21742180419030577	"<b>Espagne</b>
1997
Branches marchandes hors services immobiliers (-LOPQ)
Part des salaires dans la VAN : 78.3%"
ES	1997-01-01	312068.5483863226	351016.70000000007	219005.72758939	245310.9379268283	175389.1	246494.2144084908	651.9448843375707	mdhifi	0.10091033045829974	0.026753712857536402	9391	9391	0.7017872474552409	0.789872019090323	0.562021071674543	0.7860802993294528	0.6239182568504289	0.7022293082024039	0.49966027257392587	0.2681200051385883	0.2982127525447591	0.1838269532643764	0.21391970067054722	0.1800352335035062	0.21012798090967702	"<b>Espagne</b>
1997
Branches marchandes hors services immobilier et financiers (-KLOPQ)
Part des salaires dans la VAN : 79%"
ES	1997-01-01	332998.8837364414	378454.60000000003	233954.87012123526	260641.5068720852	189705.8	261380.14752265078	963.9365244970617	mdhim	0.1306893726085099	0.03420225305756622	12944	12944.000000000002	0.7025695326546606	0.7849279991266437	0.5696889967659664	0.782709851599308	0.6181847706996697	0.6906512631175595	0.5012643524480875	0.25855946617332115	0.29743046734533946	0.1784191472286738	0.2172901484006921	0.176200999701338	0.21507200087335632	"<b>Espagne</b>
1997
Branches marchandes hors imm. des ménages (-LmOPQ)
Part des salaires dans la VAN : 78.5%"
ES	1997-01-01	312068.5483863226	351016.70000000007	219005.72758939	245310.9379268283	175389.1	246494.2144084908	651.9448843375707	mdhimfi	0.10091033045829974	0.026753712857536402	9391	9391	0.7017872474552409	0.789872019090323	0.562021071674543	0.7860802993294528	0.6239182568504289	0.7022293082024039	0.49966027257392587	0.2681200051385883	0.2982127525447591	0.1838269532643764	0.21391970067054722	0.1800352335035062	0.21012798090967702	"<b>Espagne</b>
1997
NA
Part des salaires dans la VAN : 79%"
ES	1997-01-01	412726.52418451256	478559.6	298417.0735614316	326124.46	252475.5	326124.46	2711.2284886503567	tb	0.1132364815808711	0.02704783270464118	12944	12944	0.7230382737117762	0.790170829568985	0.6117258891922558	0.790170829568985	0.6235734766608624	0.6814709390429113	0.5275737860028302	0.24559955487078108	0.2769617262882238	0.17846699901357232	0.20982917043101504	0.17846699901357232	0.20982917043101504	"<b>Espagne</b>
1997
Toutes branches (marchandes et non marchandes)
Part des salaires dans la VAN : 79%"
FR	1997-01-01	701455.1580705417	894338.5999999999	514439.65767921426	523975.0238188569	460291.70000000007	519661.05432999437	37325.27060837939	md	0.14814280068779143	0.030978199979291965	27705	27705	0.7333892291764711	0.7408328933803845	0.656195474085759	0.7469829222727926	0.5752179964939614	0.5810562736864924	0.5146727425160897	0.22711430454020043	0.2666107708235289	0.21352061144387888	0.25301707772720733	0.21967064033628703	0.2591671066196155	"<b>France</b>
1997
Branches marchandes
Part des salaires dans la VAN : 74.1%"
FR	1997-01-01	668050.3210379117	852140.5	485151.4429233594	494509.93327924906	432007.89999999997	491053.6459444339	33613.69984522762	mdhfi	0.11701547992325906	0.025115576597990588	21402	21402	0.72621990835901	0.7350548760780653	0.6466696989664101	0.740228569175683	0.5693326897657832	0.5762590159069237	0.5069679237168049	0.24174358282418576	0.27378009164099004	0.2277349220075127	0.259771430824317	0.2329086151051304	0.2649451239219347	"<b>France</b>
1997
Branches marchandes hors services financiers (-KOPQ)
Part des salaires dans la VAN : 73.5%"
FR	1997-01-01	618660.2153933662	758356.7999999999	504776.659270816	514132.6342990248	451647.4	508878.2854492535	25214.43592760282	mdhi	0.2432748058041552	0.03653293542037205	27705	27705	0.8159190565532989	0.8225489093810414	0.7300411255843025	0.8310420187147819	0.6656189530717151	0.6710275235209252	0.5955605593567567	0.1392986876774592	0.1840809434467011	0.1241757255159762	0.16895798128521808	0.1326688348497167	0.17745109061895858	"<b>France</b>
1997
Branches marchandes hors services immobiliers (-LOPQ)
Part des salaires dans la VAN : 82.3%"
FR	1997-01-01	585255.3783607362	716158.7	475488.4445149611	484667.54375941685	423363.60000000003	480270.87706369313	21502.86516445104	mdhifi	0.19497674982950944	0.02988443762534757	21402	21402	0.8124460912205106	0.8206176223598353	0.7233826730235526	0.8281300124348117	0.6639428446725022	0.6706207395982108	0.5911589149164844	0.15098525722784428	0.18755390877948944	0.13530133601354322	0.17186998756518837	0.14281372608851955	0.1793823776401647	"<b>France</b>
1997
Branches marchandes hors services immobilier et financiers (-KLOPQ)
Part des salaires dans la VAN : 82.1%"
FR	1997-01-01	648888.1891599996	808003	514439.65767921426	523975.0238188569	460291.70000000007	524133.1448183816	29636.034411582074	mdhim	0.20606398370338055	0.03428823902881549	27705	27705.000000000004	0.7928016972310252	0.8077403065339867	0.709354412192119	0.8074966266486595	0.6366803807401882	0.648677226221167	0.5696658304486494	0.1645021950838206	0.20719830276897472	0.1498072656661864	0.19250337335134055	0.14956358578085924	0.19225969346601338	"<b>France</b>
1997
Branches marchandes hors imm. des ménages (-LmOPQ)
Part des salaires dans la VAN : 80.8%"
FR	1997-01-01	585255.3783607362	716158.7	475488.4445149611	484667.54375941685	423363.60000000003	485402.8430275385	21502.86516445104	mdhimfi	0.19497674982950944	0.02988443762534757	21402	21402	0.8124460912205106	0.8293863857981478	0.7233826730235526	0.8281300124348117	0.6639428446725022	0.6777867015055999	0.5911589149164844	0.15098525722784428	0.18755390877948944	0.13530133601354322	0.17186998756518837	0.13404496265020704	0.1706136142018522	"<b>France</b>
1997
NA
Part des salaires dans la VAN : 82.9%"
FR	1997-01-01	907600.024638592	1140536.6	711383.2434256433	722398.52	648831.4	722880.1684354565	43059.874950102436	tb	0.14119587442387263	0.024291197669588156	27705	27705	0.7838069899886984	0.7964743816785468	0.7148869351985373	0.795943698092847	0.6237267996709999	0.6338070768053006	0.5688825768502299	0.18566744891842685	0.21619301001130162	0.1735307408142782	0.204056301907153	0.1730000572285784	0.20352561832145316	"<b>France</b>
1997
Toutes branches (marchandes et non marchandes)
Part des salaires dans la VAN : 79.6%"
IT	1997-01-01	675720.4160865154	826686.7000000001	443542.4222182599	458084.1151972306	300442.30000000005	460353.44679754606	4844.80475663076	md	0.18240746805673227	0.05122980689056688	42351	42351	0.6563993208715944	0.681277989887766	0.44462516278557007	0.6779196014977	0.5365302504785184	0.5568656745022582	0.3634294588264212	0.28092534922601947	0.34360067912840564	0.2594050685999138	0.32208039850229997	0.2560466802098479	0.31872201011223406	"<b>Italie</b>
1997
Branches marchandes
Part des salaires dans la VAN : 68.1%"
IT	1997-01-01	637569.6007609635	784019.9000000001	409136.8605958517	423142.3241124287	271313.60000000003	428542.4149202454	4025.2893907656685	mdhfi	0.13929264245134534	0.04058442904319137	31819	31819	0.641713249984835	0.6721500121849658	0.42554350093884175	0.6636802062196696	0.5218449947454799	0.5465963490470654	0.34605448152527757	0.30838004185024803	0.3582867500151649	0.28641308561541345	0.3363197937803304	0.2779432796501173	0.32784998781503416	"<b>Italie</b>
1997
Branches marchandes hors services financiers (-KOPQ)
Part des salaires dans la VAN : 67.2%"
IT	1997-01-01	620518.1606882984	730230	440458.1520657544	454800.2378533216	299322.3	457065.4978404908	793.1887656418704	mdhi	0.23520492042616475	0.05799679553017542	42351	42351	0.709823144542916	0.7365868185606352	0.4823747618731774	0.7329362243787398	0.6031772894372381	0.6259199126857166	0.4099014009284746	0.22192583125978588	0.29017685545708405	0.19881275142396204	0.2670637756212602	0.1951621572420666	0.26341318143936476	"<b>Italie</b>
1997
Branches marchandes hors services immobiliers (-LOPQ)
Part des salaires dans la VAN : 73.7%"
IT	1997-01-01	582367.3453627464	687563.2000000001	406052.5904433463	419858.44676851976	270193.60000000003	425254.46596319025	-26.326600223221146	mdhifi	0.18046702906143974	0.04627792761450874	31819.000000000004	31819	0.6972447780196592	0.7302168800318066	0.4639573323461349	0.7209512176665698	0.5905676604613892	0.6184950939247333	0.39297274781431	0.24811788653671202	0.3027552219803408	0.22441144688980147	0.2790487823334303	0.21514578452456462	0.26978311996819343	"<b>Italie</b>
1997
Branches marchandes hors services immobilier et financiers (-KLOPQ)
Part des salaires dans la VAN : 73%"
IT	1997-01-01	640423.2435343247	765010.8	443542.4222182599	458084.1151972306	300442.30000000005	460353.4467975461	2254.1390724571183	mdhim	0.21510982998192268	0.05536000276074533	42351	42351	0.6925770210501228	0.718826887445525	0.4691308490646581	0.7152834001920149	0.5797858307598531	0.6017607160546571	0.3927294882634337	0.24129327421543295	0.30742297894987725	0.2185868950735408	0.2847165998079851	0.21504340782003062	0.2811731125544749	"<b>Italie</b>
1997
Branches marchandes hors imm. des ménages (-LmOPQ)
Part des salaires dans la VAN : 71.9%"
IT	1997-01-01	582367.3453627464	687563.2000000001	406052.5904433463	419858.44676851976	270193.60000000003	425254.46596319025	-26.326600223221146	mdhimfi	0.18046702906143974	0.04627792761450874	31819.000000000004	31819	0.6972447780196592	0.7302168800318066	0.4639573323461349	0.7209512176665698	0.5905676604613892	0.6184950939247333	0.39297274781431	0.24811788653671202	0.3027552219803408	0.22441144688980147	0.2790487823334303	0.21514578452456462	0.26978311996819343	"<b>Italie</b>
1997
NA
Part des salaires dans la VAN : 73%"
IT	1997-01-01	819656.2367121477	990366.5000000001	580734.4982216305	596324.46	427318.69999999995	596324.46	4533.006661557911	tb	0.17725888095227008	0.04276295694573675	42351	42351	0.7085098266940616	0.7275299488868784	0.5213389233931597	0.7275299488868784	0.5863834229263918	0.6021250314908672	0.4314753174708554	0.23982095137714454	0.29149017330593846	0.22080082918432764	0.27247005111312156	0.22080082918432764	0.27247005111312156	"<b>Italie</b>
1997
Toutes branches (marchandes et non marchandes)
Part des salaires dans la VAN : 72.8%"
NL	1997-01-01	225351.41494091798	269438.8	163894.32465283596	158959.1949658239	132436.5	159142.3536585366	-636.0104209679048	md	0.24114386038341207	0.05500321408794873	14820	14820	0.7272833174613318	0.7061963808847621	0.5876887883518364	0.7053836116693538	0.6082803391821666	0.5906437887139365	0.49152720395132404	0.20695272892033628	0.2727166825386682	0.22885243471231428	0.2946163883306462	0.22803966549690594	0.29380361911523784	"<b>Pays-Bas</b>
1997
Branches marchandes
Part des salaires dans la VAN : 70.6%"
NL	1997-01-01	203010.36367229815	244741.2	153054.2532871972	148204.50934455867	122140.70000000001	148576.11463414636	-715.8170555778315	mdhfi	0.24791762017752567	0.050604475257945945	12385	12385	0.753923349126448	0.7318646789578672	0.6016476094647121	0.7300342044792956	0.6253718347674899	0.6070743897396366	0.4990606403825756	0.18506991320772517	0.24607665087355202	0.20895905785487753	0.2699657955207044	0.20712858337630588	0.2681353210421327	"<b>Pays-Bas</b>
1997
Branches marchandes hors services financiers (-KOPQ)
Part des salaires dans la VAN : 73.2%"
NL	1997-01-01	210809.04305849032	243141.19999999998	161632.5079861693	156748.0691104779	130497.79999999999	157000.82439024388	-1602.9949938763712	mdhi	0.3013632411922699	0.06095223680725439	14819.999999999998	14820	0.7667247364778528	0.7447537454391033	0.6190332165389724	0.7435547680323521	0.6647680770933487	0.645718719781937	0.5367161139288611	0.16297467401713206	0.23327526352214722	0.1861446424626327	0.2564452319676479	0.18494566505588142	0.2552462545608966	"<b>Pays-Bas</b>
1997
Branches marchandes hors services immobiliers (-LOPQ)
Part des salaires dans la VAN : 74.5%"
NL	1997-01-01	188467.9917898705	218443.59999999998	150792.43662053053	145993.38348921266	120202	146434.58536585365	-1682.8016284862979	mdhifi	0.3287277372379321	0.05669655691446214	12385	12385	0.8000957360900531	0.7769732354824402	0.6377846914929586	0.77463224446083	0.6903037517259858	0.6703542029423323	0.5502656063166877	0.1341901875706156	0.1999042639099468	0.15965367919983875	0.22536775553917	0.15731268817822858	0.2230267645175598	"<b>Pays-Bas</b>
1997
Branches marchandes hors services immobilier et financiers (-KLOPQ)
Part des salaires dans la VAN : 77.7%"
NL	1997-01-01	221550.3430584903	258575.5	163894.32465283596	158959.1949658239	132436.5	159142.3536585366	-1062.694993876371	mdhim	0.2570416828947487	0.0573140146688298	14820.000000000002	14820	0.7397610962379196	0.7183123775011365	0.5977715862305668	0.717485663851389	0.6338354741761534	0.6154579751698696	0.5121772944459162	0.19334665798439069	0.26023890376208036	0.21562209037092128	0.28251433614861093	0.2147953767211738	0.2816876224988635	"<b>Pays-Bas</b>
1997
Branches marchandes hors imm. des ménages (-LmOPQ)
Part des salaires dans la VAN : 71.8%"
NL	1997-01-01	188467.9917898705	218443.59999999998	150792.43662053053	145993.38348921266	120202	146434.58536585365	-1682.8016284862979	mdhimfi	0.3287277372379321	0.05669655691446214	12385	12385	0.8000957360900531	0.7769732354824402	0.6377846914929586	0.77463224446083	0.6903037517259858	0.6703542029423323	0.5502656063166877	0.1341901875706156	0.1999042639099468	0.15965367919983875	0.22536775553917	0.15731268817822858	0.2230267645175598	"<b>Pays-Bas</b>
1997
NA
Part des salaires dans la VAN : 77.7%"
NL	1997-01-01	276454.9005326221	332770.6	217362.4060321463	211688.69999999998	181196.69999999998	211688.69999999998	-580.1071549611872	tb	0.25079327121451384	0.04453518429813211	14820	14820	0.7862490612876555	0.7657259813161473	0.6554295100246142	0.7657259813161473	0.6531899333419068	0.6361400316013494	0.5445093406689172	0.1601436415675026	0.21375093871234455	0.1806667215390107	0.23427401868385264	0.1806667215390107	0.23427401868385264	"<b>Pays-Bas</b>
1997
Toutes branches (marchandes et non marchandes)
Part des salaires dans la VAN : 76.6%"
BE	1998-01-01	130816.89098880228	166279.8	100822.28400735228	97545.8501407567	81801.29999999999	97784.88964118564	2569.8750400296212	md	0.2560460286994144	0.04618720975127466	7680	7680	0.7707130420641362	0.7474943709643419	0.6253114516152356	0.7456670878159493	0.6063411431054901	0.5880743760888915	0.49194971367538326	0.17057894292381623	0.22928695793586384	0.19562489717200307	0.2543329121840507	0.1937976140236105	0.2525056290356581	"<b>Belgique</b>
1998
Branches marchandes
Part des salaires dans la VAN : 74.7%"
BE	1998-01-01	121673.54825033438	154651.59999999998	92625.15940965114	89483.7594140568	74388.1	90026.1255850234	2319.179351886798	mdhfi	0.19684396375167457	0.03697342930819986	5718	5718	0.7612596225030085	0.7398989088392595	0.6113744611684371	0.7354413568177575	0.5989279089880166	0.5821221738735546	0.4810043995665096	0.19174577528291262	0.2387403774969915	0.21756404096816365	0.26455864318224254	0.2131064889466616	0.2601010911607405	"<b>Belgique</b>
1998
Branches marchandes hors services financiers (-KOPQ)
Part des salaires dans la VAN : 74%"
BE	1998-01-01	121977.38844844888	148487.8	100315.50372566214	97058.25551880212	81405.9	97289.32614664585	758.2564976978913	mdhi	0.3545397872014892	0.05172142088440936	7680	7680	0.8224106533323455	0.7976013209018907	0.6673851689684638	0.7957069482580512	0.6755807798732432	0.655200805363443	0.5482329187987162	0.11462685749085275	0.17758934666765444	0.14133056256514712	0.20429305174194884	0.1394361899213076	0.20239867909810932	"<b>Belgique</b>
1998
Branches marchandes hors services immobiliers (-LOPQ)
Part des salaires dans la VAN : 79.8%"
BE	1998-01-01	112834.04570998097	136859.59999999998	92118.379127961	88996.16479210221	73992.7	89530.56209048361	507.56080955506854	mdhifi	0.2760229789063559	0.04178004319755429	5718	5718	0.8164058866127538	0.7934711684503926	0.6557657268638983	0.788735033226145	0.673086719002255	0.6541781657295771	0.5406467650058893	0.13291791930042726	0.18359411338724624	0.160588772687036	0.21126496677385498	0.1558526374627884	0.2065288315496074	"<b>Belgique</b>
1998
Branches marchandes hors services immobilier et financiers (-KLOPQ)
Part des salaires dans la VAN : 79.3%"
BE	1998-01-01	125549.37934364243	155455	100822.28400735228	97545.8501407567	81801.29999999999	97784.88964118564	1357.1564976978914	mdhim	0.31059046343905283	0.04940336431764819	7679.999999999999	7679.999999999999	0.8030488444820633	0.778856017866386	0.6515468290456526	0.7769520697809504	0.6485625036657057	0.6290237666281924	0.5262056543694316	0.13578000485076377	0.19695115551793668	0.1618767795518766	0.22304793021904953	0.1599728314664411	0.22114398213361403	"<b>Belgique</b>
1998
Branches marchandes hors imm. des ménages (-LmOPQ)
Part des salaires dans la VAN : 77.9%"
BE	1998-01-01	112834.04570998097	136859.59999999998	92118.379127961	88996.16479210221	73992.7	89530.56209048361	507.56080955506854	mdhimfi	0.2760229789063559	0.04178004319755429	5718	5718	0.8164058866127538	0.7934711684503926	0.6557657268638983	0.788735033226145	0.673086719002255	0.6541781657295771	0.5406467650058893	0.13291791930042726	0.18359411338724624	0.160588772687036	0.21126496677385498	0.1558526374627884	0.2065288315496074	"<b>Belgique</b>
1998
NA
Part des salaires dans la VAN : 79.3%"
BE	1998-01-01	167230.43034355313	206666.89999999997	137395.6923221858	133721.41999999998	116065.09999999999	133721.41999999998	1895.5817183335516	tb	0.25741804719383354	0.03716124836633249	7679.999999999999	7679.999999999999	0.8215950412847963	0.7996237271248225	0.694042942791927	0.7996237271248225	0.6648171154751236	0.647038398505034	0.5616046885108356	0.13248030263303948	0.1784049587152037	0.15445161679301317	0.2003762728751774	0.15445161679301317	0.2003762728751774	"<b>Belgique</b>
1998
Toutes branches (marchandes et non marchandes)
Part des salaires dans la VAN : 80%"
DE	1998-01-01	1223593.5530002913	1490439.2	895554.8412371152	968011.0316969587	800118.5	970223.8629674489	-16295.792845666865	md	0.14898546496940065	0.0327910054969032	48873	48873	0.7319054918532265	0.7929298586024978	0.6539087248687142	0.7911213893889553	0.6008664031629839	0.6509650732263678	0.5368340419387788	0.22815232319478368	0.2680945081467735	0.16893642565905495	0.2088786106110448	0.1671279564455124	0.2070701413975022	"<b>Allemagne</b>
1998
Branches marchandes
Part des salaires dans la VAN : 79.3%"
DE	1998-01-01	1149787.6107647074	1408948	834821.5271288634	902574.9345924426	745579.5	909558.3895685087	-16618.448327914004	mdhfi	0.08972394638107609	0.02005751809151225	28260	28260	0.7260658571313318	0.791066437882014	0.6484497597813962	0.7849927466100916	0.5925140793903418	0.6455585227904144	0.5291746040308088	0.2493556905219738	0.27393414286866824	0.190428801043214	0.21500725338990842	0.18435510977129158	0.208933562117986	"<b>Allemagne</b>
1998
Branches marchandes hors services financiers (-KOPQ)
Part des salaires dans la VAN : 79.1%"
DE	1998-01-01	1100928.3885533283	1293415.9	883790.6145704486	954863.0492912801	790176.8999999999	957123.3001211203	-18058.739158220378	mdhi	0.22507829523873357	0.03778598979647614	48873	48873	0.8027684849981851	0.8693783447430449	0.7177368739108722	0.8673253040063896	0.6832996366987979	0.7399965472212924	0.6109225191989676	0.15283898183785372	0.19723151500181493	0.08828216282964921	0.13267469599361043	0.08622912209299397	0.13062165525695518	"<b>Allemagne</b>
1998
Branches marchandes hors services immobiliers (-LOPQ)
Part des salaires dans la VAN : 86.9%"
DE	1998-01-01	1027122.4463177446	1211924.7	823057.3004621967	889426.9521867636	735637.9	896457.8267221802	-18381.394640467515	mdhifi	0.1384851875685056	0.023318280417917055	28260	28260	0.8013234482537835	0.8727857422802903	0.7162124658430719	0.8659405267360069	0.6791323755198625	0.7396976286746035	0.6069996758049407	0.1711627922121778	0.1986765517462165	0.10654571372995446	0.13405947326399315	0.09970049818567107	0.12721425771970976	"<b>Allemagne</b>
1998
Branches marchandes hors services immobilier et financiers (-KLOPQ)
Part des salaires dans la VAN : 87.3%"
DE	1998-01-01	1178929.2885945404	1418700	895554.8412371152	968011.0316969587	800118.5	970223.8629674489	-16937.708589162885	mdhim	0.17246791464706632	0.034449143582152675	48873	48873	0.759634059397023	0.8229703616271171	0.6786823499430238	0.8210933777469998	0.6312503286368614	0.6838823309843158	0.5639800521604286	0.19891052807500095	0.240365940602977	0.1374512097250242	0.17890662225300022	0.1355742258449068	0.17702963837288285	"<b>Allemagne</b>
1998
Branches marchandes hors imm. des ménages (-LmOPQ)
Part des salaires dans la VAN : 82.3%"
DE	1998-01-01	1027122.4463177446	1211924.7	823057.3004621967	889426.9521867636	735637.9	896457.8267221802	-18381.394640467515	mdhimfi	0.1384851875685056	0.023318280417917055	28260	28260	0.8013234482537835	0.8727857422802903	0.7162124658430719	0.8659405267360069	0.6791323755198625	0.7396976286746035	0.6069996758049407	0.1711627922121778	0.1986765517462165	0.10654571372995446	0.13405947326399315	0.09970049818567107	0.12721425771970976	"<b>Allemagne</b>
1998
NA
Part des salaires dans la VAN : 87.3%"
DE	1998-01-01	1504834.6022739832	1814066.6000000003	1161496.5192736613	1243355.9600000002	1053674.6	1243355.9600000002	-22832.46308681213	tb	0.14234657446943974	0.026941127740293544	48873	48873	0.7718433092371099	0.8262409424405461	0.7001929636704081	0.8262409424405461	0.640272258622512	0.6853970852007307	0.5808356760440878	0.19567936739050942	0.22815669076289008	0.14128173418707324	0.17375905755945392	0.14128173418707324	0.17375905755945392	"<b>Allemagne</b>
1998
Toutes branches (marchandes et non marchandes)
Part des salaires dans la VAN : 82.6%"
ES	1998-01-01	365318.3991922013	423188.0999999999	249869.56549480147	277751.428102684	203221.1	278529.3099833273	2220.691884756621	md	0.12933002025066173	0.0352821830292487	14931.000000000002	14931	0.6839775003047139	0.7624289129680201	0.5562848749183348	0.7602995872007897	0.5904456327926081	0.6581690505553615	0.4802145901550635	0.27515130341003	0.3160224996952861	0.1988292165139542	0.23970041279921028	0.1966998907467238	0.2375710870319799	"<b>Espagne</b>
1998
Branches marchandes
Part des salaires dans la VAN : 76.2%"
ES	1998-01-01	344367.08969930967	400039.3	235676.02255275098	263207.42704420997	189613.90000000002	264514.93232475535	2107.192375060696	mdhfi	0.10877618842455475	0.029554596260917367	11823	11823	0.6843744062724918	0.7681190805884538	0.550615624058515	0.7643222448290116	0.5891321741457677	0.6612223657144569	0.4739881806612501	0.2812930446725928	0.3156255937275082	0.20134520611607298	0.23567775517098838	0.19754837035663075	0.23188091941154615	"<b>Espagne</b>
1998
Branches marchandes hors services financiers (-KOPQ)
Part des salaires dans la VAN : 76.8%"
ES	1998-01-01	351511.41066164	393894.19999999995	248275.5054948015	275937.4975909717	201994.9	276806.0724276912	129.66333234738386	mdhi	0.1446299131670339	0.03790611793725321	14930.999999999998	14931.000000000002	0.7063085236051926	0.7874739312350257	0.5746467792319763	0.7850029592825517	0.6303101327584959	0.7027421892165236	0.5128151163434242	0.2512149036659284	0.2936914763948074	0.17252046798856926	0.21499704071744827	0.17004949603609526	0.21252606876497424	"<b>Espagne</b>
1998
Branches marchandes hors services immobiliers (-LOPQ)
Part des salaires dans la VAN : 78.7%"
ES	1998-01-01	330560.1011687483	370745.4	234081.96255275095	261393.49653249764	188387.69999999998	262791.69476911926	16.1638226514588	mdhifi	0.12254589661040156	0.031889809017185376	11823	11823	0.7081373756999608	0.7949891527742672	0.5699045327428357	0.7907593675349777	0.6313819741330599	0.7088198390839623	0.5081322654306701	0.2560960573181261	0.29186262430003923	0.1734740654831092	0.20924063246502228	0.16924428024381968	0.20501084722573276	"<b>Espagne</b>
1998
Branches marchandes hors services immobilier et financiers (-KLOPQ)
Part des salaires dans la VAN : 79.5%"
ES	1998-01-01	352321.51066164	399333.1	249869.56549480147	277751.428102684	203221.1	278529.3099833273	291.9633323473838	mdhim	0.14573661803771046	0.03738983820775188	14930.999999999998	14931.000000000002	0.709208941076463	0.7905543702405934	0.5768058260716532	0.7883464951688088	0.6257171406397353	0.697486158756505	0.5089012155516285	0.2484121534404161	0.29079105892353696	0.16927459934807035	0.2116535048311912	0.16706672427628577	0.20944562975940664	"<b>Espagne</b>
1998
Branches marchandes hors imm. des ménages (-LmOPQ)
Part des salaires dans la VAN : 79.1%"
ES	1998-01-01	330560.1011687483	370745.4	234081.96255275095	261393.49653249764	188387.69999999998	262791.69476911926	16.1638226514588	mdhimfi	0.12254589661040156	0.031889809017185376	11823	11823	0.7081373756999608	0.7949891527742672	0.5699045327428357	0.7907593675349777	0.6313819741330599	0.7088198390839623	0.5081322654306701	0.2560960573181261	0.29186262430003923	0.1734740654831092	0.20924063246502228	0.16924428024381968	0.20501084722573276	"<b>Espagne</b>
1998
NA
Part des salaires dans la VAN : 79.5%"
ES	1998-01-01	436566.5591112649	504833.49999999994	317653.4089645588	346637.28	269161.2	346637.28	2214.6918039181546	tb	0.12556222740360723	0.029576087957712795	14931	14931	0.7276173640308545	0.79400786149462	0.6165410391211404	0.79400786149462	0.6292241084725139	0.6866368416517526	0.5331682624073086	0.23818166549079364	0.27238263596914547	0.17179116802702823	0.20599213850538003	0.17179116802702823	0.20599213850538003	"<b>Espagne</b>
1998
Toutes branches (marchandes et non marchandes)
Part des salaires dans la VAN : 79.4%"
FR	1998-01-01	741964.8759985922	940562.3999999999	533297.555911021	546120.1878843817	479791.80000000005	542074.7855098838	38243.00201007465	md	0.1424947614581984	0.0316130009024388	29734	29734	0.718763883793379	0.730593594178321	0.6466502869886666	0.7360458770361226	0.5669985913864098	0.5763304864301229	0.5101116098198271	0.24116144291432845	0.2812361162066211	0.22387944967158482	0.26395412296387744	0.22933173252938635	0.26940640582167896	"<b>France</b>
1998
Branches marchandes
Part des salaires dans la VAN : 73.1%"
FR	1998-01-01	708700.754297632	898271.6000000001	503239.08581741963	515811.0035664249	450779.5	512745.8940513269	34483.41970460187	mdhfi	0.11410887575001827	0.026100123837823657	23445	23445	0.7100868494434748	0.7235012675547255	0.6360646538985999	0.7278262375741743	0.5602304312163711	0.570813876394764	0.50182984745371	0.25683148688137436	0.2899131505565252	0.23909209875067478	0.27217376242582564	0.24341706877012353	0.2764987324452744	"<b>France</b>
1998
Branches marchandes hors services financiers (-KOPQ)
Part des salaires dans la VAN : 72.4%"
FR	1998-01-01	655762.3841807352	799222.6000000001	523290.8925316653	535887.8552709281	470726.80000000005	531364.4465342246	25535.38604669853	mdhi	0.224455840497126	0.03720365264946211	29734	29734.000000000004	0.7979885781119166	0.8103002846039653	0.7178313537884519	0.8171982233174747	0.6547498688496362	0.6648516277370341	0.5889808421333431	0.15666877839817414	0.2020114218880834	0.137459133192616	0.18280177668252526	0.14435707190612546	0.18969971539603472	"<b>France</b>
1998
Branches marchandes hors services immobiliers (-LOPQ)
Part des salaires dans la VAN : 81%"
FR	1998-01-01	622498.262479775	756931.7999999999	493232.42243806395	505578.6709529713	441714.5	502035.55507566774	21775.80374122575	mdhifi	0.1813704223206599	0.030973728412520128	23445	23445	0.7923434524511449	0.8064850704574921	0.7095835066918782	0.8121768387576787	0.6516206908443588	0.663250711722863	0.583559179307832	0.16999379182226904	0.20765654754885507	0.15016040551573534	0.18782316124232137	0.1558521738159219	0.19351492954250793	"<b>France</b>
1998
Branches marchandes hors services immobilier et financiers (-KLOPQ)
Part des salaires dans la VAN : 80.6%"
FR	1998-01-01	686899.8612167188	850276.3999999999	533297.555911021	546120.1878843817	479791.80000000005	546348.6282815058	30125.544543250893	mdhim	0.19357782385377406	0.034969805112784504	29734	29734	0.7763832634445156	0.7953832270598338	0.6984887129692176	0.7950506598109202	0.6272049370193281	0.6425541486056838	0.5642774514263833	0.1803294953157911	0.22361673655548445	0.16166209894938652	0.20494934018907987	0.16132953170047282	0.2046167729401662	"<b>France</b>
1998
Branches marchandes hors imm. des ménages (-LmOPQ)
Part des salaires dans la VAN : 79.5%"
FR	1998-01-01	622498.262479775	756931.7999999999	493232.42243806395	505578.6709529713	441714.5	506443.53659574466	21775.80374122575	mdhimfi	0.1813704223206599	0.030973728412520128	23445	23445	0.7923434524511449	0.8135661850336474	0.7095835066918782	0.8121768387576787	0.6516206908443588	0.6690741974319809	0.583559179307832	0.16999379182226904	0.20765654754885507	0.15016040551573534	0.18782316124232137	0.14877105923976652	0.18643381496635256	"<b>France</b>
1998
NA
Part des salaires dans la VAN : 81.4%"
FR	1998-01-01	953460.9121355815	1192915.2	735834.7447796984	750724.16	673704.8	751531.7811019575	44125.81849007965	tb	0.1366287903760035	0.02492549344664231	29734.000000000004	29734	0.7717513486017592	0.7882145681448661	0.7065887981616594	0.7873675264972452	0.6168374288295584	0.6299959805206251	0.564754980068994	0.19706331425274506	0.22824865139824083	0.18144713635725906	0.2126324735027548	0.1806000947096381	0.21178543185513382	"<b>France</b>
1998
Toutes branches (marchandes et non marchandes)
Part des salaires dans la VAN : 78.8%"
IT	1998-01-01	674197.0558148075	851585.9000000001	443419.63133852894	456396.646665349	300087.4	458403.84717697033	25919.67843196025	md	0.11261500148456413	0.030518354049779355	25989	25989	0.6577003377782921	0.679925614066887	0.44510339731063703	0.6769484421936052	0.5206986533461027	0.5382943132066539	0.3523865296501503	0.3037515852524445	0.34229966222170793	0.2845034808371314	0.32305155780639483	0.2815263089638495	0.32007438593311294	"<b>Italie</b>
1998
Branches marchandes
Part des salaires dans la VAN : 68%"
IT	1998-01-01	633444.3888949013	803478.3999999999	410185.9811658331	422674.18627540104	272252.7	427753.33065219445	22452.55140093337	mdhfi	0.07573287013906524	0.0210435028496099	16908	16908	0.6475485273165623	0.6752815845420105	0.4297973188695672	0.6672632889096908	0.5105127669466075	0.5323768886035947	0.33884258742985507	0.32575931107238065	0.35245147268343774	0.30604454947925214	0.3327367110903092	0.29802625384693243	0.3247184154579895	"<b>Italie</b>
1998
Branches marchandes hors services financiers (-KOPQ)
Part des salaires dans la VAN : 67.5%"
IT	1998-01-01	616968.1558148075	751309.2000000001	440168.69356560323	452956.2818431612	298928.7	455062.69144502125	21296.078431960246	mdhi	0.14699705343768357	0.034591616873585466	25989	25989	0.7134382697341783	0.7375788963435826	0.4845123645080445	0.7341647661619719	0.5858688986712837	0.6056929576331838	0.39787706579395005	0.24443800028874157	0.28656173026582166	0.22371150386094804	0.2658352338380281	0.22029737367933733	0.26242110365641735	"<b>Italie</b>
1998
Branches marchandes hors services immobiliers (-LOPQ)
Part des salaires dans la VAN : 73.8%"
IT	1998-01-01	576215.4888949014	703201.7000000001	406935.0433929073	419233.8214532132	271094	424412.1749202454	17828.951400933365	mdhifi	0.09988158968899234	0.024044310473083325	16908	16908	0.7062202443973701	0.7365511394603556	0.470473295537264	0.7275643045577334	0.5786889357532942	0.6035425894451697	0.38551385754613504	0.26443656659459563	0.2937797556026299	0.24309250643423233	0.27243569544226665	0.23410567153161016	0.2634488605396445	"<b>Italie</b>
1998
Branches marchandes hors services immobilier et financiers (-KLOPQ)
Part des salaires dans la VAN : 73.7%"
IT	1998-01-01	637243.3650116599	786835.5	443419.63133852894	456396.646665349	300087.4	458403.84717697033	22934.139922615603	mdhim	0.13408574640208137	0.033029775601126285	25989	25989	0.6958403267649801	0.7193544450142415	0.4709149070457708	0.7162046271866607	0.5635480749642446	0.5825917198410219	0.38138518152777806	0.26337619642388904	0.30415967323501986	0.24301189600220852	0.28379537281333933	0.2398620781746277	0.2806455549857585	"<b>Italie</b>
1998
Branches marchandes hors imm. des ménages (-LmOPQ)
Part des salaires dans la VAN : 71.9%"
IT	1998-01-01	576215.4888949014	703201.7000000001	406935.0433929073	419233.8214532132	271094	424412.1749202454	17828.951400933365	mdhimfi	0.09988158968899234	0.024044310473083325	16908	16908	0.7062202443973701	0.7365511394603556	0.470473295537264	0.7275643045577334	0.5786889357532942	0.6035425894451697	0.38551385754613504	0.26443656659459563	0.2937797556026299	0.24309250643423233	0.27243569544226665	0.23410567153161016	0.2634488605396445	"<b>Italie</b>
1998
NA
Part des salaires dans la VAN : 73.7%"
IT	1998-01-01	812748.9517736563	1017699	575903.5473417041	589831.3400000001	422069.9	589831.3400000001	32713.55757672739	tb	0.10972980481648685	0.025537020278097945	25989	25989	0.7085872532777974	0.7257239012278212	0.5193115279680397	0.7257239012278212	0.5658878974448281	0.5795734691691748	0.4147296007955201	0.25943608290333897	0.29141274672220263	0.2422994349533153	0.2742760987721789	0.2422994349533153	0.2742760987721789	"<b>Italie</b>
1998
Toutes branches (marchandes et non marchandes)
Part des salaires dans la VAN : 72.6%"
NL	1998-01-01	241771.46194924944	287519.9	173430.5104050883	169242.3063688296	141898	169436.25191489363	-1217.530642538762	md	0.2270673680914795	0.053971916378657614	15518	15518	0.7173324304151882	0.7008116282576816	0.5869096329896288	0.700009442819829	0.6031948063597974	0.5893026949261376	0.49352410041878836	0.2184829885143734	0.28266756958481176	0.2358059761097326	0.299990557180171	0.23500379067188	0.2991883717423183	"<b>Pays-Bas</b>
1998
Branches marchandes
Part des salaires dans la VAN : 70.1%"
NL	1998-01-01	218484.3807110673	261713	162015.71873842162	157888.1600182728	130939.8	158238.17167173253	-1292.1793214617107	mdhfi	0.23012764152787943	0.04965362821105562	12995	12995	0.741543712237617	0.7242539313645179	0.5993096603695445	0.7226519328494726	0.6190587350969253	0.6046248053086111	0.5003182875898408	0.19897835182157494	0.2584562877623831	0.21787013120971924	0.2773480671505274	0.21626813269467393	0.27574606863548207	"<b>Pays-Bas</b>
1998
Branches marchandes hors services financiers (-KOPQ)
Part des salaires dans la VAN : 72.4%"
NL	1998-01-01	226192.10672465456	259309	170913.15868095038	166769.86855727612	139718.8	167041.15969604862	-2225.234214575004	mdhi	0.2807216951330421	0.059843661423244085	15518	15518	0.7556106230046494	0.7384924351024731	0.6176997156230601	0.7372930513454494	0.659110014233792	0.644178025814949	0.5388119964983861	0.1757839768127077	0.2443893769953506	0.19410154847190764	0.2627069486545505	0.192902164714884	0.2615075648975269	"<b>Pays-Bas</b>
1998
Branches marchandes hors services immobiliers (-LOPQ)
Part des salaires dans la VAN : 73.8%"
NL	1998-01-01	202905.02548647247	233502.1	159498.3670142837	155415.72220671934	128760.6	155843.07945288756	-2299.8828934979524	mdhifi	0.2993780322511135	0.05565260440912523	12995	12995	0.786074009906262	0.7680592389431847	0.6345855638187945	0.765953045441355	0.6830703750171141	0.6674161793529375	0.5514322997523363	0.14988124813210357	0.21392599009373806	0.17000221259701054	0.23404695455864502	0.16789601909518073	0.23194076105681521	"<b>Pays-Bas</b>
1998
Branches marchandes hors services immobilier et financiers (-KLOPQ)
Part des salaires dans la VAN : 76.8%"
NL	1998-01-01	237568.90672465457	275729.19999999995	173430.5104050883	169242.3063688296	141898	169436.25191489363	-1675.2342145750038	mdhim	0.2419455566472595	0.056279857193217125	15518	15518	0.7300219241489229	0.7132088716949496	0.5972919687022074	0.7123924957274969	0.6289885525547833	0.6145023882667981	0.5146281206343036	0.20465808000673225	0.26997807585107714	0.2222875084281582	0.2876075042725031	0.22147113246070543	0.2867911283050503	"<b>Pays-Bas</b>
1998
Branches marchandes hors imm. des ménages (-LmOPQ)
Part des salaires dans la VAN : 71.3%"
NL	1998-01-01	202905.02548647247	233502.1	159498.3670142837	155415.72220671934	128760.6	155843.07945288756	-2299.8828934979524	mdhimfi	0.2993780322511135	0.05565260440912523	12995	12995	0.786074009906262	0.7680592389431847	0.6345855638187945	0.765953045441355	0.6830703750171141	0.6674161793529375	0.5514322997523363	0.14988124813210357	0.21392599009373806	0.17000221259701054	0.23404695455864502	0.16789601909518073	0.23194076105681521	"<b>Pays-Bas</b>
1998
NA
Part des salaires dans la VAN : 76.8%"
NL	1998-01-01	295292.69301396015	353505.8	229851.7048932773	225016.53999999998	193448.3	225016.53999999998	-1223.4310538674265	tb	0.23712967126019727	0.043897441003796826	15518	15518	0.7783860228549946	0.762011879479057	0.6551069653147652	0.762011879479057	0.650206318802343	0.6365285661508241	0.5472280794261367	0.16906272759794538	0.2216139771450054	0.185436870973883	0.23798812052094298	0.185436870973883	0.23798812052094298	"<b>Pays-Bas</b>
1998
Toutes branches (marchandes et non marchandes)
Part des salaires dans la VAN : 76.2%"
BE	1999-01-01	134954.9274970992	173069	106675.94526595043	103242.99654989457	86784.6	103470.07469578783	2885.195495108518	md	0.2712261685129402	0.04431758431608202	7670	7669.999999999999	0.7904560970420541	0.76670097650203894	0.6430635887812648	0.765018354384383	0.6163781224017614	0.5978544666912493	0.5014450883751568	0.15271011302341486	0.2095439029579459	0.17814785568108593	0.23498164561561694	0.17646523356343005	0.23329902349796108	"<b>Belgique</b>
1999
Branches marchandes
Part des salaires dans la VAN : 76.7%"
BE	1999-01-01	124578.90658804987	159949.9	98087.6438706016	94793.22941091181	78999	95335.87775351014	2541.598114170656	mdhfi	0.22909440235941267	0.03794313094287649	6069	6069	0.7873535460938985	0.7652650064489742	0.6341282177185036	0.7609091459147931	0.6132397949020387	0.5960358696911354	0.4938984019371066	0.16393034163463474	0.21264645390610143	0.19037474181374026	0.23909085408520697	0.18601888127955907	0.23473499355102578	"<b>Belgique</b>
1999
Branches marchandes hors services financiers (-KOPQ)
Part des salaires dans la VAN : 76.5%"
BE	1999-01-01	126249.02749709919	154930.1	106076.57026595043	102664.31018215323	86305.1	102888.3545397816	1018.9954951085183	mdhi	0.3802214034766462	0.04950619666546397	7670.000000000001	7670	0.8402169297374409	0.8149635413401157	0.6836100183186206	0.813188918896917	0.6846737352260821	0.6640953213080066	0.5570583121033292	0.09903012703552132	0.1597830702625591	0.12605813787604525	0.18681108110308303	0.12428351543284645	0.18503645865988425	"<b>Belgique</b>
1999
Branches marchandes hors services immobiliers (-LOPQ)
Part des salaires dans la VAN : 81.5%"
BE	1999-01-01	115873.00658804986	141811	97488.2688706016	94214.54304317046	78519.5	94754.1575975039	675.3981141706561	mdhifi	0.33011077412543904	0.04279639802272038	6069	6069	0.8413371823274646	0.8177414256141001	0.6776340953950687	0.8130844777172368	0.6874520937769397	0.6681721276734802	0.5536911805149107	0.10628651210573138	0.15866281767253546	0.13453921671595911	0.1869155222827632	0.12988226881909587	0.18225857438589993	"<b>Belgique</b>
1999
Branches marchandes hors services immobilier et financiers (-KLOPQ)
Part des salaires dans la VAN : 81.8%"
BE	1999-01-01	129741.92227407024	162003.2	106675.94526595043	103242.99654989457	86784.6	103470.07469578783	1648.5954951085184	mdhim	0.3325243928449233	0.047344743807529725	7669.999999999999	7670	0.8222164694045874	0.7975068727378258	0.6689017588060238	0.795756643190482	0.6584804822741182	0.6386915486594574	0.5356968257417137	0.11866617002634616	0.17778353059541258	0.14512599624045153	0.20424335680951794	0.14337576669310773	0.20249312726217414	"<b>Belgique</b>
1999
Branches marchandes hors imm. des ménages (-LmOPQ)
Part des salaires dans la VAN : 79.8%"
BE	1999-01-01	115873.00658804986	141811	97488.2688706016	94214.54304317046	78519.5	94754.1575975039	675.3981141706561	mdhimfi	0.33011077412543904	0.04279639802272038	6069	6069	0.8413371823274646	0.8177414256141001	0.6776340953950687	0.8130844777172368	0.6874520937769397	0.6681721276734802	0.5536911805149107	0.10628651210573138	0.15866281767253546	0.13453921671595911	0.1869155222827632	0.12988226881909587	0.18225857438589993	"<b>Belgique</b>
1999
NA
Part des salaires dans la VAN : 81.8%"
BE	1999-01-01	174079.2274970992	216177.3	145300.0852403069	141445.28	122964.4	141445.28	1983.4954951085183	tb	0.2665124600157172	0.03548013598097488	7669.999999999999	7670.000000000001	0.83467790689	0.8125339366085882	0.7063703221112297	0.8125339366085882	0.6721338699313336	0.6543021862147413	0.5688127291810935	0.12126169538030648	0.16532209311000004	0.14340566566171828	0.18746606339141184	0.14340566566171828	0.18746606339141184	"<b>Belgique</b>
1999
Toutes branches (marchandes et non marchandes)
Part des salaires dans la VAN : 81.3%"
DE	1999-01-01	1248795.7795920842	1530437	923627.9725531633	994473.9461172342	826437	996997.122455525	-10941.078735736804	md	0.16503786303044624	0.03506514805901844	53665.00000000001	53665.00000000001	0.739614905533124	0.798366825663994	0.6617871500734519	0.7963463381034779	0.6035060394862143	0.6514460395661664	0.5400006664763071	0.21741169491108192	0.260385094466876	0.16068026234072802	0.2036536618965221	0.15865977478021193	0.201633174336006	"<b>Allemagne</b>
1999
Branches marchandes
Part des salaires dans la VAN : 79.8%"
DE	1999-01-01	1161790.4488894795	1435622	861222.077491435	927292.8695116609	770582	934782.5776597344	-11267.772078483158	mdhfi	0.13117148626322997	0.02746266078396681	39426	39426	0.7412886534870822	0.8046051493651587	0.6632710750347243	0.7981584548212048	0.5998947337749317	0.6511341966476791	0.5367582831692465	0.22477579467765693	0.2587113465129179	0.16790599334353426	0.20184154517879518	0.16145929879958038	0.19539485063484133	"<b>Allemagne</b>
1999
Branches marchandes hors services financiers (-KOPQ)
Part des salaires dans la VAN : 80.5%"
DE	1999-01-01	1127798.1693898553	1332146	911400.4920336828	980925.2837678437	816022	983378.4419944875	-12811.088166368705	mdhi	0.24799249537078843	0.040284623457188626	53665	53665	0.8081237554470896	0.871945414245973	0.7235532226847576	0.8697702393847024	0.6841596131607818	0.7381911907512296	0.6125619864489328	0.1442923758638585	0.19187624455291044	0.08264589192624561	0.1302297606152975	0.08047071706497501	0.12805458575402692	"<b>Allemagne</b>
1999
Branches marchandes hors services immobiliers (-LOPQ)
Part des salaires dans la VAN : 87.2%"
DE	1999-01-01	1040792.8386872504	1237331	848994.5969719543	913744.2071622702	760167	921163.8971986971	-13137.781509115062	mdhifi	0.20555975720842987	0.031863745432709596	39426	39426	0.8157190993385286	0.8850597957231902	0.7303730115579935	0.8779309130477624	0.6861499444950093	0.744476536350174	0.614360264149205	0.14640016346334858	0.18428090066147143	0.08418834975411477	0.12206908695223762	0.07705946707868695	0.1149402042768098	"<b>Allemagne</b>
1999
Branches marchandes hors services immobilier et financiers (-KLOPQ)
Part des salaires dans la VAN : 88.5%"
DE	1999-01-01	1204991.8023768943	1458651	923627.9725531633	994473.9461172342	826437	996997.1224555249	-11618.066077508956	mdhim	0.190731694381684	0.036790843046074766	53665	53665	0.7665014572972781	0.8273891328463051	0.6858444998296421	0.8252951963288006	0.6332069648964442	0.683506282486712	0.566576240649751	0.1889629700173777	0.23349854270272183	0.13016923098585534	0.17470480367119945	0.12807529446835073	0.17261086715369486	"<b>Allemagne</b>
1999
Branches marchandes hors imm. des ménages (-LmOPQ)
Part des salaires dans la VAN : 82.7%"
DE	1999-01-01	1040792.8386872504	1237331	848994.5969719543	913744.2071622702	760167	921163.8971986971	-13137.781509115062	mdhimfi	0.20555975720842987	0.031863745432709596	39426	39426	0.8157190993385286	0.8850597957231902	0.7303730115579935	0.8779309130477624	0.6861499444950093	0.744476536350174	0.614360264149205	0.14640016346334858	0.18428090066147143	0.08418834975411477	0.12206908695223762	0.07705946707868695	0.1149402042768098	"<b>Allemagne</b>
1999
NA
Part des salaires dans la VAN : 88.5%"
DE	1999-01-01	1538941.4875370173	1864003	1201211.664390378	1281669.16	1090835	1281669.16	-17617.434478470026	tb	0.15889920380735556	0.0287901897153599	53665	53665	0.7805440779381706	0.8328251401235753	0.7088216211168726	0.8328251401235753	0.6444258214125074	0.6875896444372674	0.5852109680080987	0.1845845507753956	0.21945592206182934	0.13230348858999091	0.16717485987642466	0.13230348858999091	0.16717485987642466	"<b>Allemagne</b>
1999
Toutes branches (marchandes et non marchandes)
Part des salaires dans la VAN : 83.3%"
ES	1999-01-01	391679	453611	268839.57095943915	298709.6376702588	220029	299575.2462512592	1605.9999999999995	md	0.12377947470741987	0.03351991023145382	15205	15205	0.6863772909945112	0.764848884548978	0.5617584807967749	0.7626388896781773	0.5926654577588267	0.6604232398492523	0.4850609883799114	0.2748026548284714	0.3136227090054888	0.19854105614480527	0.23736111032182267	0.19633106127400454	0.23515111545102194	"<b>Espagne</b>
1999
Branches marchandes
Part des salaires dans la VAN : 76.5%"
ES	1999-01-01	370989	430493	253797.633956201	283216.7254578455	205724	284754.13350122323	1548.9999999999998	mdhfi	0.10441042214173805	0.028423226393925104	12236	12236	0.6841109411766952	0.7675541148153266	0.554528570927979	0.7634100349547979	0.5895511284880381	0.6614605429152698	0.4778800119862576	0.28290694884160716	0.31588905882330476	0.20360785506350462	0.2365899650452022	0.19946377520297576	0.23244588518467332	"<b>Espagne</b>
1999
Branches marchandes hors services financiers (-KOPQ)
Part des salaires dans la VAN : 76.8%"
ES	1999-01-01	376369	421426	266926.48698997346	296468.49230721005	218652	297446.1962440639	-574.0000000000001	mdhi	0.1389313858190281	0.0360798811653766	15205	15205	0.7092148582640266	0.7903047175619243	0.5809511410344635	0.7877069904992442	0.6333887491278978	0.7058088400907013	0.5188384200310375	0.250385959019012	0.2907851417359733	0.1718938267837945	0.21229300950075577	0.16929609972111437	0.20969528243807564	"<b>Espagne</b>
1999
Branches marchandes hors services immobiliers (-LOPQ)
Part des salaires dans la VAN : 79%"
ES	1999-01-01	355679	398308	251884.54998673536	280975.5800947967	204347	282625.08349402796	-631.0000000000001	mdhifi	0.11788684268220771	0.03071994536891049	12236	12236	0.7081794257933006	0.7946071696502407	0.5745264690915123	0.7899695514629672	0.6323863693090156	0.7095641651536699	0.5130376492563544	0.2574187680837627	0.2918205742066994	0.17562864241409606	0.21003044853703276	0.1709910242268226	0.2053928303497593	"<b>Espagne</b>
1999
Branches marchandes hors services immobilier et financiers (-KLOPQ)
Part des salaires dans la VAN : 79.5%"
ES	1999-01-01	377710.99999999994	427773	268839.57095943915	298709.6376702588	220029	299575.2462512592	-426.0000000000001	mdhim	0.13966014898486612	0.03554455283526543	15205	15205	0.7117599724642364	0.7931334969096987	0.5825326770996874	0.7908417749820865	0.6284631591041023	0.7003135921417648	0.5143592512851443	0.24798438234671694	0.2882400275357636	0.16890257982886686	0.20915822501791353	0.1666108579012546	0.20686650309030127	"<b>Espagne</b>
1999
Branches marchandes hors imm. des ménages (-LmOPQ)
Part des salaires dans la VAN : 79.3%"
ES	1999-01-01	355679	398308	251884.54998673536	280975.5800947967	204347	282625.08349402796	-631.0000000000001	mdhimfi	0.11788684268220771	0.03071994536891049	12236	12236	0.7081794257933006	0.7946071696502407	0.5745264690915123	0.7899695514629672	0.6323863693090156	0.7095641651536699	0.5130376492563544	0.2574187680837627	0.2918205742066994	0.17562864241409606	0.21003044853703276	0.1709910242268226	0.2053928303497593	"<b>Espagne</b>
1999
NA
Part des salaires dans la VAN : 79.5%"
ES	1999-01-01	467842.00000000006	540843	341243.14057433547	372364.4	290388	372364.4	1557.9999999999998	tb	0.12010376767199836	0.028113519080398563	15205	15205	0.7293982596140052	0.7959191350926167	0.6206967309476276	0.7959191350926167	0.6309467638008358	0.6884888960382218	0.5369173678867989	0.23810145182703685	0.27060174038599477	0.17158057634842538	0.2040808649073833	0.17158057634842538	0.2040808649073833	"<b>Espagne</b>
1999
Toutes branches (marchandes et non marchandes)
Part des salaires dans la VAN : 79.6%"
FR	1999-01-01	772462.1102665782	980205.2999999999	560544.4327844728	576774.8785536016	506556.9	573057.173820717	40031.045272205556	md	0.16577191868746502	0.03583943078047017	35130	35130	0.7256594534986679	0.7418579710310372	0.6557692516791358	0.7466707698511652	0.5718643153474816	0.584629744218601	0.5167865344127399	0.22886258773403859	0.2743405465013321	0.20785127138154127	0.2533292301488348	0.21266407020166922	0.25814202896896277	"<b>France</b>
1999
Branches marchandes
Part des salaires dans la VAN : 74.2%"
FR	1999-01-01	735763.1729321098	934178.2	528840.4792717904	544733.1475316355	475976.5	542100.7377046788	36342.46722194177	mdhfi	0.13789207696493289	0.030543423085659674	28532.999999999996	28533	0.7187645409925776	0.7367869956637519	0.6469153628648919	0.7403647906986219	0.5661023552805989	0.5802969259020161	0.5095136024368798	0.24245531744870272	0.2812354590074224	0.22085506774265828	0.259635209301378	0.22443286277752827	0.263213004336248	"<b>France</b>
1999
Branches marchandes hors services financiers (-KOPQ)
Part des salaires dans la VAN : 73.7%"
FR	1999-01-01	684647.4913163838	834970.7000000001	549630.6366471339	565582.2162035236	496570.69999999995	560937.9367658122	26776.119746993012	mdhi	0.2601897376891038	0.04207333263310916	35130	35130	0.8027936180564239	0.819309124593865	0.7252939743417955	0.8260925854209568	0.6582633817535559	0.6718055337340726	0.5947163175905453	0.1458953051550598	0.19720638194357606	0.12259633779052695	0.1739074145790432	0.12937979861761872	0.180690875406135	"<b>France</b>
1999
Branches marchandes hors services immobiliers (-LOPQ)
Part des salaires dans la VAN : 81.9%"
FR	1999-01-01	647948.5539819153	788943.6	517926.6831344513	533540.4851815574	465990.3	529981.500649774	23087.541696729226	mdhifi	0.21944769609932516	0.036166083355007886	28533	28533	0.7993330333891091	0.8179376238943904	0.7191779303098901	0.8234303200504539	0.6564812530762038	0.6717609479939681	0.590650966685071	0.15663106310489072	0.20066696661089095	0.1325337764435459	0.1765696799495461	0.1380264725996094	0.18206237610560963	"<b>France</b>
1999
Branches marchandes hors services immobilier et financiers (-KLOPQ)
Part des salaires dans la VAN : 81.8%"
FR	1999-01-01	715394.7551624582	885822.9	560544.4327844729	576774.8785536018	506556.9	577133.5400590098	31417.17720708319	mdhim	0.22686423547926926	0.03965803999874015	35130	35130	0.783545628115738	0.8067343741260016	0.7080802540759005	0.8062330264395392	0.6327951476355747	0.6515224883653491	0.5718489553611675	0.16734861629059342	0.21645437188426192	0.1446612179667923	0.19376697356046083	0.14415987028032995	0.19326562587399845	"<b>France</b>
1999
Branches marchandes hors imm. des ménages (-LmOPQ)
Part des salaires dans la VAN : 80.7%"
FR	1999-01-01	647948.5539819153	788943.6	517926.6831344513	533540.4851815574	465990.3	534639.9570902938	23087.541696729226	mdhimfi	0.21944769609932516	0.036166083355007886	28533	28533	0.7993330333891091	0.825127170675368	0.7191779303098901	0.8234303200504539	0.6564812530762038	0.6776656241210319	0.590650966685071	0.15663106310489072	0.20066696661089095	0.1325337764435459	0.1765696799495461	0.1308369258186318	0.17487282932463202	"<b>France</b>
1999
NA
Part des salaires dans la VAN : 82.5%"
FR	1999-01-01	993398.8139490262	1242851.2999999998	772317.9518621576	791257.74	709318.3	792191.4088196	45652.20543965874	tb	0.15890113539631703	0.028265650122424144	35130	35130	0.777450044249587	0.7974555613474382	0.7140317564707672	0.7965156882506621	0.6214081699573857	0.6373983829116163	0.5707185565964329	0.18718651509927234	0.2225499557504131	0.16812087109819718	0.20348431174933793	0.16718099800142103	0.20254443865256178	"<b>France</b>
1999
Toutes branches (marchandes et non marchandes)
Part des salaires dans la VAN : 79.7%"
IT	1999-01-01	700313.2896822888	879906.1000000001	459630.60872842657	473103.3445848122	312309	475209.38152650464	22206.90679417126	md	0.12685166992074787	0.03469802061833643	30530.999999999996	30530.999999999996	0.656321414287236	0.6785668479061606	0.44595612363958603	0.6755595696312504	0.5223632484516547	0.5400682885668193	0.3549344640297413	0.300082383199099	0.343678585712764	0.2808442278550846	0.32444043036874964	0.2778369495801744	0.3214331520938394	"<b>Italie</b>
1999
Branches marchandes
Part des salaires dans la VAN : 67.9%"
IT	1999-01-01	656565.9896822888	829133.6	426464.6931582511	439467.59712213656	284280.60000000003	444466.6066274934	19230.30679417126	mdhfi	0.10420627941787855	0.028919344240783393	23978	23978	0.6495382031052456	0.6769564881704732	0.43298100186024396	0.6693426160176134	0.5143497901402755	0.5360615064055942	0.34286464810978595	0.31394147696224783	0.3504617968947544	0.29413706404988005	0.33065738398238664	0.2865231918970202	0.3230435118295268	"<b>Italie</b>
1999
Branches marchandes hors services financiers (-KOPQ)
Part des salaires dans la VAN : 67.7%"
IT	1999-01-01	637721.3479880568	772554.9	455964.4287284266	469217.5006648235	311044.80000000005	471528.4948018616	17417.51125559837	mdhi	0.16797709888770762	0.03951952152526636	30531.000000000004	30531	0.7149900660640356	0.7393958133744212	0.487744060915184	0.7357719827714015	0.5902032706393119	0.6103494972355512	0.4026183770240795	0.23713479207922392	0.2850099339359644	0.21635287537185796	0.26422801722859846	0.2127290447688383	0.2606041866255788	"<b>Italie</b>
1999
Branches marchandes hors services immobiliers (-LOPQ)
Part des salaires dans la VAN : 73.9%"
IT	1999-01-01	593974.0479880569	721782.3999999999	422798.5131582512	435581.753202148	283016.4	440785.7199028503	14440.911255598368	mdhifi	0.14007842898718292	0.03322053848916239	23977.999999999996	23978.000000000004	0.7118131079806915	0.7420959238806898	0.4764794033656007	0.733334654397066	0.5857700508605519	0.6106905902704892	0.39210764906431644	0.24781812493054484	0.2881868920193085	0.22629657851417032	0.266665345602934	0.21753530903054652	0.25790407611931015	"<b>Italie</b>
1999
Branches marchandes hors services immobilier et financiers (-KLOPQ)
Part des salaires dans la VAN : 74.2%"
IT	1999-01-01	659728.4520063594	810299.2000000001	459630.60872842657	473103.3445848122	312309	475209.38152650464	19101.445687878186	mdhim	0.15258035518950055	0.037678674741379474	30531	30530.999999999996	0.696696659558342	0.7203105763913967	0.4733902244934398	0.7171182979088065	0.5672356689089987	0.586461620012095	0.3854242975927904	0.25702520902690773	0.3033033404416579	0.2366035706764433	0.28288170209119345	0.23341129219385306	0.2796894236086032	"<b>Italie</b>
1999
Branches marchandes hors imm. des ménages (-LmOPQ)
Part des salaires dans la VAN : 72%"
IT	1999-01-01	593974.0479880569	721782.3999999999	422798.5131582512	435581.753202148	283016.4	440785.7199028503	14440.911255598368	mdhimfi	0.14007842898718292	0.03322053848916239	23977.999999999996	23978.000000000004	0.7118131079806915	0.7420959238806898	0.4764794033656007	0.733334654397066	0.5857700508605519	0.6106905902704892	0.39210764906431644	0.24781812493054484	0.2881868920193085	0.22629657851417032	0.266665345602934	0.21753530903054652	0.25790407611931015	"<b>Italie</b>
1999
NA
Part des salaires dans la VAN : 74.2%"
IT	1999-01-01	843391.2062284119	1051351.6	596796.9809265276	611268.1599999999	438557.6	611268.1599999999	29021.402819441082	tb	0.12381068519598748	0.029039761769516493	30531	30531	0.7076158448406916	0.7247741682457771	0.5199930907048459	0.7247741682457771	0.5676473797410186	0.5814117370440106	0.4171369501886904	0.2561838725685845	0.2923841551593084	0.23902554916349897	0.2752258317542228	0.23902554916349897	0.2752258317542228	"<b>Italie</b>
1999
Toutes branches (marchandes et non marchandes)
Part des salaires dans la VAN : 72.5%"
NL	1999-01-01	257754.74817750813	306566	187505.33763784732	183879.47106545727	154903	184030.9525423729	-1688.887112573726	md	0.2296531725471457	0.05262488338563311	16133	16133.000000000002	0.7274563862106544	0.7139769639302093	0.6009705004282709	0.7133892677655927	0.6116312234163193	0.6002979865424506	0.5052843433387917	0.20995310822515836	0.2725436137893456	0.22402022667022004	0.28661073223440725	0.2234325305056035	0.28602303606979074	"<b>Pays-Bas</b>
1999
Branches marchandes
Part des salaires dans la VAN : 71.4%"
NL	1999-01-01	232307.65145829215	278342	174666.2938131461	171100.3769599065	142603	171447.4061016949	-1759.0362391182507	mdhfi	0.23262810849371388	0.04817454785839004	13409	13409	0.7518749069033793	0.7380187653116371	0.6138540814511335	0.7365249309949026	0.62752403091573	0.6159595249789644	0.512330154989186	0.19040422201972718	0.2481250930966207	0.20575419792820385	0.2634750690050974	0.20426036361146932	0.2619812346883629	"<b>Pays-Bas</b>
1999
Branches marchandes hors services financiers (-KOPQ)
Part des salaires dans la VAN : 73.8%"
NL	1999-01-01	241393.34677162598	276421	184770.88936198523	181181.8847851145	152500	181421.73694915255	-2734.4015527076826	mdhi	0.2849222859277234	0.0583638724988333	16133	16133	0.7654348880492994	0.7515606348537414	0.6317489775071351	0.7505670193823714	0.6684401306774277	0.6563240019721821	0.551694697580864	0.16773228405481466	0.23456511195070062	0.18260015272174263	0.24943298061762859	0.1816065372503727	0.2484393651462587	"<b>Pays-Bas</b>
1999
Branches marchandes hors services immobiliers (-LOPQ)
Part des salaires dans la VAN : 75.2%"
NL	1999-01-01	215946.25005240995	248197	171931.84553728404	168402.79067956374	140200	168838.19050847457	-2804.5506792522074	mdhifi	0.304650265014761	0.05402563286421673	13409	13409	0.7961788894021375	0.7818528474909738	0.6492356313942641	0.7798366058159961	0.6927233026075418	0.6802587884159541	0.5648738703529858	0.14172695523862075	0.20382111059786245	0.1580692388247622	0.2201633941840039	0.1560529971497845	0.2181471525090262	"<b>Pays-Bas</b>
1999
Branches marchandes hors services immobilier et financiers (-KLOPQ)
Part des salaires dans la VAN : 78.2%"
NL	1999-01-01	253368.34677162598	293902	187505.33763784732	183879.47106545727	154903	184030.9525423729	-2165.4015527076826	mdhim	0.24494781231800708	0.05489244714224469	16133	16133	0.7400503655133196	0.7263375827614708	0.611374711852314	0.7257397121953729	0.6379859192446711	0.6261643423398714	0.527056637926928	0.19627554020630245	0.2599496344866804	0.2105861935242492	0.27426028780462713	0.20998832295815137	0.2736624172385293	"<b>Pays-Bas</b>
1999
Branches marchandes hors imm. des ménages (-LmOPQ)
Part des salaires dans la VAN : 72.6%"
NL	1999-01-01	215946.25005240995	248197	171931.84553728404	168402.79067956374	140200	168838.19050847457	-2804.5506792522074	mdhimfi	0.304650265014761	0.05402563286421673	13409	13409	0.7961788894021375	0.7818528474909738	0.6492356313942641	0.7798366058159961	0.6927233026075418	0.6802587884159541	0.5648738703529858	0.14172695523862075	0.20382111059786245	0.1580692388247622	0.2201633941840039	0.1560529971497845	0.2181471525090262	"<b>Pays-Bas</b>
1999
NA
Part des salaires dans la VAN : 78.2%"
NL	1999-01-01	314534.1233563555	376456	247419.18665316456	243232.47999999998	209774	243232.48	-1693.8869694958344	tb	0.2403786815943307	0.04285494187899781	16133	16133	0.7866211271864063	0.7733103086065692	0.6669355863889331	0.7733103086065691	0.6572326823139081	0.6461113118133328	0.557233780308987	0.16208714068657765	0.21337887281359366	0.17539795926641483	0.22668969139343087	0.17539795926641474	0.22668969139343076	"<b>Pays-Bas</b>
1999
Toutes branches (marchandes et non marchandes)
Part des salaires dans la VAN : 77.3%"
BE	2000-01-01	143475.16503136972	183743.4	110977.66050536567	107622.32759550094	90718.40000000001	107863.38948867682	2822.9985746890707	md	0.24820367340962132	0.04389817539024531	8066	8066	0.7734973539225501	0.7517913603033204	0.6322934006046631	0.7501111957039406	0.6039817512104689	0.5870327287329876	0.49372331196657954	0.17028385728402748	0.22650264607744988	0.193670015502637	0.2498888042960594	0.1919898509032572	0.2482086396966796	"<b>Belgique</b>
2000
Branches marchandes
Part des salaires dans la VAN : 75.2%"
BE	2000-01-01	132172.64465405906	169548.3	102123.47010170993	98897.46803635899	82645.1	99445.94318473153	2484.5009592979522	mdhfi	0.1950469551098471	0.034568320649631994	5861	5861	0.7726520897648823	0.7523942903996172	0.6252814280618387	0.7482446030735591	0.6023267122212959	0.5865345932971993	0.48744281128150513	0.18300439259317114	0.2273479102351177	0.2074118792844944	0.25175539692644094	0.2032621919584362	0.24760570960038275	"<b>Belgique</b>
2000
Branches marchandes hors services financiers (-KOPQ)
Part des salaires dans la VAN : 75.2%"
BE	2000-01-01	133892.56503136974	164364.3	110411.84658131504	107075.06538540013	90264.6	107303.90676541804	960.9985746890707	mdhi	0.3435158944202242	0.049073916902879766	8066.000000000001	8066	0.8246301544484311	0.8014179632773318	0.6741569255832233	0.7997088214742429	0.6717507791005409	0.6528419295760579	0.5491739994633872	0.11512751620258511	0.17536984555156887	0.1400488491767733	0.20029117852575704	0.13833970737368442	0.19858203672266816	"<b>Belgique</b>
2000
Branches marchandes hors services immobiliers (-LOPQ)
Part des salaires dans la VAN : 80.1%"
BE	2000-01-01	122590.04465405906	150169.19999999998	101557.65617765929	98350.20582625816	82191.3	98886.46046147273	622.5009592979525	mdhifi	0.2786654500308687	0.03902930827360072	5861	5861	0.8284331445040927	0.8066434818628522	0.6704565630262912	0.8022691084239009	0.6762881881082092	0.6585002814257034	0.5473246178310867	0.12375710049875929	0.17156685549590733	0.14992113657895115	0.19773089157609916	0.1455467631399998	0.19335651813714785	"<b>Belgique</b>
2000
Branches marchandes hors services immobilier et financiers (-KLOPQ)
Part des salaires dans la VAN : 80.7%"
BE	2000-01-01	137743.55520170784	171915.19999999998	110977.66050536567	107622.32759550094	90718.40000000001	107863.38948867684	1569.2985746890706	mdhim	0.30135364767396694	0.04691848073934126	8066.000000000001	8066	0.8056831431630544	0.7830739473126324	0.6586035903251843	0.781323869838424	0.6455372212891337	0.6274220632537254	0.5276927229238603	0.13575876322459202	0.1943168568369456	0.16011803654922246	0.21867613016157605	0.15836795907501403	0.21692605268736762	"<b>Belgique</b>
2000
Branches marchandes hors imm. des ménages (-LmOPQ)
Part des salaires dans la VAN : 78.3%"
BE	2000-01-01	122590.04465405906	150169.19999999998	101557.65617765929	98350.20582625816	82191.3	98886.46046147273	622.5009592979525	mdhimfi	0.2786654500308687	0.03902930827360072	5861	5861	0.8284331445040927	0.8066434818628522	0.6704565630262912	0.8022691084239009	0.6762881881082092	0.6585002814257034	0.5473246178310867	0.12375710049875929	0.17156685549590733	0.14992113657895115	0.19773089157609916	0.1455467631399998	0.19335651813714785	"<b>Belgique</b>
2000
NA
Part des salaires dans la VAN : 80.7%"
BE	2000-01-01	184050.56503136968	228625	151365.87274275554	147589.40000000002	128563.80000000002	147589.40000000002	1960.498574689071	tb	0.24678219176044766	0.03528048113723346	8066	8066.000000000001	0.8224146050133379	0.8018959353634411	0.6985243429059157	0.8018959353634411	0.66207052047132	0.645552323674139	0.5623348277747404	0.13376048198720888	0.17758539498666218	0.15427915163710565	0.19810406463655897	0.15427915163710565	0.19810406463655897	"<b>Belgique</b>
2000
Toutes branches (marchandes et non marchandes)
Part des salaires dans la VAN : 80.2%"
DE	2000-01-01	1280358.4975051763	1575400	963544.71164103935	1034524.3768500516	864600	1036957.7464440567	-11239.574304107928	md	0.18276982436879075	0.03675510981338073	57904	57904.00000000001	0.7525585322536932	0.8098964067209343	0.6752796202662797	0.807995869020949	0.6116190882576104	0.658218704103121	0.5488129998730481	0.20221663414475854	0.24744146774630685	0.14677929737750267	0.19200413097905097	0.14487875967751732	0.19010359327906562	"<b>Allemagne</b>
2000
Branches marchandes
Part des salaires dans la VAN : 81%"
DE	2000-01-01	1207426.723540679	1494258	896612.4428424223	962608.3670786798	804615	970514.1507999003	-11570.664072352505	mdhfi	0.15383463041847345	0.03199849022056432	47814	47814	0.7425812476745425	0.8037872045385477	0.6663882654845779	0.7972395743038636	0.6000385762314288	0.6494957034192892	0.5384712680139574	0.21781883369868626	0.2574187523254576	0.16316050706936505	0.20276042569613636	0.156612876834681	0.19621279546145232	"<b>Allemagne</b>
2000
Branches marchandes hors services financiers (-KOPQ)
Part des salaires dans la VAN : 80.4%"
DE	2000-01-01	1153999.497505176	1368712	950802.378307706	1020476.1965601112	853678	1022854.647096935	-13256.574304107928	mdhi	0.28496466991605324	0.042305466745378134	57904	57904	0.8239192307823698	0.8863562326571525	0.7397559546997731	0.884295182767646	0.6946694252024574	0.7473118136590714	0.6237090052545751	0.12590397093896347	0.1760807692176302	0.06552801895368736	0.1157048172323541	0.06346696906418076	0.1136437673428475	"<b>Allemagne</b>
2000
Branches marchandes hors services immobiliers (-LOPQ)
Part des salaires dans la VAN : 88.6%"
DE	2000-01-01	1081067.723540679	1287570	883870.1095090889	948560.1867887394	793693	956411.0514527785	-13587.664072352503	mdhifi	0.24246743671219273	0.037135068384631514	47814	47814	0.8175899532124271	0.8846911535943105	0.7341750962654973	0.8774290140510761	0.6864637336293087	0.7428031496949902	0.6164270680429025	0.13818155031243892	0.1824100467875729	0.07834248947378993	0.12257098594892386	0.07108034993055556	0.1153088464056895	"<b>Allemagne</b>
2000
Branches marchandes hors services immobilier et financiers (-KLOPQ)
Part des salaires dans la VAN : 88.5%"
DE	2000-01-01	1234340.2429040382	1500127	963544.71164103935	1034524.3768500516	864600	1036957.7464440569	-11974.138676495295	mdhim	0.2138292302311413	0.0385993985842532	57904	57904	0.7806151644007839	0.8400906900713222	0.7004551662075373	0.8381192971689242	0.6423087589524349	0.6912466387472906	0.5763512022648749	0.1724739450786502	0.21938483559921604	0.11496981231051	0.16188070283107586	0.11299841940811196	0.15990930992867783	"<b>Allemagne</b>
2000
Branches marchandes hors imm. des ménages (-LmOPQ)
Part des salaires dans la VAN : 84%"
DE	2000-01-01	1081067.723540679	1287570	883870.1095090889	948560.1867887394	793693	956411.0514527785	-13587.664072352503	mdhimfi	0.24246743671219273	0.037135068384631514	47814	47814	0.8175899532124271	0.8846911535943105	0.7341750962654973	0.8774290140510761	0.6864637336293087	0.7428031496949902	0.6164270680429025	0.13818155031243892	0.1824100467875729	0.07834248947378993	0.12257098594892386	0.07108034993055556	0.1153088464056895	"<b>Allemagne</b>
2000
NA
Part des salaires dans la VAN : 88.5%"
DE	2000-01-01	1574706.5474164588	1915347	1247255.1809743727	1328049.48	1134629	1328049.48	-17571.511433900214	tb	0.1768323663729192	0.03023159772093516	57904	57904	0.79205562650430394	0.8433631537119494	0.720533614254369	0.8433631537119494	0.6511901921554542	0.6933727831040537	0.5923882199935573	0.171173077856518	0.20794437349569608	0.11986555064887261	0.1566368462880507	0.11986555064887261	0.1566368462880507	"<b>Allemagne</b>
2000
Toutes branches (marchandes et non marchandes)
Part des salaires dans la VAN : 84.3%"
ES	2000-01-01	425847.99999999994	494990	292629.67190702696	325115.79077843635	240878	326069.37101683597	2142	md	0.134568570681121	0.03621689327057112	17927	17927	0.6871692996257515	0.7656942641901242	0.5656431402754035	0.7634550139449672	0.5911829974484878	0.6587393099190609	0.48663205317279135	0.2707335201597119	0.31283070037424854	0.19444780584049615	0.2365449860550328	0.19220855559533914	0.2343057358098758	"<b>Espagne</b>
2000
Branches marchandes
Part des salaires dans la VAN : 76.6%"
ES	2000-01-01	403153.99999999994	469607	276601.42190702696	308473.46311456786	225828	310337.0743945731	2122	mdhfi	0.11497197622723034	0.030983354166356124	14550	14550	0.686093705896573	0.7697730256789543	0.5601531920804458	0.7651504465156439	0.5890061730490112	0.660844225905008	0.4808872099436337	0.2778158671201898	0.31390629410342696	0.1987591265011189	0.2348495534843561	0.1941365473378085	0.23022697432104566	"<b>Espagne</b>
2000
Branches marchandes hors services financiers (-KOPQ)
Part des salaires dans la VAN : 77%"
ES	2000-01-01	408073	458326	290081.7351807546	321966.5276560453	239288	323127.1270324417	-277.00000000000006	mdhi	0.15193497609728102	0.039114080370740476	17927	17927	0.7108574573195351	0.79183657588824	0.5863852791044739	0.7889924784439188	0.6329157306824282	0.7050159210527915	0.5220912625511099	0.24521167736960148	0.28914254268046496	0.1670766562452177	0.2110075215560812	0.1642325588008966	0.2081634241117601	"<b>Espagne</b>
2000
Branches marchandes hors services immobiliers (-LOPQ)
Part des salaires dans la VAN : 79.2%"
ES	2000-01-01	385379	432943	274053.4851807546	305324.1999921768	224238	307394.8304101789	-297.00000000000006	mdhifi	0.13069780116107463	0.033607195404475876	14550	14550	0.7111271895478337	0.797642918815449	0.5818635680719499	0.7922699472264363	0.6330013077489522	0.7100122427436844	0.517938851072774	0.2511177693108482	0.28887281045216623	0.1699750116322457	0.2077300527735637	0.16460204004323295	0.20235708118455098	"<b>Espagne</b>
2000
Branches marchandes hors services immobilier et financiers (-KLOPQ)
Part des salaires dans la VAN : 79.8%"
ES	2000-01-01	409468	465308	292629.67190702696	325115.79077843635	240878	326069.37101683597	-97.00000000000004	mdhim	0.1534342393682213	0.03852716910089661	17927	17927	0.7146582197071003	0.7963244283236687	0.5882706340910645	0.7939956010687925	0.6288945642607197	0.7007602942928898	0.5176743146475024	0.2415605812736845	0.28534178029289964	0.16222319991199227	0.20600439893120745	0.15989437265711615	0.20367557167633132	"<b>Espagne</b>
2000
Branches marchandes hors imm. des ménages (-LmOPQ)
Part des salaires dans la VAN : 79.6%"
ES	2000-01-01	385379	432943	274053.4851807546	305324.1999921768	224238	307394.8304101789	-297.00000000000006	mdhimfi	0.13069780116107463	0.033607195404475876	14550	14550	0.7111271895478337	0.797642918815449	0.5818635680719499	0.7922699472264363	0.6330013077489522	0.7100122427436844	0.517938851072774	0.2511177693108482	0.28887281045216623	0.1699750116322457	0.2077300527735637	0.16460204004323295	0.20235708118455098	"<b>Espagne</b>
2000
NA
Part des salaires dans la VAN : 79.8%"
ES	2000-01-01	507421	588595	370125.9768732675	404000.2	316163	404000.2	2081.9999999999995	tb	0.13057283207893253	0.03045727537610751	17927	17927	0.7294258157886006	0.7961834453047864	0.623078272282779	0.7961834453047864	0.628829631364975	0.686380618251939	0.5371486336105471	0.23524454669147019	0.2705741842113994	0.1684869171752844	0.20381655469521362	0.1684869171752844	0.20381655469521362	"<b>Espagne</b>
2000
Toutes branches (marchandes et non marchandes)
Part des salaires dans la VAN : 79.6%"
FR	2000-01-01	826627.5501732718	1050155	593146.7607114627	612062.5025571948	537686.4	608436.4407510058	42740.831848912334	md	0.16801810585969756	0.03735543800677043	39229	39229	0.717550196079397	0.7360466519939599	0.6504578753603046	0.7404332246474227	0.5648182989286941	0.5793777497140953	0.5120067037723003	0.23499312286542037	0.2824498039206031	0.21211009429739464	0.25956677535257733	0.21649666695085742	0.26395334800604014	"<b>France</b>
2000
Branches marchandes
Part des salaires dans la VAN : 73.6%"
FR	2000-01-01	784034.2414294146	997773.6	559761.2268417194	578278.2830130139	505469.8	575813.528855011	39262.671433005664	mdhfi	0.13574526590266964	0.03051193176488133	30443.999999999996	30444	0.7139499747118044	0.7344239555216551	0.6447037301310349	0.7375676372995189	0.5610102600847721	0.5770983806897787	0.5065976890950011	0.24722008854398406	0.2860500252881955	0.22360242595626964	0.2624323627004811	0.22674610773413342	0.2655760444783449	"<b>France</b>
2000
Branches marchandes hors services financiers (-KOPQ)
Part des salaires dans la VAN : 73.4%"
FR	2000-01-01	729623.5363112657	892013.7	581597.0666930579	600177.8138100102	527118.9	595391.8841987755	28326.320474287113	mdhi	0.26501341348733143	0.04397802410433831	39229	39229	0.7971193879427458	0.8160261485106131	0.7224532567369443	0.8225855992040908	0.6520046347865037	0.6674694393132925	0.5909313948877691	0.14911452852556217	0.20288061205725416	0.12364831726421717	0.17741440079590914	0.13020776795769504	0.183973851489387	"<b>France</b>
2000
Branches marchandes hors services immobiliers (-LOPQ)
Part des salaires dans la VAN : 81.6%"
FR	2000-01-01	687030.2275674085	839632.3	548211.5328233144	566393.5942658291	494902.30000000005	562768.9723027807	24848.16005838044	mdhifi	0.2193076376068953	0.03625872896981214	30444	30443.999999999996	0.7979438324924739	0.8191327684305771	0.7203501099978055	0.8244085508017287	0.6529185845081406	0.6702564590509211	0.5894274195978406	0.1577437067475474	0.20205616750752609	0.13127898843829267	0.17559144919827133	0.1365547708094442	0.18086723156942286	"<b>France</b>
2000
Branches marchandes hors services immobilier et financiers (-KLOPQ)
Part des salaires dans la VAN : 81.9%"
FR	2000-01-01	757477.9796001951	952001.8	593146.7607114629	612062.5025571951	537686.4	612342.8523953742	42736.520474287114	mdhim	0.23871909589231347	0.041206854860988705	39229	39229	0.7830547906152098	0.8083969024664919	0.7098376645665615	0.8080267929111923	0.6230521420353017	0.6432160657630839	0.5647955707646771	0.1651562451422844	0.21694520938479017	0.140184242846302	0.19197320708880775	0.1398141332910024	0.19160309753350813	"<b>France</b>
2000
Branches marchandes hors imm. des ménages (-LmOPQ)
Part des salaires dans la VAN : 80.8%"
FR	2000-01-01	687030.2275674085	839632.3	548211.5328233144	566393.5942658291	494902.30000000005	567506.7316439014	24848.16005838044	mdhimfi	0.2193076376068953	0.03625872896981214	30444	30443.999999999996	0.7979438324924739	0.8260287668175708	0.7203501099978055	0.8244085508017287	0.6529185845081406	0.6758991187498401	0.5894274195978406	0.1577437067475474	0.20205616750752609	0.13127898843829267	0.17559144919827133	0.12965877242245055	0.1739712331824292	"<b>France</b>
2000
NA
Part des salaires dans la VAN : 82.6%"
FR	2000-01-01	1056486.0304871688	1320964.6	813346.3517295909	835410.76	748654.2000000001	836653.3054130265	46813.0513403814	tb	0.1613434721986008	0.029697237912355862	39229	39229	0.7698600154273115	0.7919208406638631	0.7086266911213007	0.7907447291231801	0.615721535406468	0.6333654250939249	0.5667481172470481	0.19300840036999847	0.23013998457268847	0.17212368667413	0.20925527087681997	0.17094757513344688	0.20807915933613685	"<b>France</b>
2000
Toutes branches (marchandes et non marchandes)
Part des salaires dans la VAN : 79.2%"
IT	2000-01-01	745251.7811045626	935188.5	478537.0476843251	492857.4355842052	325221.6	495334.62494873756	22033.069647290347	md	0.10469612848872042	0.02985922089503881	27924	27924	0.6421145978008523	0.6646540639119112	0.4363915769754729	0.6613301008871455	0.511701167929594	0.5296628700510513	0.3477604782351365	0.32041618614626827	0.3578854021991476	0.3012006830599752	0.33866989911285456	0.2978767200352095	0.3353459360880888	"<b>Italie</b>
2000
Branches marchandes
Part des salaires dans la VAN : 66.5%"
IT	2000-01-01	696718.3811045625	879257.2	444364.30616125674	458159.87702974956	296667.6	463844.16163427697	18906.66964729035	mdhfi	0.07839778297396109	0.02250081091175597	19784	19784	0.6377961572605146	0.6657555968293937	0.42580705209710334	0.6575969422586392	0.5053860305735987	0.5275409307245673	0.33740707497191946	0.33380786448406047	0.36220384273948536	0.3140070794859359	0.34240305774136087	0.30584842491518144	0.3342444031706064	"<b>Italie</b>
2000
Branches marchandes hors services financiers (-KOPQ)
Part des salaires dans la VAN : 66.6%"
IT	2000-01-01	677239.3811045624	820274.7	474499.28701486904	488568.41986639064	323873.8	491348.9850221882	17197.769647290348	mdhi	0.1377329931969266	0.03404225438136761	27924	27924.000000000004	0.7006374706694865	0.7255174443943424	0.4782264721105985	0.7214117097997851	0.5784638816909373	0.59900541248217	0.39483577879459164	0.2581304321148192	0.2993625293305135	0.23735619298452057	0.2785882902002149	0.23325045838996325	0.2744825556056576	"<b>Italie</b>
2000
Branches marchandes hors services immobiliers (-LOPQ)
Part des salaires dans la VAN : 72.6%"
IT	2000-01-01	628705.9811045625	764343.4	440326.54549180064	453870.86131193495	295319.8	459858.52170772763	14071.369647290347	mdhifi	0.10502207916509822	0.025883653865526934	19784	19784	0.7003695824846435	0.7314365307926771	0.46972640451289777	0.7219127461051622	0.5760847094274649	0.6016386374340743	0.3863705763665912	0.26816260808678727	0.29963041751535646	0.2466194444662686	0.2780872538948378	0.2370956597787537	0.2685634692073229	"<b>Italie</b>
2000
Branches marchandes hors services immobilier et financiers (-KLOPQ)
Part des salaires dans la VAN : 73.1%"
IT	2000-01-01	701115.1403449671	860615.2	478537.0476843251	492857.4355842052	325221.6	495334.62494873756	18895.202154526207	mdhim	0.125457090885287	0.032446556835156994	27924.000000000004	27924	0.6825370330026994	0.7064954048845955	0.4638633247029616	0.7029621915477483	0.5560406644971239	0.5755587688304106	0.37789432489688773	0.2776349866940074	0.3174629669973006	0.25720982814895854	0.29703780845225175	0.2536766148121113	0.2935045951154045	"<b>Italie</b>
2000
Branches marchandes hors imm. des ménages (-LmOPQ)
Part des salaires dans la VAN : 70.6%"
IT	2000-01-01	628705.9811045625	764343.4	440326.54549180064	453870.86131193495	295319.8	459858.52170772763	14071.369647290347	mdhimfi	0.10502207916509822	0.025883653865526934	19784	19784	0.7003695824846435	0.7314365307926771	0.46972640451289777	0.7219127461051622	0.5760847094274649	0.6016386374340743	0.3863705763665912	0.26816260808678727	0.29963041751535646	0.2466194444662686	0.2780872538948378	0.2370956597787537	0.2685634692073229	"<b>Italie</b>
2000
NA
Part des salaires dans la VAN : 73.1%"
IT	2000-01-01	896369.2811045625	1116358.7999999998	622450.7425361708	637886.7	457191.89999999997	637886.7	29159.56964729035	tb	0.10194271678704932	0.025013463413375705	27924	27924	0.6944132911038048	0.7116338248606154	0.5100486034468065	0.7116338248606154	0.557572298920536	0.5713993565509584	0.40953849246317586	0.2744343695773039	0.3055867088961952	0.2572138358204933	0.28836617513938456	0.2572138358204933	0.28836617513938456	"<b>Italie</b>
2000
Toutes branches (marchandes et non marchandes)
Part des salaires dans la VAN : 71.2%"
NL	2000-01-01	278340.58039256546	332040	202543.71397381165	199642.35870185844	168675	199713.45497630333	-1442.5955217895166	md	0.2302733717720222	0.05256595590892663	17454	17454	0.7276830194438354	0.7175146889994691	0.6060021853877882	0.7172592599335936	0.6099979339049864	0.60147408437629	0.5079960245753523	0.20960963125272034	0.27231698055616455	0.2200333907629621	0.2827407400664063	0.2197779616970867	0.2824853110005309	"<b>Pays-Bas</b>
2000
Branches marchandes
Part des salaires dans la VAN : 71.8%"
NL	2000-01-01	251662.00580544036	302251	188395.21204330973	185547.5259092032	155153	185854.3857819905	-1513.8802875461733	mdhfi	0.22496793584187275	0.047090001356488484	14233	14233	0.7486041106616541	0.7385079252911715	0.6165134045698921	0.7372885919563472	0.6233071587631132	0.6149008135026535	0.5133250179486586	0.1948398750347663	0.25139588933834583	0.2061553937400733	0.26271140804365284	0.204936060405249	0.2614920747088285	"<b>Pays-Bas</b>
2000
Branches marchandes hors services financiers (-KOPQ)
Part des salaires dans la VAN : 73.9%"
NL	2000-01-01	261056.29961316905	299509	199565.091022992	196690.0025326931	166003	196844.83127962085	-2567.3534970799465	mdhi	0.2838454536863373	0.05827537736762501	17454	17454	0.7644523090180387	0.7540321056082684	0.6358896538638669	0.7534390199514305	0.666307493340741	0.6572250960058658	0.5542504565806036	0.16868854977041728	0.23554769098196127	0.17970183883702553	0.2465609800485695	0.1791087531801876	0.24596789439173156	"<b>Pays-Bas</b>
2000
Branches marchandes hors services immobiliers (-LOPQ)
Part des salaires dans la VAN : 75.4%"
NL	2000-01-01	234377.72502604398	269720	185416.58909249006	182595.16974003782	152481	182985.76208530806	-2638.638262836603	mdhifi	0.2906999547419789	0.05276953878095803	14233	14233	0.7911015821656543	0.7807301741877337	0.6505780358737434	0.7790636662240318	0.6874410095376319	0.6784286003459442	0.5653307133323446	0.1481716572242304	0.2088984178343457	0.16020957316585296	0.22093633377596825	0.15854306520215103	0.21926982581226634	"<b>Pays-Bas</b>
2000
Branches marchandes hors services immobilier et financiers (-KLOPQ)
Part des salaires dans la VAN : 78.1%"
NL	2000-01-01	273253.29961316905	317823	202543.71397381165	199642.35870185844	168675	199713.45497630333	-1958.3534970799465	mdhim	0.24684064886225265	0.05491735966245363	17454	17454	0.7412306247007542	0.7308729858304643	0.6172844032946161	0.7306128013256641	0.6372846331883207	0.628379491025833	0.5307199290170944	0.19489457479470018	0.25876937529924576	0.20551239816979033	0.2693871986743359	0.20525221366499005	0.26912701416953566	"<b>Pays-Bas</b>
2000
Branches marchandes hors imm. des ménages (-LmOPQ)
Part des salaires dans la VAN : 73.1%"
NL	2000-01-01	234377.72502604398	269720	185416.58909249006	182595.16974003782	152481	182985.76208530806	-2638.638262836603	mdhimfi	0.2906999547419789	0.05276953878095803	14233	14233	0.7911015821656543	0.7807301741877337	0.6505780358737434	0.7790636662240318	0.6874410095376319	0.6784286003459442	0.5653307133323446	0.1481716572242304	0.2088984178343457	0.16020957316585296	0.22093633377596825	0.15854306520215103	0.21926982581226634	"<b>Pays-Bas</b>
2000
NA
Part des salaires dans la VAN : 78.1%"
NL	2000-01-01	338584.7002027671	406234	265762.5182633559	262430.8	226870	262430.8	-1485.601318187662	tb	0.23967971756904927	0.04296538448283502	17454	17454	0.7849218175074053	0.7750816851524565	0.6700539033929622	0.7750816851524565	0.6542104261665835	0.6460089505063584	0.5584712259436679	0.16352830445750516	0.2150781824925947	0.173368436812454	0.22491831484754354	0.173368436812454	0.22491831484754354	"<b>Pays-Bas</b>
2000
Toutes branches (marchandes et non marchandes)
Part des salaires dans la VAN : 77.5%"
BE	2001-01-01	147420.47816995348	189835.5	116987.0056374868	113078.18352781197	95831	113284.55313317053	2948.5969773915763	md	0.266942919225969	0.042794946150746305	8124	8124	0.7935600744871991	0.7684451613470592	0.6500521582186253	0.7670452906647742	0.6162546290735231	0.5967511510395607	0.5048107440389179	0.1513322491516222	0.20643992551280085	0.17784703297404714	0.23295470933522577	0.17644716229176208	0.23155483865294074	"<b>Belgique</b>
2001
Branches marchandes
Part des salaires dans la VAN : 76.8%"
BE	2001-01-01	136615.67816995346	176111.3	107942.03061856174	104173.43811486737	87545	104661.3537192932	2592.696977391576	mdhfi	0.22435234263342835	0.03652803653144347	6433	6433	0.7901145173416996	0.7661006051522999	0.6408122491701995	0.7625291585148295	0.6129193902864936	0.5942909609962178	0.4971004132046042	0.16279718293916295	0.20988548265830045	0.19038254176603303	0.23747084148517053	0.18681109512856256	0.23389939484770006	"<b>Belgique</b>
2001
Branches marchandes hors services financiers (-KOPQ)
Part des salaires dans la VAN : 76.6%"
BE	2001-01-01	137508.87816995347	169568	116383.98650168433	112495.87972761925	95340.1	112690.54256859647	997.5969773915758	mdhi	0.38457001946205166	0.047909983015663335	8123.999999999999	8124	0.846374343610309	0.8195146674770855	0.6933377776681796	0.8180990291301808	0.6863558366064607	0.6645743452101603	0.5622529014908474	0.09454583472203705	0.15362565638969097	0.12282114920216529	0.1819009708698192	0.12140551085526065	0.18048533252291457	"<b>Belgique</b>
2001
Branches marchandes hors services immobiliers (-LOPQ)
Part des salaires dans la VAN : 82%"
BE	2001-01-01	126704.07816995347	155843.8	107339.01148275928	103591.13431467465	87054.1	104067.34315471916	641.696977391576	mdhifi	0.3321961191207278	0.041278510919266605	6433	6433	0.847163035579494	0.821341701528575	0.6870662827697678	0.8175832681227793	0.6887602296835632	0.6677669766440446	0.5585984171330526	0.10206511798182118	0.15283696442050604	0.1316448854385359	0.18241673187722074	0.12788645203274016	0.178658298471425	"<b>Belgique</b>
2001
Branches marchandes hors services immobilier et financiers (-KLOPQ)
Part des salaires dans la VAN : 82.1%"
BE	2001-01-01	141455.36417513416	177376.6	116987.0056374868	113078.18352781197	95831	113284.55313317053	1621.4969773915761	mdhim	0.33202063748985444	0.04580085535521596	8124	8124	0.8270241734533772	0.8008501748503104	0.6774645879201358	0.7993912722023836	0.6595402417088093	0.6386668429385304	0.540268558535906	0.11554428234627859	0.17297582654662277	0.14317718359727227	0.20060872779761646	0.14171828094934544	0.1991498251496896	"<b>Belgique</b>
2001
Branches marchandes hors imm. des ménages (-LmOPQ)
Part des salaires dans la VAN : 80.1%"
BE	2001-01-01	126704.07816995347	155843.8	107339.01148275928	103591.13431467465	87054.1	104067.34315471916	641.696977391576	mdhimfi	0.3321961191207278	0.041278510919266605	6433	6433	0.847163035579494	0.821341701528575	0.6870662827697678	0.8175832681227793	0.6887602296835632	0.6677669766440446	0.5585984171330526	0.10206511798182118	0.15283696442050604	0.1316448854385359	0.18241673187722074	0.12788645203274016	0.178658298471425	"<b>Belgique</b>
2001
NA
Part des salaires dans la VAN : 82.1%"
BE	2001-01-01	189973.5781699535	236804.4	159504.55641021839	155108.12	135709.4	155108.12	2030.296977391576	tb	0.26663146798942816	0.03430679497509337	8123.999999999999	8124	0.8396144239991258	0.8164720667693995	0.7143593404267626	0.8164720667693995	0.6735709151106077	0.6550052279433997	0.5730864798120305	0.11762173442743115	0.16038557600087425	0.14076409165715742	0.18352793323060052	0.14076409165715742	0.18352793323060052	"<b>Belgique</b>
2001
Toutes branches (marchandes et non marchandes)
Part des salaires dans la VAN : 81.6%"
DE	2001-01-01	1325181.898233971	1631189	976557.6595261857	1040812.7709475599	875896	1043362.1228798411	-10857.156662612571	md	0.09564452581838043	0.020441530687124544	33344	33344	0.7369234826008519	0.7873350249277458	0.6609628468116562	0.7854112498326599	0.5986784238528985	0.6396328830563724	0.5369678191797517	0.23791468863855567	0.26307651739914806	0.18942692140674774	0.2145887501673402	0.18750314631166176	0.2126649750722542	"<b>Allemagne</b>
2001
Branches marchandes
Part des salaires dans la VAN : 78.7%"
DE	2001-01-01	1250112.2195913044	1547913	908230.5148233434	967972.5580339934	814639	975838.5882621648	-11200.379223954522	mdhfi	0.07993993132375767	0.01765603105600896	27330	27329.999999999996	0.7265191881095832	0.7806007916482833	0.6516526974404966	0.7743085323575589	0.5867451948677629	0.6304221156241758	0.5262821618527657	0.25161877456953147	0.2734808118904169	0.20382943032155565	0.22569146764244108	0.19753717103083127	0.21939920835171667	"<b>Allemagne</b>
2001
Branches marchandes hors services financiers (-KOPQ)
Part des salaires dans la VAN : 78.1%"
DE	2001-01-01	1191135.2807352724	1414109	963559.9101655718	1026632.3606099417	864751	1029177.385938431	-12980.166442462301	mdhi	0.14651849150691626	0.023579511904669302	33344	33344	0.8089424650160465	0.8640306458751965	0.7259889065381393	0.8618940075187889	0.6813901263379074	0.7277921192343949	0.61151650968914	0.16306407316707477	0.1910575349839535	0.11011253066433234	0.13810599248121108	0.1079758923079247	0.13596935412480346	"<b>Allemagne</b>
2001
Branches marchandes hors services immobiliers (-LOPQ)
Part des salaires dans la VAN : 86.4%"
DE	2001-01-01	1116065.6020926058	1330833	895232.7654627295	953792.147696375	803494	961653.8513207547	-13323.389003804254	mdhifi	0.12375876892713222	0.020536010153039488	27330	27330	0.8021327454086766	0.8616463490297243	0.71993438243546	0.8546022258082585	0.672686028572127	0.7225954355811396	0.6037526872267219	0.17337944675210978	0.19786725459132343	0.12090996635252789	0.14539777419174152	0.11386584313106211	0.13835365097027577	"<b>Allemagne</b>
2001
Branches marchandes hors services immobilier et financiers (-KLOPQ)
Part des salaires dans la VAN : 86.2%"
DE	2001-01-01	1276639.7080359326	1552577.9999999998	976557.6595261857	1040812.7709475599	875896	1043362.1228798411	-11625.96042990466	mdhim	0.11111627691690115	0.021476537732725832	33344	33344	0.7649438235229162	0.8172721844012033	0.6860949056234015	0.8152752608242269	0.6289910455553188	0.6720191339049254	0.5641558749383284	0.20893760928062816	0.2350561764770838	0.15860617197931748	0.1847247391757731	0.15660924840234103	0.18272781559879664	"<b>Allemagne</b>
2001
Branches marchandes hors imm. des ménages (-LmOPQ)
Part des salaires dans la VAN : 81.7%"
DE	2001-01-01	1116065.6020926058	1330833	895232.7654627295	953792.147696375	803494	961653.8513207547	-13323.389003804254	mdhimfi	0.12375876892713222	0.020536010153039488	27330	27330	0.8021327454086766	0.8616463490297243	0.71993438243546	0.8546022258082585	0.672686028572127	0.7225954355811396	0.6037526872267219	0.17337944675210978	0.19786725459132343	0.12090996635252789	0.14539777419174152	0.11386584313106211	0.13835365097027577	"<b>Allemagne</b>
2001
NA
Part des salaires dans la VAN : 86.2%"
DE	2001-01-01	1627325.6692105872	1980329	1267286.1051292445	1340679.1600000001	1152309	1340679.16	-17170.411476917936	tb	0.09261204413764564	0.01683760627653284	33344	33344	0.7787538346543768	0.8238542446456714	0.7080998117352767	0.8238542446456715	0.6399371544471876	0.6769981957543418	0.5818775567090115	0.2007561057153496	0.2212461653456233	0.1556556957240548	0.17614575535432853	0.15565569572405494	0.17614575535432866	"<b>Allemagne</b>
2001
Toutes branches (marchandes et non marchandes)
Part des salaires dans la VAN : 82.4%"
ES	2001-01-01	463393	538940	310837.77952674765	351717.5455715284	256737	352845.87154372624	2718.9999999999995	md	0.11820637762548246	0.03346012543140238	18033	18033	0.6707865235917411	0.7614397963364277	0.5540372858459235	0.7590048739871521	0.5767576715900613	0.6547034392394817	0.4763739933944409	0.29029834389654646	0.329213476408259	0.20207999350113537	0.2409951260128479	0.19964507115185978	0.2385602036635723	"<b>Espagne</b>
2001
Branches marchandes
Part des salaires dans la VAN : 76.1%"
ES	2001-01-01	436545	509153	293947.23460601957	334046.03085839195	240880	336228.16955133085	2671.9999999999995	mdhfi	0.10542240937973771	0.02952550608559706	15033	15033	0.6733492185365073	0.7702027730275937	0.5517873300576115	0.7652041160897317	0.5773259405444328	0.6603676489215047	0.47309944162167367	0.29221446905583714	0.32665078146349275	0.20035957150261266	0.23479588391026823	0.19536091456475083	0.2297972269724064	"<b>Espagne</b>
2001
Branches marchandes hors services financiers (-KOPQ)
Part des salaires dans la VAN : 77%"
ES	2001-01-01	444089	498954	308037.97512260254	348126.75221102376	254984	349513.2156045628	77.00000000000006	mdhi	0.13254585929250043	0.036141608244447385	18033	18033	0.6936401827620197	0.7870341656842722	0.5741731950127115	0.7839121261977301	0.6173674830196823	0.7004918601806234	0.5110370895914252	0.2657530920094789	0.30635981723798034	0.1754811485737684	0.2160878738022699	0.17235910908722626	0.21296583431572774	"<b>Espagne</b>
2001
Branches marchandes hors services immobiliers (-LOPQ)
Part des salaires dans la VAN : 78.7%"
ES	2001-01-01	417241	469167	291147.43020187446	330455.23749788734	239127	332895.5136121673	30.000000000000057	mdhifi	0.11922098822380613	0.03204189552973675	15033	15033.000000000002	0.6977919959972162	0.7978494769501735	0.5731148185341326	0.7920008759874685	0.6205624653947837	0.7095458836878282	0.5096841849490693	0.266178467116428	0.30220800400278386	0.17196958712617566	0.2079991240125315	0.16612098616347068	0.20215052304982653	"<b>Espagne</b>
2001
Branches marchandes hors services immobilier et financiers (-KLOPQ)
Part des salaires dans la VAN : 79.8%"
ES	2001-01-01	446098	507009	310837.77952674765	351717.5455715284	256737	352845.87154372624	293.00000000000006	mdhim	0.13332079407312528	0.035567415963030244	18033	18033	0.6967925871148215	0.7909604426465177	0.5755170388569327	0.7884311195556322	0.6130813842096445	0.6959361106878305	0.5063756264681692	0.2627835598304685	0.3032074128851785	0.17114502738965792	0.2115688804443679	0.16861570429877237	0.2090395573534823	"<b>Espagne</b>
2001
Branches marchandes hors imm. des ménages (-LmOPQ)
Part des salaires dans la VAN : 79.1%"
ES	2001-01-01	417241	469167	291147.43020187446	330455.23749788734	239127	332895.5136121673	30.000000000000057	mdhimfi	0.11922098822380613	0.03204189552973675	15033	15033.000000000002	0.6977919959972162	0.7978494769501735	0.5731148185341326	0.7920008759874685	0.6205624653947837	0.7095458836878282	0.5096841849490693	0.266178467116428	0.30220800400278386	0.17196958712617566	0.2079991240125315	0.16612098616347068	0.20215052304982653	"<b>Espagne</b>
2001
NA
Part des salaires dans la VAN : 79.8%"
ES	2001-01-01	550605	638972	393360.9406369299	436027.12	336896	436027.12	2673	tb	0.11468159797606432	0.02822189391710435	18033	18033	0.7144158528108715	0.7919054857838196	0.6118651301749893	0.7919054857838196	0.6156153018237573	0.6823884614662301	0.5272468903175725	0.2528329008328477	0.28558414718912856	0.17534326785989957	0.2080945142161804	0.17534326785989957	0.2080945142161804	"<b>Espagne</b>
2001
Toutes branches (marchandes et non marchandes)
Part des salaires dans la VAN : 79.2%"
FR	2001-01-01	862269.6423628817	1093946.9	620039.2907731961	641528.9238283663	563178	638013.9608109933	40873.971647907936	md	0.18206223832223456	0.04031365690601619	44101	44101	0.7190781865798956	0.7399239512394761	0.6531344400073283	0.7440003594123776	0.5667910305090642	0.5832220565833619	0.5148129219069043	0.229776559275299	0.2809218134201043	0.20485438644281698	0.2559996405876223	0.2089307946157186	0.2600760487605239	"<b>France</b>
2001
Branches marchandes
Part des salaires dans la VAN : 74%"
FR	2001-01-01	823866.2364374346	1045036.8999999999	586096.7439583814	607154.8001413913	530377.4	604778.9654207367	37243.9990131169	mdhfi	0.14882901768029594	0.03386196219482777	35387	35387	0.7113979406326725	0.7340742206355295	0.643766398649203	0.7369579833333775	0.5608383244250814	0.5787154170543994	0.5075202607678256	0.24564969837117775	0.2886020593673276	0.2200896556704727	0.2630420166666225	0.22297341836832063	0.2659257793644704	"<b>France</b>
2001
Branches marchandes hors services financiers (-KOPQ)
Part des salaires dans la VAN : 73.4%"
FR	2001-01-01	757780.7776781863	925831.6	607675.9941291076	628774.1677309561	551850.5	624685.321560106	26378.729787463577	mdhi	0.29380142962319783	0.04763393256397816	44101	44101	0.8019152926932318	0.824361530354623	0.7282455774226031	0.8297573470489685	0.6563569380534295	0.6747288832657106	0.596059261749113	0.13988713711354703	0.19808470730676822	0.11204508275781026	0.17024265295103147	0.11744089945215579	0.175638469645377	"<b>France</b>
2001
Branches marchandes hors services immobiliers (-LOPQ)
Part des salaires dans la VAN : 82.4%"
FR	2001-01-01	719377.3717527392	876921.5999999999	573733.4473142927	594400.0440439809	519049.9	591450.3261698494	22748.757152672537	mdhifi	0.24296928372700918	0.04035366445529453	35387	35387	0.7975416934736355	0.8221697670706547	0.7215265872699778	0.8262701432987041	0.6542585418289306	0.674462034199921	0.59190000565615	0.15326715680507044	0.20245830652636448	0.12453870698000193	0.17372985670129598	0.12863908320805123	0.17783023292934527	"<b>France</b>
2001
Branches marchandes hors services immobilier et financiers (-KLOPQ)
Part des salaires dans la VAN : 82.2%"
FR	2001-01-01	789944.2042023246	991752.7999999999	620039.2907731961	641528.9238283663	563178	641736.7785179621	40871.22978746358	mdhim	0.2595628290549444	0.04446773429830499	44101	44101	0.7849152984156694	0.8123824127122744	0.7129338971082012	0.8121192869263139	0.6251954022950036	0.6470733216159935	0.5678612654282398	0.15925670795466323	0.21508470158433055	0.13205271944401883	0.18788071307368615	0.13178959365805823	0.18761758728772554	"<b>France</b>
2001
Branches marchandes hors imm. des ménages (-LmOPQ)
Part des salaires dans la VAN : 81.2%"
FR	2001-01-01	719377.3717527392	876921.5999999999	573733.4473142927	594400.0440439809	519049.9	595464.7742309222	22748.757152672537	mdhimfi	0.24296928372700918	0.04035366445529453	35387	35387	0.7975416934736355	0.8277502151340846	0.7215265872699778	0.8262701432987041	0.6542585418289306	0.6790399212779368	0.59190000565615	0.15326715680507044	0.20245830652636448	0.12453870698000193	0.17372985670129598	0.12305863514462134	0.17224978486591538	"<b>France</b>
2001
NA
Part des salaires dans la VAN : 82.8%"
FR	2001-01-01	1100705.0470430066	1374847.4	847830.2039026951	872844.16	781643.6	874486.3202722744	45188.11378826362	tb	0.1743985263711261	0.0320770145108468	44101	44100.99999999999	0.7702610305824906	0.7944783415153238	0.7101299318103877	0.7929864247873266	0.6166722240611541	0.6360606422736621	0.5685311693501403	0.18967283170107455	0.2297389694175094	0.1669474374962385	0.20701357521267333	0.1654555207682413	0.20552165848467616	"<b>France</b>
2001
Toutes branches (marchandes et non marchandes)
Part des salaires dans la VAN : 79.4%"
IT	2001-01-01	786816.0425931816	985463.2999999999	499970.06072070287	514059.3150375534	341930.8	516999.5446191081	21807.031610682956	md	0.13615320579028514	0.03963110549119384	39055	39055	0.6354345026734658	0.6570780419209367	0.4345752774346941	0.6533411715187213	0.5073451854784474	0.5246258735552183	0.34697466663649473	0.3149287361449969	0.36456549732653415	0.29702206729974145	0.3466588284812787	0.2932851968975261	0.34292195807906334	"<b>Italie</b>
2001
Branches marchandes
Part des salaires dans la VAN : 65.7%"
IT	2001-01-01	734285.4557638995	924964.6	465100.7375672676	478667.4439989228	312922.9	484900.58841774066	18294.725805094065	mdhfi	0.11554147727390997	0.03362507062432443	31102	31101.999999999996	0.6334058967345461	0.6603706836509295	0.4261597414788188	0.651881962582182	0.5028308516534229	0.5242369150319274	0.33830797416463293	0.3242372790142591	0.36659410326545394	0.3057612131666231	0.34811803741781794	0.29727249209787565	0.3396293163490705	"<b>Italie</b>
2001
Branches marchandes hors services financiers (-KOPQ)
Part des salaires dans la VAN : 66%"
IT	2001-01-01	712443.4823726314	861963	495549.79662803875	509379.1006605892	340426.4	512666.1378495795	16707.527481539844	mdhi	0.1800651773975106	0.04530936942769005	39055	39055	0.6955636606818586	0.7195885014517379	0.4778293414465483	0.7149747499467854	0.5749084318329658	0.594765828521154	0.3949431704145074	0.2496179558725715	0.30443633931814135	0.23020686660764475	0.2850252500532146	0.22559311510269223	0.2804114985482621	"<b>Italie</b>
2001
Branches marchandes hors services immobiliers (-LOPQ)
Part des salaires dans la VAN : 72%"
IT	2001-01-01	659912.8955433494	801464.2999999999	460680.47347460355	473987.22962195874	311418.5	480567.181648212	13195.221675950954	mdhifi	0.15610912961379417	0.03880646960819091	31101.999999999996	31102	0.6980928492014014	0.7282282023789362	0.47190849292858383	0.7182572621674472	0.5747984950478813	0.5996114632282586	0.38856191099216775	0.2547766882632489	0.30190715079859864	0.23461227529720305	0.28174273783255277	0.22464133508571413	0.27177179762106385	"<b>Italie</b>
2001
Branches marchandes hors services immobilier et financiers (-KLOPQ)
Part des salaires dans la VAN : 72.8%"
IT	2001-01-01	739348.8198133804	906641	499970.06072070287	514059.3150375534	341930.8	516999.5446191081	18552.34604053813	mdhim	0.16315148490213172	0.043076587094561136	39055	39055	0.6762302817321068	0.6992633663087531	0.46247561480696897	0.6952865836281547	0.5514531779620632	0.5702362286937256	0.3771402352198941	0.2709462079661416	0.3237697182678932	0.25188990607009365	0.3047134163718453	0.24791312338949528	0.3007366336912469	"<b>Italie</b>
2001
Branches marchandes hors imm. des ménages (-LmOPQ)
Part des salaires dans la VAN : 69.9%"
IT	2001-01-01	659912.8955433494	801464.2999999999	460680.47347460355	473987.22962195874	311418.5	480567.181648212	13195.221675950954	mdhimfi	0.15610912961379417	0.03880646960819091	31101.999999999996	31102	0.6980928492014014	0.7282282023789362	0.47190849292858383	0.7182572621674472	0.5747984950478813	0.5996114632282586	0.38856191099216775	0.2547766882632489	0.30190715079859864	0.23461227529720305	0.28174273783255277	0.22464133508571413	0.27177179762106385	"<b>Italie</b>
2001
NA
Part des salaires dans la VAN : 72.8%"
IT	2001-01-01	946750.9425931817	1177111.7000000002	652265.0017123802	667512.1799999999	481237.29999999993	667512.1799999999	29264.131610682954	tb	0.13262093220201712	0.03317866944997658	39055	39055	0.6889509926716366	0.7050557332128577	0.5083040093753435	0.7050557332128577	0.5541232847421192	0.567076327590661	0.4088289157265193	0.26979739801596375	0.3110490073283634	0.2536926574747427	0.29494426678714225	0.2536926574747427	0.29494426678714225	"<b>Italie</b>
2001
Toutes branches (marchandes et non marchandes)
Part des salaires dans la VAN : 70.5%"
NL	2001-01-01	291836.26361055986	349939	210458.72238166793	209354.2267269402	176072	209540.19005559967	-1526.5645068966164	md	0.21711149947753924	0.05048879947648019	17668	17668	0.7211534295906215	0.7180060060500912	0.6033246102511743	0.7173687880211912	0.6014154534980894	0.5987906179522707	0.5031505490956996	0.21830577338362914	0.27884657040937855	0.22209041495305942	0.2826312119788088	0.22145319692415935	0.28199399394990876	"<b>Pays-Bas</b>
2001
Branches marchandes
Part des salaires dans la VAN : 71.8%"
NL	2001-01-01	263115.4943845904	317827	195927.44101284666	194840.04214485042	162073	195236.65693407465	-1596.6933559903048	mdhfi	0.19289143455747723	0.04077690064091471	12960	12959.999999999998	0.7446442539277585	0.7420188514200585	0.6159766469818813	0.740511472350073	0.6164593977630807	0.6142859383692217	0.509940942714118	0.20609980988987198	0.25535574607224154	0.21023259146755743	0.25948852764992697	0.20872521239757189	0.2579811485799414	"<b>Pays-Bas</b>
2001
Branches marchandes hors services financiers (-KOPQ)
Part des salaires dans la VAN : 74.2%"
NL	2001-01-01	281997.7823727066	323198	207419.03488166793	206324.16513829783	173332	206587.01687053218	-2738.8844725118056	mdhi	0.23690395178764526	0.054666179864974414	17668	17668	0.7355342766757273	0.7325838349944658	0.6146573158895028	0.7316517293231987	0.6417707872006261	0.6391964581171052	0.536302823656087	0.20181274835637447	0.2644657233242727	0.20569529570890313	0.26834827067680134	0.204763190037636	0.2674161650055342	"<b>Pays-Bas</b>
2001
Branches marchandes hors services immobiliers (-LOPQ)
Part des salaires dans la VAN : 73.3%"
NL	2001-01-01	253277.01314673718	291086	192887.75351284666	191809.9805562081	159333	192283.48374900717	-2809.013321605494	mdhifi	0.21460769810012428	0.04452292449654054	12960	12960	0.7615683362512502	0.7591825304636187	0.6290859088254082	0.757313023290756	0.6626486794722063	0.6605727645747551	0.54737431549439	0.18726239323744778	0.23843166374874983	0.19151770619794195	0.24268697670924402	0.1896481990250792	0.24081746953638125	"<b>Pays-Bas</b>
2001
Branches marchandes hors services immobilier et financiers (-KLOPQ)
Part des salaires dans la VAN : 75.9%"
NL	2001-01-01	293967.7823727067	342005	210458.72238166793	209354.2267269402	176072	209540.19005559967	-2083.8844725118056	mdhim	0.21156985843088078	0.051660063449364774	17668	17668	0.7159244481928911	0.7127998461747567	0.5989499889371119	0.7121672485235497	0.6153673846337566	0.6126816568634952	0.5148228827063932	0.22397372752760453	0.2840755518071089	0.22773092719694588	0.28783275147645027	0.22709832954573897	0.28720015382524333	"<b>Pays-Bas</b>
2001
Branches marchandes hors imm. des ménages (-LmOPQ)
Part des salaires dans la VAN : 71.3%"
NL	2001-01-01	253277.01314673718	291086	192887.75351284666	191809.9805562081	159333	192283.48374900717	-2809.013321605494	mdhimfi	0.21460769810012428	0.04452292449654054	12960	12960	0.7615683362512502	0.7591825304636187	0.6290859088254082	0.757313023290756	0.6626486794722063	0.6605727645747551	0.54737431549439	0.18726239323744778	0.23843166374874983	0.19151770619794195	0.24268697670924402	0.1896481990250792	0.24081746953638125	"<b>Pays-Bas</b>
2001
NA
Part des salaires dans la VAN : 75.9%"
NL	2001-01-01	357621.68218868366	430569	278826.0855477311	277553.72	239213	277553.72	-1612.5389161013675	tb	0.22422572774602711	0.041034073516672126	17668	17668	0.7796677311098283	0.7761098776263815	0.668899599532082	0.7761098776263815	0.6475758485811358	0.6446207692611404	0.5555741356205394	0.17092810555233962	0.22033226889017168	0.1744859590357864	0.2238901223736185	0.1744859590357864	0.2238901223736185	"<b>Pays-Bas</b>
2001
Toutes branches (marchandes et non marchandes)
Part des salaires dans la VAN : 77.6%"
BE	2002-01-01	151174.42122840104	195043	121036.80583121657	116074.59253584954	99392.8	116298.57346488682	2904.7847017062204	md	0.2700943619036447	0.04173438677624934	8139.999999999999	8140	0.8006434213387777	0.7693006033684612	0.6574710138948238	0.7678189973717768	0.620564725887197	0.596271455345164	0.5095942945914491	0.14551149075642564	0.19935657866122222	0.17833591472342658	0.23218100262822317	0.17685430872674227	0.23069939663153885	"<b>Belgique</b>
2002
Branches marchandes
Part des salaires dans la VAN : 76.9%"
BE	2002-01-01	139742.60019325613	180565.9	111840.91570114772	107049.20453370649	90940.59999999999	107532.49488102147	2521.7873472454125	mdhfi	0.2268321829024361	0.03505091492912006	6329	6329	0.8003351558256254	0.7695040362230995	0.650772204569217	0.7660456037433359	0.6193911236902855	0.595530467718553	0.5036421605629856	0.15437443172142643	0.19966484417437458	0.18866398380371605	0.23395439625666417	0.18520555132395244	0.23049596377690057	"<b>Belgique</b>
2002
Branches marchandes hors services financiers (-KOPQ)
Part des salaires dans la VAN : 77%"
BE	2002-01-01	141990.16646145398	174738.69999999998	120381.34643727719	115446.6585605173	98857.40000000001	115662.1864422519	670.7957042475416	mdhi	0.37669803306671307	0.04658384204529392	8140.000000000001	8140	0.8478146722220871	0.8145788495406171	0.6962270871542136	0.813060942441092	0.6889220672768951	0.661915113493759	0.5657441654310122	0.09485741414236012	0.1521853277779129	0.1296111439233552	0.18693905755890802	0.12809323682383006	0.18542115045938287	"<b>Belgique</b>
2002
Branches marchandes hors services immobiliers (-LOPQ)
Part des salaires dans la VAN : 81.5%"
BE	2002-01-01	130558.34542630907	160261.6	111185.45630720833	106421.27055837425	90405.2	106896.10785838653	287.79834978673415	mdhifi	0.3266936573626444	0.03949168110139921	6329	6329	0.8516150840006212	0.8187612021992252	0.6924505645717403	0.8151242282588631	0.6937747801544994	0.6670101125808461	0.5641101798559355	0.09990850509409292	0.14838491599937872	0.13639936083585108	0.1848757717411369	0.13276238689548897	0.18123879780077476	"<b>Belgique</b>
2002
Branches marchandes hors services immobilier et financiers (-KLOPQ)
Part des salaires dans la VAN : 81.9%"
BE	2002-01-01	145734.1769217483	182692.39999999997	121036.80583121657	116074.59253584954	99392.8	116298.57346488682	1399.5957042475416	mdhim	0.32958973528646723	0.0445557669612967	8140.000000000001	8139.999999999999	0.8305313714860932	0.7980185288131358	0.6820143503700493	0.7964816145918578	0.6625169182254795	0.636581343640386	0.5440445251143453	0.11361350810264759	0.16946862851390676	0.147663264996883	0.20351838540814218	0.146126350775605	0.2019814711868642	"<b>Belgique</b>
2002
Branches marchandes hors imm. des ménages (-LmOPQ)
Part des salaires dans la VAN : 79.8%"
BE	2002-01-01	130558.34542630907	160261.6	111185.45630720833	106421.27055837425	90405.2	106896.10785838653	287.79834978673415	mdhimfi	0.3266936573626444	0.03949168110139921	6329	6329	0.8516150840006212	0.8187612021992252	0.6924505645717403	0.8151242282588631	0.6937747801544994	0.6670101125808461	0.5641101798559355	0.09990850509409292	0.14838491599937872	0.13639936083585108	0.1848757717411369	0.13276238689548897	0.18123879780077476	"<b>Belgique</b>
2002
NA
Part des salaires dans la VAN : 81.9%"
BE	2002-01-01	196153.22122840106	244560.3	166391.01768774883	160795.47999999998	141984.59999999998	160795.47999999998	1948.1847017062203	tb	0.27350125433023004	0.033284224790368674	8139.999999999999	8140	0.8482706358107824	0.8197442743638124	0.7238453649184426	0.8197442743638124	0.6803680633682115	0.6574880714490454	0.5805709266794323	0.11023119276473829	0.1517293641892176	0.13875755421170835	0.18025572563618764	0.13875755421170835	0.18025572563618764	"<b>Belgique</b>
2002
Toutes branches (marchandes et non marchandes)
Part des salaires dans la VAN : 82%"
DE	2002-01-01	1331009.9701060527	1644423	977954.1798209813	1037894.9476996192	875366	1040522.3722304284	-9961.05669002105	md	0.0932458860777167	0.020019788095885303	32921	32921	0.7347459461502452	0.7817540030504214	0.6576705056012858	0.7797799948988522	0.5947096214422818	0.6327583427320272	0.5323241039562205	0.240520204562828	0.26525405384975476	0.19548615581422102	0.22022000510114778	0.19351214766265187	0.21824599694957864	"<b>Allemagne</b>
2002
Branches marchandes
Part des salaires dans la VAN : 78.2%"
DE	2002-01-01	1248367.8108573253	1553643	907759.4121789847	963402.8972634496	812526	971443.1315017233	-10304.260843185524	mdhfi	0.07858878437486452	0.017229183280843798	26768	26768	0.7271570159723797	0.7781706024882026	0.650870675239529	0.7717300052793142	0.5842779919061102	0.6252679228765703	0.5229811481788287	0.2514005855876791	0.27284298402762036	0.2068275962807445	0.22826999472068576	0.2003869990718562	0.22182939751179748	"<b>Allemagne</b>
2002
Branches marchandes hors services financiers (-KOPQ)
Part des salaires dans la VAN : 77.8%"
DE	2002-01-01	1193370.9701060525	1421029	964834.9075563503	1023702.1842146909	864084	1026304.2589463319	-12359.05669002105	mdhi	0.1440516635874057	0.02316701488850685	32921	32921	0.8084953729606875	0.8600043780645396	0.7240699008483595	0.8578239372822322	0.6789691889161659	0.7222261185002783	0.6080692230770801	0.16391806692961386	0.1915046270393125	0.11458950260806917	0.1421760627177678	0.11240906182576177	0.13999562193546042	"<b>Allemagne</b>
2002
Branches marchandes hors services immobiliers (-LOPQ)
Part des salaires dans la VAN : 86%"
DE	2002-01-01	1110728.8108573256	1330249	894640.1399143537	949210.1337785212	801244	957225.0182176267	-12702.260843185526	mdhifi	0.12387507352046405	0.02012254848528358	26768	26768	0.8054532584095104	0.8617990357869482	0.7213678011841189	0.8545831570226987	0.6725358484872785	0.7195833398240681	0.6023263313860788	0.17044724967280092	0.1945467415904895	0.12131735105961272	0.14541684297730134	0.11410147229536319	0.1382009642130518	"<b>Allemagne</b>
2002
Branches marchandes hors services immobilier et financiers (-KLOPQ)
Part des salaires dans la VAN : 86.2%"
DE	2002-01-01	1280435.2128833877	1562338	977954.1798209813	1037894.9476996192	875366	1040522.3722304284	-10842.189710603521	mdhim	0.10883657618693701	0.02107162470604952	32921	32921	0.7637670145127803	0.8126318003136573	0.6836472405572008	0.8105798225920414	0.6259555741593569	0.6660033694568195	0.5602923311088893	0.2105221961643723	0.23623298548721966	0.16370938808511118	0.18942017740795855	0.16165741036349532	0.1873681996863427	"<b>Allemagne</b>
2002
Branches marchandes hors imm. des ménages (-LmOPQ)
Part des salaires dans la VAN : 81.3%"
DE	2002-01-01	1110728.8108573256	1330249	894640.1399143537	949210.1337785212	801244	957225.0182176267	-12702.260843185526	mdhimfi	0.12387507352046405	0.02012254848528358	26768	26768	0.8054532584095104	0.8617990357869482	0.7213678011841189	0.8545831570226987	0.6725358484872785	0.7195833398240681	0.6023263313860788	0.17044724967280092	0.1945467415904895	0.12131735105961272	0.14541684297730134	0.11410147229536319	0.1382009642130518	"<b>Allemagne</b>
2002
NA
Part des salaires dans la VAN : 86.2%"
DE	2002-01-01	1645173.7825310612	2007169	1277907.9234810225	1346634.44	1160283	1346634.44	-15883.370936882802	tb	0.08963806242473146	0.016401708077396573	32921	32921	0.7767616631447841	0.8185362873508928	0.7052647035348034	0.8185362873508928	0.6366718116317174	0.6709123347361383	0.5780694101991412	0.2032276848805948	0.22323833685521588	0.16145306067448612	0.18146371264910718	0.16145306067448612	0.18146371264910718	"<b>Allemagne</b>
2002
Toutes branches (marchandes et non marchandes)
Part des salaires dans la VAN : 81.9%"
ES	2002-01-01	495157	576678	330011.8453769389	376560.7467809473	273418	377762.75105721137	2480	md	0.13043676666849044	0.03735360114309892	21541	21541	0.6664792083661119	0.7629150977512412	0.5521844586666451	0.760487576225212	0.5722636295765382	0.6550670409781739	0.47412594203350916	0.2900174179564484	0.3335207916338881	0.1960090500973483	0.23951242377478796	0.19358152857131905	0.23708490224875875	"<b>Espagne</b>
2002
Branches marchandes
Part des salaires dans la VAN : 76.3%"
ES	2002-01-01	466580	544917	312498.48356351256	358159.6010345192	256984	360496.2621336074	2451	mdhfi	0.11388776801942564	0.032203069458284474	17548	17548	0.6697639923775399	0.7726354797325377	0.5507822881392258	0.7676274187374496	0.5734790501370164	0.6615617830488082	0.4716020972001241	0.2926261657946921	0.3302360076224601	0.19476273943478245	0.23237258126255048	0.18975467843969435	0.22736452026746237	"<b>Espagne</b>
2002
Branches marchandes hors services financiers (-KOPQ)
Part des salaires dans la VAN : 77.3%"
ES	2002-01-01	471656	530552	326937.1347887036	372595.49786499876	271426	374068.9374169236	-263.0000000000001	mdhi	0.14884721469138884	0.040601109787542035	21541	21541	0.6931686118457172	0.7930969550200222	0.5754744983632138	0.7899729842618323	0.6162207187772425	0.7050561253504343	0.5115917007192509	0.2611603906476254	0.30683138815428285	0.16435601823151033	0.21002701573816773	0.16123204747332043	0.20690304497997783	"<b>Espagne</b>
2002
Branches marchandes hors services immobiliers (-LOPQ)
Part des salaires dans la VAN : 79.3%"
ES	2002-01-01	443079	498791	309423.7729752772	354194.3521185706	254992	356802.4484933196	-292.0000000000001	mdhifi	0.1312930320095455	0.03518106782199358	17548	17548	0.6983489918846915	0.8052795291433799	0.5755000801211522	0.7993932281118504	0.6203475463175503	0.7153345759913864	0.511220130275005	0.26204633265111366	0.30165100811530854	0.16100209642395466	0.20060677188814954	0.15511579539242523	0.19472047085662011	"<b>Espagne</b>
2002
Branches marchandes hors services immobilier et financiers (-KLOPQ)
Part des salaires dans la VAN : 80.5%"
ES	2002-01-01	475697	541159	330011.8453769389	376560.7467809473	273418	377762.75105721137	-9.00000000000012	mdhim	0.14785995220813106	0.03980530675827252	21541	21541	0.6937438019935775	0.7941247286764713	0.5747734377135025	0.7915979011449459	0.6098241836076622	0.6980624013593257	0.5052452236773296	0.26097317120574887	0.3062561980064224	0.1631190720543806	0.20840209885505412	0.16059224452285517	0.2058752713235287	"<b>Espagne</b>
2002
Branches marchandes hors imm. des ménages (-LmOPQ)
Part des salaires dans la VAN : 79.4%"
ES	2002-01-01	443079	498791	309423.7729752772	354194.3521185706	254992	356802.4484933196	-292.0000000000001	mdhimfi	0.1312930320095455	0.03518106782199358	17548	17548	0.6983489918846915	0.8052795291433799	0.5755000801211522	0.7993932281118504	0.6203475463175503	0.7153345759913864	0.511220130275005	0.26204633265111366	0.30165100811530854	0.16100209642395466	0.20060677188814954	0.15511579539242523	0.19472047085662011	"<b>Espagne</b>
2002
NA
Part des salaires dans la VAN : 80.5%"
ES	2002-01-01	588139.9999999999	683365	417648.6388083114	466174.68	358651	466174.68	2423	tb	0.12634657761797571	0.03152195386067475	21540.999999999996	21541.000000000004	0.7101177250455869	0.7926253613085321	0.6098054884891354	0.7926253613085321	0.6111648076918066	0.6821752357817564	0.5248308005238782	0.25325664160180994	0.28988227495441304	0.17074900533886475	0.20737463869146788	0.17074900533886475	0.20737463869146788	"<b>Espagne</b>
2002
Toutes branches (marchandes et non marchandes)
Part des salaires dans la VAN : 79.3%"
FR	2002-01-01	883264.0643264835	1124503.9	644244.453787871	665892.2225579538	584960.0999999999	661018.5522145826	41399.04995991093	md	0.1598111548835835	0.033968757244861494	38198	38198	0.729390541071234	0.7483815756940478	0.6622709149228778	0.7538993710399816	0.5729143792101309	0.5878312669387653	0.5201939272954055	0.22736304877493824	0.270609458928766	0.20285421880619064	0.24610062896001839	0.20837201415212442	0.25161842430595216	"<b>France</b>
2002
Branches marchandes
Part des salaires dans la VAN : 74.8%"
FR	2002-01-01	843563.3813182055	1073941.7999999998	609309.3053942678	630541.0394267275	551164.2999999999	626714.0812091404	37758.5315298329	mdhfi	0.12914609865667032	0.028170055397787854	30253	30253	0.7223041195104066	0.7429365653945259	0.653376275222753	0.7474732229858106	0.567357845084592	0.5835642873842329	0.5132161724220065	0.24183254091133347	0.2776958804895934	0.21666343743592936	0.25252677701418935	0.22120009502721413	0.2570634346054741	"<b>France</b>
2002
Branches marchandes hors services financiers (-KOPQ)
Part des salaires dans la VAN : 74.3%"
FR	2002-01-01	778830.7159689215	953118.5000000001	631359.8583319485	652621.6636604338	573132.4999999999	647081.9184364511	26306.7958921355	mdhi	0.25902066762255826	0.04007686347500337	38198	38198	0.8106509481286847	0.8308376970359144	0.7358884135520795	0.8379505973239967	0.6624148606201101	0.6789102492884683	0.6013234450910352	0.14030373404190885	0.1893490518713154	0.11300408484659676	0.1620494026760033	0.1201169851346791	0.16916230296408563	"<b>France</b>
2002
Branches marchandes hors services immobiliers (-LOPQ)
Part des salaires dans la VAN : 83.1%"
FR	2002-01-01	739130.0329606433	902556.4	596424.7099383454	617270.4805292077	539336.7	612777.447431009	22666.277462057467	mdhifi	0.21199629669926834	0.03351923491983437	30253	30253	0.8069279874196418	0.8290522913491702	0.7296912261021846	0.8351311041396633	0.6608171078708713	0.6789353523292384	0.5975656479750184	0.15214146091704775	0.19307201258035825	0.12393834419702623	0.16486889586033673	0.13001715698751928	0.17094770865082978	"<b>France</b>
2002
Branches marchandes hors services immobilier et financiers (-KLOPQ)
Part des salaires dans la VAN : 82.9%"
FR	2002-01-01	817801.3836232455	1017073.2	644244.453787871	665892.2225579537	584960.1	666028.4414213467	31938.667575653217	mdhim	0.22008916634001474	0.0375567854899726	38198	38198	0.7877761846446927	0.8144134440938787	0.7152838228377055	0.814246876922288	0.6334297804601193	0.654848089027758	0.5751406093484717	0.16551565275626048	0.21222381535530727	0.13904496047866516	0.18575312307771194	0.13887839330707447	0.18558655590612128	"<b>France</b>
2002
Branches marchandes hors imm. des ménages (-LmOPQ)
Part des salaires dans la VAN : 81.4%"
FR	2002-01-01	739130.0329606433	902556.4	596424.7099383454	617270.4805292077	539336.7	618197.1978972584	22666.277462057467	mdhimfi	0.21199629669926834	0.03351923491983437	30253	30253	0.8069279874196418	0.8363848989074644	0.7296912261021846	0.8351311041396633	0.6608171078708713	0.6849402407398124	0.5975656479750184	0.15214146091704775	0.19307201258035825	0.12393834419702623	0.16486889586033673	0.12268454942922513	0.16361510109253563	"<b>France</b>
2002
NA
Part des salaires dans la VAN : 83.6%"
FR	2002-01-01	1134566.8361504904	1419355.0999999999	882710.4603542776	907875.48	813793.7999999999	909909.8745771073	45568.274952261854	tb	0.1516658050813355	0.026912222318431805	38198	38198	0.7780153907452957	0.8019887816079401	0.7172726842264736	0.8001956791548401	0.6219095280344417	0.6410727481636607	0.5733546171779	0.18831713477642395	0.22198460925470437	0.1661368463668794	0.1998043208451598	0.16434374391377946	0.19801121839205987	"<b>France</b>
2002
Toutes branches (marchandes et non marchandes)
Part des salaires dans la VAN : 80.2%"
IT	2002-01-01	807508.9975514942	1018380	519159.6873184652	533312.3569797631	357715.60000000003	536716.560459583	23622.727121388303	md	0.11641435858775623	0.03296215558043167	33568	33568	0.6429150497302772	0.6646570652302323	0.44298651914053605	0.6604413803398571	0.5097897516825401	0.527029753588624	0.35125945128537484	0.31551513482273214	0.35708495026972276	0.2979888042131522	0.33955861966014284	0.2937731193227771	0.3353429347697677	"<b>Italie</b>
2002
Branches marchandes
Part des salaires dans la VAN : 66.5%"
IT	2002-01-01	757257.0975514943	959603.6000000001	484201.92700244626	497869.6923733643	328289.30000000005	504309.83874700323	19837.027121388302	mdhfi	0.09344997916974608	0.026591188278159855	25517	25517	0.6394155017735176	0.6659691145551919	0.43352422983090766	0.6574645440540208	0.5045853589987014	0.5255397528177294	0.34210928345829467	0.32688788437828425	0.3605844982264824	0.3088388420977811	0.34253545594597923	0.3003342715966099	0.3340308854448081	"<b>Italie</b>
2002
Branches marchandes hors services financiers (-KOPQ)
Part des salaires dans la VAN : 66.6%"
IT	2002-01-01	724500.0975514941	883252.7	514477.2585440425	528362.2818412306	356086.30000000005	532049.246056905	18146.427121388304	mdhi	0.1598302363620987	0.038004978643144824	33568	33568	0.7101134427486752	0.7343673905014062	0.49149241139293437	0.7292784136632597	0.5824802557003703	0.6023748877947445	0.40315336709415106	0.24355392028765058	0.2898865572513249	0.22438894937306594	0.27072158633674026	0.21929997253491945	0.26563260949859374	"<b>Italie</b>
2002
Branches marchandes hors services immobiliers (-LOPQ)
Part des salaires dans la VAN : 73.4%"
IT	2002-01-01	674248.1975514942	824476.3	479519.4982280235	492919.6172348318	326660	499642.5243443253	14360.727121388301	mdhifi	0.1310387225337176	0.030949343237640668	25517	25517	0.7111913683557178	0.7410364998508819	0.4844803459412319	0.7310655319878495	0.5816049512011728	0.6060119913020244	0.3962030200261669	0.25096351749690443	0.28880863164428217	0.23108935386477272	0.2689344680121505	0.22111838600174027	0.258963500149118	"<b>Italie</b>
2002
Branches marchandes hors services immobilier et financiers (-KLOPQ)
Part des salaires dans la VAN : 74.1%"
IT	2002-01-01	755154.9698667112	933154.7	519159.6873184652	533312.3569797631	357715.60000000003	536716.560459583	20168.803966037758	mdhim	0.14224013140236177	0.03597259918425102	33568	33568	0.6874876125228966	0.7107369770132298	0.47369826628187156	0.7062290235259864	0.5563490033522472	0.5751635398284797	0.38334008283942633	0.2680605844174944	0.31251238747710336	0.2493191734144046	0.29377097647401357	0.2448112199271612	0.2892630229867702	"<b>Italie</b>
2002
Branches marchandes hors imm. des ménages (-LmOPQ)
Part des salaires dans la VAN : 71.1%"
IT	2002-01-01	674248.1975514942	824476.3	479519.4982280235	492919.6172348318	326660	499642.5243443253	14360.727121388301	mdhimfi	0.1310387225337176	0.030949343237640668	25517	25517	0.7111913683557178	0.7410364998508819	0.4844803459412319	0.7310655319878495	0.5816049512011728	0.6060119913020244	0.3962030200261669	0.25096351749690443	0.28880863164428217	0.23108935386477272	0.2689344680121505	0.22111838600174027	0.258963500149118	"<b>Italie</b>
2002
NA
Part des salaires dans la VAN : 74.1%"
IT	2002-01-01	974583.2142614658	1218973.3	679064.099186351	694456.64	503476.4	694456.64	31435.023226793564	tb	0.1135899449058235	0.027537928845529264	33568	33568	0.6967738508619219	0.7125678236991345	0.5166068865464012	0.7125678236991345	0.5570787310816004	0.5697061945491341	0.4130331648773603	0.2687827075634788	0.3032261491380781	0.25298873472626615	0.2874321763008655	0.25298873472626615	0.2874321763008655	"<b>Italie</b>
2002
Toutes branches (marchandes et non marchandes)
Part des salaires dans la VAN : 71.3%"
NL	2002-01-01	298380.5135866075	360546	218114.559023504	215783.74414945155	182258	215991.39046714173	-1387.4619663303874	md	0.19435388372209023	0.043267710638864386	15600	15599.999999999998	0.7309946497568259	0.7238790089569584	0.610824070946235	0.7231830978359733	0.6049562580738769	0.5990674989242475	0.505505538821676	0.2167231156813921	0.2690053502431741	0.2245346676022447	0.2768169021640267	0.22383875648125956	0.27612099104304155	"<b>Pays-Bas</b>
2002
Branches marchandes
Part des salaires dans la VAN : 72.4%"
NL	2002-01-01	268116.7738297812	326731	201742.53612274065	199458.33050756995	166603	199969.39075217737	-1453.4853962034756	mdhfi	0.18141074633724594	0.03685294630751291	12041	12041	0.7524428003554173	0.7458294678688456	0.6213822343907917	0.7439233571943532	0.6174575908705958	0.6120306636106686	0.5099087628660887	0.2026476632959003	0.24755719964458267	0.21116710645696446	0.2560766428056468	0.209260995782472	0.25417053213115437	"<b>Pays-Bas</b>
2002
Branches marchandes hors services financiers (-KOPQ)
Part des salaires dans la VAN : 74.6%"
NL	2002-01-01	287950.0389505551	331634	214844.20081454876	212533.4954193331	179297	212816.30730007918	-2679.1492307586177	mdhi	0.2133892504040199	0.04703980894600674	15600	15600	0.7461162415450842	0.7390737229128231	0.6226670454828024	0.738091566835412	0.647835266632941	0.6417204125634862	0.5406472195251392	0.19970769354846607	0.2538837584549158	0.20773236825813832	0.26190843316458806	0.20675021218072714	0.26092627708717686	"<b>Pays-Bas</b>
2002
Branches marchandes hors services immobiliers (-LOPQ)
Part des salaires dans la VAN : 73.9%"
NL	2002-01-01	257686.29919372877	297819	198472.1779137854	196208.08177745147	163642	196794.30758511482	-2745.172660631706	mdhifi	0.20334676492241469	0.0404305971076392	12041	12041	0.7702084997719411	0.7636972093621659	0.6350434637464905	0.7614222501986497	0.6664187909897803	0.6607849317374473	0.5494679654420974	0.18306414205001484	0.22979150022805891	0.19185039162330614	0.23857774980135024	0.18957543245978994	0.23630279063783405	"<b>Pays-Bas</b>
2002
Branches marchandes hors services immobilier et financiers (-KLOPQ)
Part des salaires dans la VAN : 76.4%"
NL	2002-01-01	300011.0389505551	351212	218114.559023504	215783.74414945155	182258	215991.39046714173	-1975.1492307586182	mdhim	0.19048437752020148	0.04441761671013519	15600.000000000002	15600	0.7270217782201392	0.7199448101066019	0.6075043126331028	0.7192526811822245	0.6210339026670615	0.6149886406704262	0.5189401273305012	0.22098013512755252	0.2729782217798608	0.22874923216546714	0.2807473188177754	0.22805710324108983	0.2800551898933981	"<b>Pays-Bas</b>
2002
Branches marchandes hors imm. des ménages (-LmOPQ)
Part des salaires dans la VAN : 72%"
NL	2002-01-01	257686.29919372877	297819	198472.1779137854	196208.08177745147	163642	196794.30758511482	-2745.172660631706	mdhimfi	0.20334676492241469	0.0404305971076392	12041	12041	0.7702084997719411	0.7636972093621659	0.6350434637464905	0.7614222501986497	0.6664187909897803	0.6607849317374473	0.5494679654420974	0.18306414205001484	0.22979150022805891	0.19185039162330614	0.23857774980135024	0.18957543245978994	0.23630279063783405	"<b>Pays-Bas</b>
2002
NA
Part des salaires dans la VAN : 76.4%"
NL	2002-01-01	371282.399034478	449283	292413.1707124589	289727.72	251101	289727.72	-1477.4001406135922	tb	0.1977957732299089	0.03472199037132498	15600	15600	0.787576172403758	0.7803432663477681	0.6763073085419335	0.7803432663477681	0.6508440575593978	0.6448668656503806	0.558892724630133	0.17040729236438648	0.21242382759624207	0.17764019842037637	0.21965673365223193	0.17764019842037637	0.21965673365223193	"<b>Pays-Bas</b>
2002
Toutes branches (marchandes et non marchandes)
Part des salaires dans la VAN : 78%"
BE	2003-01-01	153757.32885585562	200239.6	122328.8370803877	117166.76161463905	100183.19999999998	117400.52467411815	3114.997182231942	md	0.2516506377876368	0.03949768177723088	7908.999999999999	7909	0.7955967887232778	0.7635442521519007	0.6515669903053513	0.7620239144794231	0.6109123124516215	0.5863002356882362	0.5003166206884152	0.15296501279309402	0.20440321127672226	0.18653788703694874	0.23797608552057695	0.18501754936447104	0.23645574784809928	"<b>Belgique</b>
2003
Branches marchandes
Part des salaires dans la VAN : 76.4%"
BE	2003-01-01	143318.90524723474	186575.2	113203.11822856459	108206.89547660697	91768.99999999999	108683.19296850049	2702.200203198681	mdhfi	0.21331004884638977	0.0344311569812065	6424	6424	0.7898687059692621	0.7583311690876697	0.6403132918277061	0.7550078287992976	0.6067425800886966	0.582516824146513	0.4918606545778859	0.1653081774368861	0.2101312940307379	0.20016905460685058	0.24499217120070235	0.19684571431847844	0.24166883091233024	"<b>Belgique</b>
2003
Branches marchandes hors services financiers (-KOPQ)
Part des salaires dans la VAN : 75.8%"
BE	2003-01-01	144844.72885585562	179554.8	121634.94850895915	116500.46903143056	99607.7	116724.90778051967	726.3971822319422	mdhi	0.3407615187128457	0.04404783386464745	7909	7909	0.839760959682599	0.8058623099545459	0.6876860537957586	0.8043127972393648	0.6774252122970768	0.650079573369911	0.5547481882968319	0.10563574158175455	0.16023904031740105	0.14108390402498877	0.19568720276063525	0.13953439130980766	0.19413769004545414	"<b>Belgique</b>
2003
Branches marchandes hors services immobiliers (-LOPQ)
Part des salaires dans la VAN : 80.6%"
BE	2003-01-01	134406.30524723473	165890.40000000002	112509.22965713602	107540.60289339848	91193.5	108007.57607490203	313.6002031986809	mdhifi	0.29337250874289195	0.03872436259120479	6424.000000000001	6424	0.8370829735270234	0.803590098516782	0.6784912347099595	0.8001157586735389	0.6782142285336343	0.6510779169554236	0.5497213823102481	0.11512164969966732	0.1629170264729766	0.15208886455315176	0.19988424132646104	0.14861452470990877	0.19640990148321805	"<b>Belgique</b>
2003
Branches marchandes hors services immobilier et financiers (-KLOPQ)
Part des salaires dans la VAN : 80.4%"
BE	2003-01-01	148552.25049686737	187775.9	122328.8370803877	117166.76161463905	100183.19999999998	117400.52467411815	1510.497182231942	mdhim	0.3016007059946559	0.042119356104803655	7909	7909.000000000001	0.823473469242173	0.7902978533239646	0.6743970533257766	0.7887242449895421	0.6514618600171146	0.6252161468757075	0.5335253352533524	0.123286004454479	0.17652653075782693	0.15803522870710995	0.2112757550104579	0.1564616203726874	0.20970214667603534	"<b>Belgique</b>
2003
Branches marchandes hors imm. des ménages (-LmOPQ)
Part des salaires dans la VAN : 79%"
BE	2003-01-01	134406.30524723473	165890.40000000002	112509.22965713602	107540.60289339848	91193.5	108007.57607490203	313.6002031986809	mdhimfi	0.29337250874289195	0.03872436259120479	6424.000000000001	6424	0.8370829735270234	0.803590098516782	0.6784912347099595	0.8001157586735389	0.6782142285336343	0.6510779169554236	0.5497213823102481	0.11512164969966732	0.1629170264729766	0.15208886455315176	0.19988424132646104	0.14861452470990877	0.19640990148321805	"<b>Belgique</b>
2003
NA
Part des salaires dans la VAN : 80.4%"
BE	2003-01-01	200671.6288558556	251865.69999999998	169650.6119091392	163827.48	144669	163827.48	2039.197182231942	tb	0.25495618063021536	0.031401655723665434	7909	7909.000000000001	0.8454140372329408	0.8163958250305472	0.7209240330825099	0.8163958250305472	0.6735756869996161	0.650455699207951	0.5743894464391143	0.11517331612092507	0.15458596276705916	0.1441915283233187	0.18360417496945278	0.1441915283233187	0.18360417496945278	"<b>Belgique</b>
2003
Toutes branches (marchandes et non marchandes)
Part des salaires dans la VAN : 81.6%"
DE	2003-01-01	1334235.7542607228	1651811	983315.3987045044	1035572.6426782951	877047	1038065.5715529753	-8489.201466491679	md	0.1067450189392019	0.02267753393094004	37459	37459	0.7369877441557116	0.7780226007570527	0.6573403517326342	0.7761541686851948	0.5952953447485847	0.6284408879423707	0.5309608665882477	0.23493700761294767	0.26301225584428845	0.1957705830834644	0.2238458313148052	0.19390215101160654	0.22197739924294735	"<b>Allemagne</b>
2003
Branches marchandes
Part des salaires dans la VAN : 77.8%"
DE	2003-01-01	1240900.7266630633	1550592	913197.410158249	961620.5027033023	814726	969471.6944170295	-8836.376393346021	mdhfi	0.08647761121936545	0.01827624545979858	28338.999999999996	28339	0.7359149612346111	0.7812645069715284	0.6565601764058111	0.774937496643442	0.5889346844032789	0.6252268129959586	0.5254289974409774	0.24124759545418453	0.2640850387653889	0.20222506004535368	0.22506250335655803	0.1958980497172672	0.21873549302847156	"<b>Allemagne</b>
2003
Branches marchandes hors services financiers (-KOPQ)
Part des salaires dans la VAN : 78.1%"
DE	2003-01-01	1198997.7542607228	1427891	969601.9190090729	1020929.5238815317	865224	1023459.5345137881	-11414.201466491679	mdhi	0.16329415901952646	0.026233795156633103	37459	37459	0.8086770100807315	0.853595872783625	0.7216227027326496	0.851485768220655	0.6790447723314125	0.716763068409135	0.6059454117996401	0.1600810631793002	0.1913229899192685	0.1172723050393767	0.148514231779345	0.11516220047640666	0.14640412721637494	"<b>Allemagne</b>
2003
Branches marchandes hors services immobiliers (-LOPQ)
Part des salaires dans la VAN : 85.4%"
DE	2003-01-01	1105662.7266630633	1326672	899483.9304628174	946977.3839065386	802903	954865.6573778423	-11761.376393346021	mdhifi	0.13744866359815427	0.02136096940313808	28339	28339	0.81352469317429	0.8636138619411248	0.7261735252875848	0.8564794318105995	0.6780002370313215	0.7197450895005264	0.605200833363484	0.1608445251084604	0.18647530682571	0.11788978647215091	0.1435205681894005	0.11075535634162557	0.1363861380588752	"<b>Allemagne</b>
2003
Branches marchandes hors services immobilier et financiers (-KLOPQ)
Part des salaires dans la VAN : 86.4%"
DE	2003-01-01	1284472.132217136	1569415	983315.3987045044	1035572.6426782951	877047	1038065.5715529753	-9565.515775173351	mdhim	0.12438373720914606	0.02386812920737982	37459	37459	0.7655404691475844	0.8081651174176612	0.6828073400752753	0.8062242976737738	0.6265489999168508	0.6614347202957633	0.5588368914531848	0.20529657818068905	0.23445953085241558	0.16461274965449968	0.19377570232622623	0.16267192991061227	0.1918348825823388	"<b>Allemagne</b>
2003
Branches marchandes hors imm. des ménages (-LmOPQ)
Part des salaires dans la VAN : 80.8%"
DE	2003-01-01	1105662.7266630633	1326672	899483.9304628174	946977.3839065386	802903	954865.6573778423	-11761.376393346021	mdhimfi	0.13744866359815427	0.02136096940313808	28339	28339	0.81352469317429	0.8636138619411248	0.7261735252875848	0.8564794318105995	0.6780002370313215	0.7197450895005264	0.605200833363484	0.1608445251084604	0.18647530682571	0.11788978647215091	0.1435205681894005	0.11075535634162557	0.1363861380588752	"<b>Allemagne</b>
2003
NA
Part des salaires dans la VAN : 86.4%"
DE	2003-01-01	1651641.700431115	2019221	1288418.3236016238	1348618.24	1165998	1348618.24	-13824.234357825031	tb	0.10312937544651611	0.018551213562061804	37459	37459	0.7800834304833295	0.8165319631055458	0.7059630425265049	0.8165319631055458	0.6380769235272532	0.6678903596981212	0.577449422326729	0.19723671105207596	0.21991656951667055	0.1607881784298597	0.1834680368944543	0.1607881784298597	0.1834680368944543	"<b>Allemagne</b>
2003
Toutes branches (marchandes et non marchandes)
Part des salaires dans la VAN : 81.7%"
ES	2003-01-01	525061	612650	345003.2251337095	398129.31422681647	287826	399562.8331253638	1877.0000000000002	md	0.12461000374275168	0.03662286786909328	22437	22436.999999999996	0.6570726546700469	0.7609836440439565	0.5481763071338378	0.7582534490789002	0.5631326616072954	0.6521877632014426	0.4698049457275769	0.3001951675448957	0.3429273453299531	0.19901437313604234	0.2417465509210997	0.19628417817098623	0.2390163559560436	"<b>Espagne</b>
2003
Branches marchandes
Part des salaires dans la VAN : 76.1%"
ES	2003-01-01	495605	579834	326944.85553695867	379008.5853616456	270911	381729.24297229736	1843	mdhfi	0.1131684077513793	0.03291804206031381	19087	19087	0.6596883718625896	0.7702287970708475	0.5466268500116019	0.764739228542177	0.5638594072388972	0.6583422892971046	0.4672216530938165	0.3017991030418203	0.3403116281374105	0.1967482463622328	0.23526077145782304	0.1912586778335623	0.22977120292915254	"<b>Espagne</b>
2003
Branches marchandes hors services financiers (-KOPQ)
Part des salaires dans la VAN : 77%"
ES	2003-01-01	497494.00000000006	560246	341508.53672791226	393540.37930898595	285509	395310.09164400917	-966.9999999999999	mdhi	0.1438403267159761	0.040048478703997886	22437	22437	0.6864575989417203	0.794602732181713	0.5738943585249269	0.791045478556497	0.6095688978197297	0.7056009175326716	0.5096136340107739	0.2684423596507451	0.3135424010582797	0.16385448003596847	0.20895452144350302	0.16029722641075245	0.20539726781828702	"<b>Espagne</b>
2003
Branches marchandes hors services immobiliers (-LOPQ)
Part des salaires dans la VAN : 79.5%"
ES	2003-01-01	468038.00000000006	527430	323450.16713116155	374419.65044381534	268594	377476.50149094267	-1001	mdhifi	0.13200972461710933	0.03618868854634738	19087	19087	0.6910767226831187	0.8065082354230695	0.5738722069575547	0.7999770327277171	0.613257052369341	0.7156902366019048	0.5092505166562388	0.2681424005504649	0.3089232773168813	0.15924209050586643	0.20002296727228283	0.15271088781051406	0.19349176457693046	"<b>Espagne</b>
2003
Branches marchandes hors services immobilier et financiers (-KLOPQ)
Part des salaires dans la VAN : 80.7%"
ES	2003-01-01	503104.00000000006	572971.9999999999	345003.22513370943	398129.31422681635	287826	399562.8331253638	-688.9999999999999	mdhim	0.14191581299317144	0.039158981590723466	22437	22437	0.6857493184981821	0.7941953018170472	0.5721004007123774	0.791345952778782	0.6021292927642354	0.6973514118060985	0.502338683216632	0.26965354055282925	0.3142506815018179	0.1640569062722294	0.20865404722121808	0.16120755723396404	0.20580469818295272	"<b>Espagne</b>
2003
Branches marchandes hors imm. des ménages (-LmOPQ)
Part des salaires dans la VAN : 79.4%"
ES	2003-01-01	468038.00000000006	527430	323450.16713116155	374419.65044381534	268594	377476.50149094267	-1001	mdhimfi	0.13200972461710933	0.03618868854634738	19087	19087	0.6910767226831187	0.8065082354230695	0.5738722069575547	0.7999770327277171	0.613257052369341	0.7156902366019048	0.5092505166562388	0.2681424005504649	0.3089232773168813	0.15924209050586643	0.20002296727228283	0.15271088781051406	0.19349176457693046	"<b>Espagne</b>
2003
NA
Part des salaires dans la VAN : 80.7%"
ES	2003-01-01	625733	728182	439690.8669435786	495142.28	380011	495142.27999999997	1879	tb	0.12060171333982438	0.03081235185709067	22437	22437	0.7026812825016079	0.791299611815263	0.6073053522828427	0.7912996118152631	0.6038200160723262	0.6799705018800245	0.5218626662015815	0.26146157076008686	0.29731871749839217	0.17284324144643157	0.2087003881847369	0.17284324144643168	0.208700388184737	"<b>Espagne</b>
2003
Toutes branches (marchandes et non marchandes)
Part des salaires dans la VAN : 79.1%"
FR	2003-01-01	903871.1334469042	1153143.1	662360.9645006089	683003.4271255593	600811.1	677535.303095986	41672.554698480686	md	0.13644145976862587	0.028575811623032733	32952	32952	0.7328046443686075	0.7495928103292904	0.6647088039074911	0.7556424824863386	0.5743961564706139	0.5875552679420152	0.5210204180209723	0.23073883126564818	0.26719535563139246	0.20790099314791716	0.24435751751366147	0.2139506653049653	0.25040718967070963	"<b>France</b>
2003
Branches marchandes
Part des salaires dans la VAN : 75%"
FR	2003-01-01	864203.1781850539	1102381	625989.4932618603	646232.4298728778	565630.9	641751.4100321726	38106.78334528135	mdhfi	0.1120044803832436	0.02420306590915482	26681	26681	0.7243545372935619	0.7425932075139312	0.654511478640825	0.7477783537316481	0.5678522155786977	0.582150282009734	0.5130992823715212	0.24477193588600474	0.2756454627064381	0.2213481194479185	0.25222164626835186	0.22653326566563545	0.2574067924860688	"<b>France</b>
2003
Branches marchandes hors services financiers (-KOPQ)
Part des salaires dans la VAN : 74.3%"
FR	2003-01-01	794736.0096342106	973400.8	648899.8755912386	669162.5264948389	588482.5	663197.2135984546	26063.41524928152	mdhi	0.2259522320462114	0.03385244803579368	32952	32952	0.8164973874656878	0.8344874342660039	0.7404754445074888	0.8419934649781771	0.6666317467493745	0.6813197745455465	0.6045634028655	0.1420397876458733	0.18350261253431224	0.11654371013338402	0.15800653502182296	0.12404974084555712	0.16551256573399606	"<b>France</b>
2003
Branches marchandes hors services immobiliers (-LOPQ)
Part des salaires dans la VAN : 83.4%"
FR	2003-01-01	755068.0543723602	922638.7	612528.4043524901	632391.5292421574	553302.3	627413.3205346412	22497.643896082176	mdhifi	0.18718300484307804	0.0289181453151705	26681	26681	0.8112227776099543	0.8309361214548664	0.7327846765546515	0.8375291810853049	0.6638876131604822	0.6800205980246018	0.5996955254532463	0.15344133465714693	0.18877722239004566	0.12713493118179633	0.1624708189146951	0.1337279908122349	0.16906387854513363	"<b>France</b>
2003
Branches marchandes hors services immobilier et financiers (-KLOPQ)
Part des salaires dans la VAN : 83.1%"
FR	2003-01-01	835411.2439325575	1040391.7	662360.9645006089	683003.4271255593	600811.1000000001	682969.9171628878	31881.023569233785	mdhim	0.1904186465816037	0.03167268635457204	32952	32952	0.792856176297863	0.8175254069455925	0.7191800497821685	0.817565518881977	0.6366457599581089	0.6564545999001028	0.577485479747676	0.16769977714503775	0.20714382370213702	0.1429904345609237	0.18243448111802293	0.14303054649730823	0.18247459305440747	"<b>France</b>
2003
Branches marchandes hors imm. des ménages (-LmOPQ)
Part des salaires dans la VAN : 81.8%"
FR	2003-01-01	755068.0543723602	922638.7	612528.4043524901	632391.5292421574	553302.3	633188.8196397037	22497.643896082176	mdhimfi	0.18718300484307804	0.0289181453151705	26681	26681	0.8112227776099543	0.83858509967824435	0.7327846765546515	0.8375291810853049	0.6638876131604822	0.6862803604918195	0.5996955254532463	0.15344133465714693	0.18877722239004566	0.12713493118179633	0.1624708189146951	0.12607901258885693	0.16141490032175565	"<b>France</b>
2003
NA
Part des salaires dans la VAN : 83.9%"
FR	2003-01-01	1164431.2868178438	1459949.1	909367.0492742714	933362.38	837819.9	935558.3111592312	47073.17397864067	tb	0.12919098466075957	0.02257064989457509	32952	32952	0.7809538094423659	0.8034465594925088	0.7195099526135141	0.8015607194398662	0.6228758586681353	0.6408157045743794	0.5738692533869845	0.19074739751330494	0.21904619055763405	0.17014048751580474	0.19843928056013385	0.16825464746316215	0.19655344050749127	"<b>France</b>
2003
Toutes branches (marchandes et non marchandes)
Part des salaires dans la VAN : 80.3%"
IT	2003-01-01	832768.6975867973	1052765.4	539389.8807673358	552549.2404513574	370668.50000000006	556557.5719433588	25051.396379588623	md	0.10306470087991099	0.028721498635878424	30237	30237	0.6477067189609592	0.6683219164651061	0.4451037858100643	0.6635086573889465	0.5123552510059086	0.5286624844845383	0.352090313758412	0.3159842794067496	0.3522932810390408	0.3001823409787624	0.33649134261105357	0.29536908190260275	0.3316780835348939	"<b>Italie</b>
2003
Branches marchandes
Part des salaires dans la VAN : 66.8%"
IT	2003-01-01	776199.0843811578	987588.8	503606.5556095359	516329.78302503895	340477	523363.3811667528	21350.702057537954	mdhfi	0.07659784402049137	0.02114240258698762	20880	20880	0.6488110663143175	0.6742643629681888	0.438646484969063	0.6652027726065852	0.5099354666735142	0.5299405796893938	0.3447558336020011	0.32428861852150387	0.3511889336856825	0.30789691222923615	0.3347972273934148	0.29883532186763256	0.3257356370318112	"<b>Italie</b>
2003
Branches marchandes hors services financiers (-KOPQ)
Part des salaires dans la VAN : 67.4%"
IT	2003-01-01	742440.1599480563	907918.2	534438.7586762733	547350.4057297403	368893.4	551680.373682425	19276.30036661496	mdhi	0.14536921297222952	0.03330366105668991	30237	30236.999999999996	0.7198408538590699	0.7430637557658821	0.4968661717138376	0.7372316790730108	0.5886419709135396	0.6076322444934191	0.4063068677332386	0.23943263155945127	0.2801591461409301	0.22204180634551035	0.2627683209269892	0.21620972965263902	0.25693624423411787	"<b>Italie</b>
2003
Branches marchandes hors services immobiliers (-LOPQ)
Part des salaires dans la VAN : 74.3%"
IT	2003-01-01	685870.5467424169	842741.6	498655.4335184735	511130.94830342196	338701.9	518486.18290581903	15575.606044564287	mdhifi	0.11152945742699584	0.024776277805676143	20880	20880	0.7270401621513961	0.7559534162363438	0.4938277370397153	0.7452294762197749	0.5917062045097495	0.6152374380306123	0.40190480688267916	0.24251677523398832	0.27295983784860384	0.22432746116560962	0.25477052378022513	0.21360352114904058	0.24404658376365615	"<b>Italie</b>
2003
Branches marchandes hors services immobilier et financiers (-KLOPQ)
Part des salaires dans la VAN : 75.6%"
IT	2003-01-01	776300.3904206989	962215.1000000001	539389.8807673358	552549.2404513574	370668.50000000006	556557.5719433588	21441.132070001906	mdhim	0.12763047128741323	0.03142436654756301	30237	30237	0.6948210865577761	0.7169358392847704	0.4774807594765274	0.7117724623994013	0.5605709999430852	0.5784128433895485	0.38522415622037115	0.26622878489261226	0.305178913442224	0.249277409050987	0.2882275376005987	0.2441140321656178	0.28306416071522955	"<b>Italie</b>
2003
Branches marchandes hors imm. des ménages (-LmOPQ)
Part des salaires dans la VAN : 71.7%"
IT	2003-01-01	685870.5467424169	842741.6	498655.4335184735	511130.94830342196	338701.9	518486.18290581903	15575.606044564287	mdhimfi	0.11152945742699584	0.024776277805676143	20880	20880	0.7270401621513961	0.7559534162363438	0.4938277370397153	0.7452294762197749	0.5917062045097495	0.6152374380306123	0.40190480688267916	0.24251677523398832	0.27295983784860384	0.22432746116560962	0.25477052378022513	0.21360352114904058	0.24404658376365615	"<b>Italie</b>
2003
NA
Part des salaires dans la VAN : 75.6%"
IT	2003-01-01	1009251.6975867972	1263973.2	708578.0873520244	722919.2999999999	524703.7	722919.3	32877.09637958863	tb	0.10056419642678406	0.0239221844260622	30237	30237	0.7020826311675197	0.7162923795209449	0.5198937997871187	0.7162923795209448	0.5605958159176353	0.5719419525667159	0.4151224883565569	0.26795754803426014	0.2979173688324804	0.253747799680835	0.2837076204790552	0.2537477996808349	0.28370762047905507	"<b>Italie</b>
2003
Toutes branches (marchandes et non marchandes)
Part des salaires dans la VAN : 71.6%"
NL	2003-01-01	300972.5098373842	365711	220998.83209318147	217788.174710483	184035	217976.68434504792	-1364.4154745634692	md	0.16908063229567058	0.036974550943231134	13522	13522.000000000002	0.7342824506217773	0.7242411755904915	0.6114678051475011	0.7236148405319616	0.6042991107546163	0.5960353512610994	0.5032252242891244	0.2207898581172967	0.2657175493782227	0.23145746820711252	0.2763851594680385	0.23083113314858253	0.2757588244095085	"<b>Pays-Bas</b>
2003
Branches marchandes
Part des salaires dans la VAN : 72.4%"
NL	2003-01-01	268884.83420944074	330016	204846.32046527448	201693.0347460213	168543	202144.02875399363	-1424.454160367461	mdhfi	0.14872300188053023	0.028859206826335693	9524	9524	0.7618366467843063	0.7517866500292794	0.6268222620124342	0.7501093742941182	0.6207163303151195	0.6125279645653351	0.5107116018617279	0.20274298438752267	0.23816335321569365	0.21447025687771085	0.24989062570588183	0.21279298114254966	0.24821334997072064	"<b>Pays-Bas</b>
2003
Branches marchandes hors services financiers (-KOPQ)
Part des salaires dans la VAN : 75.2%"
NL	2003-01-01	289194.6787452125	334018	217462.8026814168	214280.8114652759	180829	214553.903514377	-2764.9899695129643	mdhi	0.18850754702099284	0.04048284822973612	13522	13522	0.7519599033597945	0.7419012840945257	0.625284672541692	0.7409569650279163	0.6510511489842368	0.6423423393780484	0.5413750157177158	0.20128266645971038	0.24804009664020554	0.21228560479158853	0.2590430349720837	0.21134128572497915	0.25809871590547434	"<b>Pays-Bas</b>
2003
Branches marchandes hors services immobiliers (-LOPQ)
Part des salaires dans la VAN : 74.2%"
NL	2003-01-01	257107.00311726902	298323	201310.2910535098	198185.6715008142	165337	198721.2479233227	-2825.0286553169562	mdhifi	0.17069106131409448	0.03192512813292974	9524	9523.999999999998	0.7829825271686209	0.77291262203653	0.64306688653124	0.7708295343881387	0.6748064716884378	0.6661278142259319	0.5542214311333689	0.1799745300700883	0.21701747283137904	0.19212752285057055	0.2291704656118613	0.19004443520217926	0.22708737796347	"<b>Pays-Bas</b>
2003
Branches marchandes hors services immobilier et financiers (-KLOPQ)
Part des salaires dans la VAN : 77.3%"
NL	2003-01-01	301315.6787452125	354263	220998.83209318147	217788.174710483	184035	217976.68434504792	-2004.9899695129643	mdhim	0.16835820333663534	0.03816938263380596	13522	13522.000000000002	0.7334461751658611	0.7234163361587479	0.610771403487493	0.7227907144342165	0.6238270214309185	0.6152962187556926	0.519486934847839	0.22167730179255504	0.26655382483413886	0.23233276252419968	0.2772092855657835	0.2317071407996683	0.27658366384125216	"<b>Pays-Bas</b>
2003
Branches marchandes hors imm. des ménages (-LmOPQ)
Part des salaires dans la VAN : 72.3%"
NL	2003-01-01	257107.00311726902	298323	201310.2910535098	198185.6715008142	165337	198721.2479233227	-2825.0286553169562	mdhimfi	0.17069106131409448	0.03192512813292974	9524	9523.999999999998	0.7829825271686209	0.77291262203653	0.64306688653124	0.7708295343881387	0.6748064716884378	0.6661278142259319	0.5542214311333689	0.1799745300700883	0.21701747283137904	0.19212752285057055	0.2291704656118613	0.19004443520217926	0.22708737796347	"<b>Pays-Bas</b>
2003
NA
Part des salaires dans la VAN : 77.3%"
NL	2003-01-01	378407.10898185783	459851	300283.93237971445	296595.8	257823	296595.8	-1442.3566916188024	tb	0.17308563973100155	0.029405176894254877	13522	13522	0.7935472808311091	0.7838008138853962	0.6813376225771725	0.7838008138853962	0.6530026734305556	0.6449823964719007	0.5606663897653805	0.1707187181973386	0.2064527191688909	0.18046518514305152	0.2161991861146038	0.18046518514305152	0.2161991861146038	"<b>Pays-Bas</b>
2003
Toutes branches (marchandes et non marchandes)
Part des salaires dans la VAN : 78.4%"
BE	2004-01-01	162895.79329397637	211326.3	125725.87990609734	120485.68670831205	102907.2	120696.71554848966	2899.999342114146	md	0.24175466609858448	0.04252191989354851	8986	8986	0.7718178435658012	0.7409443369152544	0.6317363875338661	0.7396488532449255	0.5949372127657435	0.5711391130611272	0.4869587931080987	0.17301805539579412	0.2281821564341988	0.20518704571666982	0.26035114675507454	0.2038915620463409	0.2590556630847456	"<b>Belgique</b>
2004
Branches marchandes
Part des salaires dans la VAN : 74.1%"
BE	2004-01-01	150828.49329397638	196053.8	116601.63638685146	111521.10230937238	94478.20000000001	111967.26531001591	2425.7993421141464	mdhfi	0.2078484746438723	0.036285958242074375	7114	7114.000000000001	0.7730743299250883	0.7423482318541965	0.6263949068022228	0.7393901501887256	0.5947430571957875	0.5711047952654624	0.4818993561971256	0.17975951569230272	0.22692567007491174	0.21344369542866545	0.2606098498112745	0.21048561376319444	0.2576517681458035	"<b>Belgique</b>
2004
Branches marchandes hors services financiers (-KOPQ)
Part des salaires dans la VAN : 74.2%"
BE	2004-01-01	154644.49329397638	190481.8	125002.74529071273	119789.33663614729	102300.70000000001	119990.06546899842	503.39934211414663	mdhi	0.303153511696092	0.047175110692990095	8986	8986	0.8083232880014989	0.7759090732115465	0.6615217769541152	0.7746110713973495	0.6562450863584486	0.6299292922945837	0.5370628584988173	0.13356924364579506	0.19167671199850114	0.16728146024994434	0.22538892860265042	0.1659834584357475	0.22409092678845358	"<b>Belgique</b>
2004
Branches marchandes hors services immobiliers (-LOPQ)
Part des salaires dans la VAN : 77.6%"
BE	2004-01-01	142577.1932939764	175209.3	115878.50177146685	110824.75223720762	93871.70000000001	111260.61523052465	29.19934211414671	mdhifi	0.26645500563210073	0.040602867541848525	7114	7114	0.812742200167595	0.7803535240108082	0.6583921160970554	0.7772964923548523	0.6613718665131751	0.6350154656774764	0.5357689346398851	0.13736202172340672	0.18725779983240498	0.17280772953614945	0.2227035076451477	0.16975069788019354	0.2196464759891918	"<b>Belgique</b>
2004
Branches marchandes hors services immobilier et financiers (-KLOPQ)
Part des salaires dans la VAN : 78%"
BE	2004-01-01	158148.62602731131	198821.69999999998	125725.87990609734	120485.68670831205	102907.2	120696.71554848966	1259.4993421141467	mdhim	0.27715110763306144	0.04519627384737179	8986	8986	0.7949855971836596	0.7631853565875816	0.6506992984069843	0.7618509862204234	0.6323549185330241	0.6070600721575646	0.5175853541137613	0.14819443399506102	0.2050144028163404	0.18132904495829724	0.23814901377957662	0.1799946745911391	0.23681464341241845	"<b>Belgique</b>
2004
Branches marchandes hors imm. des ménages (-LmOPQ)
Part des salaires dans la VAN : 76.3%"
BE	2004-01-01	142577.1932939764	175209.3	115878.50177146685	110824.75223720762	93871.70000000001	111260.61523052465	29.19934211414671	mdhimfi	0.26645500563210073	0.040602867541848525	7114	7114	0.812742200167595	0.7803535240108082	0.6583921160970554	0.7772964923548523	0.6613718665131751	0.6350154656774764	0.5357689346398851	0.13736202172340672	0.18725779983240498	0.17280772953614945	0.2227035076451477	0.16975069788019354	0.2196464759891918	"<b>Belgique</b>
2004
NA
Part des salaires dans la VAN : 78%"
BE	2004-01-01	211655.88440146676	264845.6	174550.74750191616	168648.83999999997	148850.59999999998	168648.83999999997	1718.897135242594	tb	0.24217671058124668	0.033929202524036646	8986	8986	0.8246912104311264	0.7968067624338218	0.7032670054079936	0.7968067624338218	0.6590660652920652	0.6367817324509072	0.5620278381064288	0.1328530835751039	0.1753087895688737	0.16073753157240842	0.20319323756617821	0.16073753157240842	0.20319323756617821	"<b>Belgique</b>
2004
Toutes branches (marchandes et non marchandes)
Part des salaires dans la VAN : 79.7%"
DE	2004-01-01	1367143.2465258914	1689722	990186.6824191832	1040822.1120982522	880928	1043505.0922816901	-7880.7485018255165	md	0.1222130197126873	0.027264248201775202	46069	46069	0.7242742740641046	0.7632741447784549	0.6443567652757423	0.7613116728939207	0.5860056757378925	0.6175602213155124	0.5213449312963908	0.24202845235679676	0.2757257259358954	0.20499105352698072	0.23868832710607932	0.20302858164244647	0.23672585522154507	"<b>Allemagne</b>
2004
Branches marchandes
Part des salaires dans la VAN : 76.3%"
DE	2004-01-01	1260959.949655953	1575656	918883.4297310113	965603.5558805931	818073	974117.3936901408	-8228.294515921738	mdhfi	0.11003386028441514	0.023888462963997218	37640	37640	0.7287173791536553	0.7725204864404489	0.6487700106757612	0.7657686163181102	0.5831751535430394	0.618229736497142	0.5191951796585041	0.24143234684654805	0.2712826208463447	0.2043811096820931	0.23423138368188978	0.19762923955975448	0.22747951355955112	"<b>Allemagne</b>
2004
Branches marchandes hors services financiers (-KOPQ)
Part des salaires dans la VAN : 77.3%"
DE	2004-01-01	1234050.2465258914	1464386	976880.1160031431	1026697.7655598907	869386	1029306.4615211268	-11008.748501825516	mdhi	0.1791382222591551	0.031459601498512006	46069	46069	0.7916048141096882	0.8340879671786777	0.7044980562562203	0.8319740370785216	0.6670919525337876	0.7028928585230443	0.5936863641143797	0.17106364276255517	0.20839518589031178	0.1306944197937218	0.1680259629214784	0.12858048969356567	0.1659120328213223	"<b>Allemagne</b>
2004
Branches marchandes hors services immobiliers (-LOPQ)
Part des salaires dans la VAN : 83.4%"
DE	2004-01-01	1127866.949655953	1350320	905576.8633149711	951479.2093422315	806531	959918.7629295775	-11356.294515921738	mdhifi	0.16932828908196157	0.02787487410391611	37640	37640	0.8029110735013648	0.8510921995031356	0.7150940988615953	0.8436094431461731	0.6706387103167923	0.7108824300384927	0.5972887908051425	0.1637161957776208	0.1970889264986352	0.12301782613281247	0.15639055685382683	0.11553506977584996	0.14890780049686433	"<b>Allemagne</b>
2004
Branches marchandes hors services immobilier et financiers (-KLOPQ)
Part des salaires dans la VAN : 85.1%"
DE	2004-01-01	1317121.7401088076	1605032	990186.6824191832	1040822.1120982522	880928	1043505.0922816901	-9056.372103913065	mdhim	0.1409117771754401	0.028702854522526654	46069	46069	0.7517806837941827	0.792261687363452	0.6688280765354511	0.7902246849347956	0.6169264428492287	0.6501459735891185	0.5488538546271975	0.21324229122998303	0.24821931620581728	0.1747982900893702	0.20977531506520442	0.1727612876607137	0.2077383126365479	"<b>Allemagne</b>
2004
Branches marchandes hors imm. des ménages (-LmOPQ)
Part des salaires dans la VAN : 79.2%"
DE	2004-01-01	1127866.949655953	1350320	905576.8633149711	951479.2093422315	806531	959918.7629295775	-11356.294515921738	mdhimfi	0.16932828908196157	0.02787487410391611	37640	37640	0.8029110735013648	0.8510921995031356	0.7150940988615953	0.8436094431461731	0.6706387103167923	0.7108824300384927	0.5972887908051425	0.1637161957776208	0.1970889264986352	0.12301782613281247	0.15639055685382683	0.11553506977584996	0.14890780049686433	"<b>Allemagne</b>
2004
NA
Part des salaires dans la VAN : 85.1%"
DE	2004-01-01	1687642.1403875744	2061498	1297740.242011207	1356493.64	1170965	1356493.6400000001	-12952.922901279579	tb	0.11815536213555483	0.0223473415933462	46069	46069	0.7689664834472403	0.8037803794639042	0.6938467415438457	0.8037803794639041	0.6295132190335411	0.6580135610124289	0.5680165588324607	0.2037356677390177	0.23103351655275972	0.16892177172235387	0.1962196205360959	0.16892177172235373	0.19621962053609576	"<b>Allemagne</b>
2004
Toutes branches (marchandes et non marchandes)
Part des salaires dans la VAN : 80.4%"
ES	2004-01-01	555190	651494	366905.8294899952	421430.1625829112	306472	423038.499984	2437	md	0.12489631994183195	0.03609549742591643	23516	23516	0.6608653424773414	0.7619706766764531	0.5520128244384805	0.7590737631854162	0.5631760683751427	0.6493359877205316	0.47041415577119666	0.296777986833345	0.33913465752265853	0.19856956612527027	0.24092623681458383	0.19567265263423333	0.2380293233235469	"<b>Espagne</b>
2004
Branches marchandes
Part des salaires dans la VAN : 76.2%"
ES	2004-01-01	523528	616282	347879.54558924504	401318.25738753984	288649	404278.193328	2413	mdhfi	0.10625200240223272	0.030283214502451798	18663	18663	0.6644908115501846	0.772218856160511	0.5513535092678902	0.7665650306908892	0.5644811070082284	0.6559954587802338	0.46837162208209876	0.29986066535267447	0.3355091884498154	0.19778644621196986	0.2334349693091108	0.19213262074234802	0.22778114383948897	"<b>Espagne</b>
2004
Branches marchandes hors services financiers (-KOPQ)
Part des salaires dans la VAN : 77.2%"
ES	2004-01-01	522677.99999999994	591453	363015.85938392	416350.1973034348	303901	418336.529296	-456	mdhi	0.14728601225851062	0.03975971040809667	23516	23516	0.6945305893569655	0.8003714127933452	0.5814306322439438	0.796571115109943	0.6137695799732523	0.7073030812186261	0.5138210474881352	0.2604780392824645	0.3054694106430345	0.15843751352948693	0.20342888489005692	0.15463721584608484	0.19962858720665483	"<b>Espagne</b>
2004
Branches marchandes hors services immobiliers (-LOPQ)
Part des salaires dans la VAN : 80%"
ES	2004-01-01	491016	556241	343989.5754831698	396238.29210806347	286078	399576.22264000005	-480	mdhifi	0.12693636576779868	0.03355200353803477	18663	18663	0.700566937702987	0.8137743426690781	0.5826245987910781	0.8069763350034693	0.6184182314557356	0.7183508994123052	0.5143058494429573	0.2614241175783074	0.2994330622970131	0.155014720277825	0.19302366499653073	0.1482167126122162	0.1862256573309219	"<b>Espagne</b>
2004
Branches marchandes hors services immobilier et financiers (-KLOPQ)
Part des salaires dans la VAN : 81.4%"
ES	2004-01-01	529825	606371	366905.8294899952	421430.1625829112	306472	423038.499984	-144	mdhim	0.14434151565089076	0.03878153803529522	23516	23516	0.6925038068984951	0.7984494880083046	0.5784400509602227	0.7954138868171777	0.6050847245168308	0.6976562203403527	0.505419949173031	0.26311172653235465	0.30749619310150483	0.16020164661367206	0.20458611318282224	0.1571660454225452	0.20155051199169538	"<b>Espagne</b>
2004
Branches marchandes hors imm. des ménages (-LmOPQ)
Part des salaires dans la VAN : 79.8%"
ES	2004-01-01	491016	556241	343989.5754831698	396238.29210806347	286078	399576.22264000005	-480	mdhimfi	0.12693636576779868	0.03355200353803477	18663	18663	0.700566937702987	0.8137743426690781	0.5826245987910781	0.8069763350034693	0.6184182314557356	0.7183508994123052	0.5143058494429573	0.2614241175783074	0.2994330622970131	0.155014720277825	0.19302366499653073	0.1482167126122162	0.1862256573309219	"<b>Espagne</b>
2004
NA
Part des salaires dans la VAN : 81.4%"
ES	2004-01-01	663324	775872	468848.40334002284	525843.52	405676	525843.52	2466	tb	0.12092005580070583	0.030309123154334736	23516	23516	0.7068165833589962	0.792740078754877	0.611580464448746	0.792740078754877	0.6042857627804881	0.6777451950837252	0.5228645962220573	0.25773166154093197	0.2931834166410037	0.17180816614505126	0.20725992124512302	0.17180816614505126	0.20725992124512302	"<b>Espagne</b>
2004
Toutes branches (marchandes et non marchandes)
Part des salaires dans la VAN : 79.3%"
FR	2004-01-01	936582.641975943	1200046.1	685846.7349867013	706431.5564660261	621777.9	700430.9043705725	46174.815896047745	md	0.154660736332686	0.03231459191442729	38779	38779	0.7322864040483871	0.7478580885215292	0.663879376077494	0.7542650534026996	0.5715169900445501	0.5836699976530673	0.5181283452360705	0.22630881407546524	0.26771359595161287	0.20433016472115276	0.2457349465973004	0.21073712960232308	0.2521419114784707	"<b>France</b>
2004
Branches marchandes
Part des salaires dans la VAN : 74.8%"
FR	2004-01-01	893288.9075940559	1144699.9000000001	647798.8376228291	667970.2210550774	585016.8	663005.9943148368	42060.66042011039	mdhfi	0.11925940631094155	0.02557613571906488	29277	29277	0.7251840161852915	0.7422077993787557	0.6549021207211203	0.7477650459739372	0.5659115001432506	0.5791963416043251	0.5110656513554338	0.2420415927402091	0.27481598381470856	0.21946056295156327	0.2522349540260627	0.22501780954674488	0.25779220062124436	"<b>France</b>
2004
Branches marchandes hors services financiers (-KOPQ)
Part des salaires dans la VAN : 74.2%"
FR	2004-01-01	818289.5128311827	1006008	671297.1624973525	691482.5622645989	608471.5	685020.9343653314	29518.040536708213	mdhi	0.2638164497127238	0.03854740717767652	38779	38779	0.8203663275296607	0.8371376189281002	0.7435895125855423	0.845034124746574	0.6672880956188743	0.6809299074811844	0.6048376354860001	0.13224335475035617	0.17963367247033935	0.1075755575334428	0.15496587525342598	0.11547206335191655	0.16286238107189974	"<b>France</b>
2004
Branches marchandes hors services immobiliers (-LOPQ)
Part des salaires dans la VAN : 83.7%"
FR	2004-01-01	774995.7784492957	950661.8	633249.2651334804	653021.2268536504	571710.3999999999	647596.0243095956	25403.88506077086	mdhifi	0.206544763007821	0.030796440963547708	29277	29277	0.8171002768564254	0.835612325018574	0.7376948570532171	0.8426126244975082	0.6661141376812242	0.6812054763424759	0.6013814797228624	0.14512274317268892	0.18289972314357458	0.11961039553160614	0.15738737550249182	0.12661069501054037	0.16438767498142606	"<b>France</b>
2004
Branches marchandes hors services immobilier et financiers (-KLOPQ)
Part des salaires dans la VAN : 83.6%"
FR	2004-01-01	864345.6415515089	1081554.6	685846.7349867012	706431.556466026	621777.9	706356.8462527483	36003.17281414177	mdhim	0.2172506305293275	0.03585487038749592	38779	38779	0.793486658595975	0.8172157205360934	0.7193625675995804	0.8173021561119628	0.6341304775428823	0.653094024335663	0.5748927516003353	0.16164818777128226	0.20651334140402497	0.1378326902552945	0.18269784388803717	0.1379191258311639	0.1827842794639066	"<b>France</b>
2004
Branches marchandes hors imm. des ménages (-LmOPQ)
Part des salaires dans la VAN : 81.7%"
FR	2004-01-01	774995.7784492957	950661.8	633249.2651334804	653021.2268536504	571710.3999999999	653903.9085603728	25403.88506077086	mdhimfi	0.206544763007821	0.030796440963547708	29277	29277	0.8171002768564254	0.8437515748392617	0.7376948570532171	0.8426126244975082	0.6661141376812242	0.6878407321724431	0.6013814797228624	0.14512274317268892	0.18289972314357458	0.11961039553160614	0.15738737550249182	0.11847144518985263	0.1562484251607383	"<b>France</b>
2004
NA
Part des salaires dans la VAN : 84.4%"
FR	2004-01-01	1206982.988395756	1519066.5999999999	941638.6172732221	965623.3800000001	866987.7000000001	968190.2019467138	52196.993383200504	tb	0.14614593042221405	0.025528176315640146	38779	38779	0.7801589801400494	0.8021572890878684	0.7183097925450831	0.8000306460685451	0.6198797454128885	0.6373586266373797	0.5707371223881824	0.18771214946754974	0.21984101985995066	0.1678404835390539	0.19996935393145482	0.16571384051973068	0.1978427109121316	"<b>France</b>
2004
Toutes branches (marchandes et non marchandes)
Part des salaires dans la VAN : 80.2%"
IT	2004-01-01	859516.6081765924	1089193	560158.0835016732	571845.4128202569	383164.10000000003	576019.8237426459	25589.178797363842	md	0.10801429501669736	0.029687116975595694	32335	32335	0.6517129258153737	0.670167182650064	0.44579022249826833	0.6653104865924454	0.514287259927004	0.5288500970375736	0.35178714883404505	0.3106670914031457	0.3482870741846263	0.29706953062607405	0.3346895134075546	0.29221283456845537	0.32983281734993597	"<b>Italie</b>
2004
Branches marchandes
Part des salaires dans la VAN : 67%"
IT	2004-01-01	802435.0948808886	1023358.3	523096.27344980405	534390.7888390417	352051.10000000003	541717.6218262904	21964.084303722186	mdhfi	0.08747799491245647	0.023878244794613968	24436	24436	0.6518860862229002	0.6750921355286704	0.43872844326712507	0.6659613870930774	0.5111565259692563	0.5293528393977851	0.34401548314016706	0.31766160659875137	0.34811391377709977	0.30358630572857415	0.3340386129069226	0.29445555729298106	0.3249078644713295	"<b>Italie</b>
2004
Branches marchandes hors services financiers (-KOPQ)
Part des salaires dans la VAN : 67.5%"
IT	2004-01-01	762328.3081765925	934220.9000000001	555109.3085016732	566580.2316383361	381392.60000000003	571047.1884234229	19564.678797363846	mdhi	0.15604264112232205	0.034611728339625024	32335	32335	0.7281761710114572	0.7490830161998135	0.5002996686719534	0.7432233928102909	0.5941949152514925	0.6112549916442919	0.40824670053945483	0.22940772079318825	0.2718238289885429	0.21436049899435444	0.25677660718970907	0.20850087560483183	0.25091698380018645	"<b>Italie</b>
2004
Branches marchandes hors services immobiliers (-LOPQ)
Part des salaires dans la VAN : 74.9%"
IT	2004-01-01	705246.7948808885	868386.2000000001	518047.498449804	529125.6076571209	350279.60000000003	536744.9865070672	15939.584303722186	mdhifi	0.13053467863323867	0.028139553576507777	24436	24436	0.7345620032733347	0.761073982048681	0.49667662801524665	0.75027013450871	0.5965634857506994	0.6180947906669488	0.4033684551873349	0.23078913312689942	0.26543799672666535	0.21508100189152402	0.24972986549128992	0.20427715435155303	0.23892601795131893	"<b>Italie</b>
2004
Branches marchandes hors services immobilier et financiers (-KLOPQ)
Part des salaires dans la VAN : 76.1%"
IT	2004-01-01	797747.7175093691	990699.1	560158.0835016731	571845.4128202568	383164.10000000003	576019.8237426459	21760.254103499596	mdhim	0.13609600492483018	0.03263856805764737	32335.000000000004	32335	0.7021744734670385	0.7220576268660786	0.48030735982080697	0.7168248811862514	0.5654169701998044	0.581427623930057	0.3867613284396847	0.2572926622071914	0.29782552653296146	0.24264225448797852	0.28317511881374857	0.23740950880815137	0.27794237313392145	"<b>Italie</b>
2004
Branches marchandes hors imm. des ménages (-LmOPQ)
Part des salaires dans la VAN : 72.2%"
IT	2004-01-01	705246.7948808885	868386.2000000001	518047.498449804	529125.6076571209	350279.60000000003	536744.9865070672	15939.584303722186	mdhimfi	0.13053467863323867	0.028139553576507777	24436	24436	0.7345620032733347	0.761073982048681	0.49667662801524665	0.75027013450871	0.5965634857506994	0.6180947906669488	0.4033684551873349	0.23078913312689942	0.26543799672666535	0.21508100189152402	0.24972986549128992	0.20427715435155303	0.23892601795131893	"<b>Italie</b>
2004
NA
Part des salaires dans la VAN : 76.1%"
IT	2004-01-01	1043058.9081765923	1309370.7000000002	735450.5627301944	748171.6799999999	542800.7999999999	748171.6799999999	33748.57879736384	tb	0.10511743416153355	0.024695069165668666	32335	32335.000000000004	0.7050901506760162	0.717286122706056	0.5203932354586654	0.717286122706056	0.5616824652714425	0.57139790893442155	0.4145508983819478	0.26390968265408216	0.2949098493239838	0.2517137106240424	0.28271387729394404	0.2517137106240424	0.28271387729394404	"<b>Italie</b>
2004
Toutes branches (marchandes et non marchandes)
Part des salaires dans la VAN : 71.7%"
NL	2004-01-01	309283.70177217893	375938	224691.09457320895	219564.46265949312	185542	219689.3227466456	-1512.5380337968136	md	0.17989751709869628	0.04048007916198948	15218	15218.000000000002	0.7264886357921257	0.7103165200359335	0.5999087534740898	0.7099128127392442	0.5976812521564964	0.5843764736383276	0.4935441482372093	0.22430734888860043	0.2735113642078742	0.24088317194148198	0.2900871872607558	0.24047946464479275	0.28968347996406657	"<b>Pays-Bas</b>
2004
Branches marchandes
Part des salaires dans la VAN : 71%"
NL	2004-01-01	276735.72383832204	339744	208280.72949384392	203243.97810376965	169818	203629.6475453828	-1569.585318389226	mdhfi	0.1531225018769653	0.030852641989262502	10482	10482	0.7526340531861664	0.7358271086979352	0.6136468311522121	0.7344334706223594	0.6130519729379883	0.5993620124134136	0.499841056795705	0.2094886541585351	0.24736594681383364	0.22768923672234206	0.2655665293776406	0.22629559864676618	0.2641728913020647	"<b>Pays-Bas</b>
2004
Branches marchandes hors services financiers (-KOPQ)
Part des salaires dans la VAN : 73.6%"
NL	2004-01-01	296064.92161710403	341604	221141.46770753732	216064.41754262318	182371	216274.19532754537	-2982.7370077372325	mdhi	0.20311396773523366	0.044548658680811704	15218	15218.000000000002	0.7469357278115372	0.7304958457971231	0.6159831397920806	0.7297872924711283	0.6473620557942451	0.6331137671910908	0.533866699453168	0.20166338377223497	0.2530642721884628	0.21881181911264386	0.27021270752887167	0.21810326578664907	0.2695041542028769	"<b>Pays-Bas</b>
2004
Branches marchandes hors services immobiliers (-LOPQ)
Part des salaires dans la VAN : 73%"
NL	2004-01-01	263516.94368324714	305410	204731.10262817226	199743.9329868997	166647	200214.52012628256	-3039.784292329645	mdhifi	0.17830824245892296	0.03432107658557349	10482	10482	0.7769181737105425	0.7597785452723852	0.6323957680699013	0.7579927506558973	0.670348392744744	0.6555598052659787	0.5456501096886153	0.18330449791925754	0.22308182628945744	0.20222992097390277	0.24200724934410267	0.20044412635741493	0.24022145472761483	"<b>Pays-Bas</b>
2004
Branches marchandes hors services immobilier et financiers (-KLOPQ)
Part des salaires dans la VAN : 76%"
NL	2004-01-01	308730.92161710403	362899	224691.09457320895	219564.46265949312	185542	219689.3227466456	-2193.737007737232	mdhim	0.18108081055487468	0.04193453274878134	15218	15218	0.7277894076702708	0.7115883358749205	0.6009828851225791	0.7111839057436643	0.6191560036627517	0.6053731830251546	0.51127724242833406	0.2229184776290393	0.2722105923297292	0.2395239795556458	0.2888160942563357	0.2391195494243895	0.2884116641250794	"<b>Pays-Bas</b>
2004
Branches marchandes hors imm. des ménages (-LmOPQ)
Part des salaires dans la VAN : 71.2%"
NL	2004-01-01	263516.94368324714	305410	204731.10262817226	199743.9329868997	166647	200214.52012628256	-3039.784292329645	mdhimfi	0.17830824245892296	0.03432107658557349	10482	10482	0.7769181737105425	0.7597785452723852	0.6323957680699013	0.7579927506558973	0.670348392744744	0.6555598052659787	0.5456501096886153	0.18330449791925754	0.22308182628945744	0.20222992097390277	0.24200724934410267	0.20044412635741493	0.24022145472761483	"<b>Pays-Bas</b>
2004
NA
Part des salaires dans la VAN : 76%"
NL	2004-01-01	389406.71209246735	473302	306062.6679002142	300236.68	261573	300236.68	-1878.4741404295241	tb	0.18259253132588588	0.032152832652302336	15218	15218	0.7859717318574043	0.7710105416177487	0.6717218575777596	0.7710105416177487	0.6466540768900495	0.6343448369117393	0.55265559832834	0.17494830488714366	0.21402826814259565	0.18990949512679928	0.22898945838225127	0.18990949512679928	0.22898945838225127	"<b>Pays-Bas</b>
2004
Toutes branches (marchandes et non marchandes)
Part des salaires dans la VAN : 77.1%"
BE	2005-01-01	170310.7973198819	220673.9	128784.76713196044	123551.92628717527	105458.7	123789.14686915214	2221.694373094181	md	0.23626144747285985	0.04445926772490993	9811	9811	0.7561749998156237	0.7268426242914495	0.6192132363864452	0.7254497555731421	0.5835976394669259	0.5609596190086464	0.4778938515157434	0.18621855271074517	0.24382500018437622	0.21694379695322688	0.27455024442685794	0.2155509282349194	0.2731573757085504	"<b>Belgique</b>
2005
Branches marchandes
Part des salaires dans la VAN : 72.7%"
BE	2005-01-01	158299.1435382383	205280.49999999997	119567.6686375072	114488.04789615751	96924.6	114958.16182524832	1695.2183140845605	mdhfi	0.2042783038931123	0.03854238468826801	7912	7912	0.7553273249935478	0.7262083625707004	0.6122875830758185	0.7232385806844375	0.5824599445028009	0.5600052699854507	0.47215687802786926	0.19469135594714343	0.24467267500645218	0.22678010025625378	0.27676141931556253	0.22381031836999082	0.2737916374292996	"<b>Belgique</b>
2005
Branches marchandes hors services financiers (-KOPQ)
Part des salaires dans la VAN : 72.6%"
BE	2005-01-01	160778.25582967288	197698.5	128015.95632114964	122810.55400695554	104812.20000000001	123039.7659133439	-208.21620304628317	mdhi	0.2994600546108685	0.04962607202381404	9811	9811	0.7962268010717112	0.7652761580128794	0.6519053180365209	0.7638505180517694	0.6475312474356135	0.6223606446854372	0.5301618373432272	0.14275126564899207	0.2037731989282888	0.17512754866893387	0.2361494819482306	0.17370190870782382	0.23472384198712054	"<b>Belgique</b>
2005
Branches marchandes hors services immobiliers (-LOPQ)
Part des salaires dans la VAN : 76.5%"
BE	2005-01-01	148766.60204802925	182305.09999999998	118798.85782669639	113746.67561593777	96278.1	114208.78086944006	-734.6922620559037	mdhifi	0.26401720268180073	0.043399773237281905	7912.000000000001	7912	0.79855865625231	0.7677044396871268	0.6471754995715816	0.7645981964366887	0.6516485705923554	0.6264705752578511	0.5281152310056055	0.14825736366696182	0.20144134374769	0.1822178234825831	0.23540180356331125	0.1791115802321451	0.23229556031287324	"<b>Belgique</b>
2005
Branches marchandes hors services immobilier et financiers (-KLOPQ)
Part des salaires dans la VAN : 76.8%"
BE	2005-01-01	164737.3406973351	206779	128784.76713196044	123551.92628717527	105458.7	123789.14686915214	560.5837969537171	mdhim	0.27288727974257765	0.04744679101843031	9810.999999999998	9811	0.7817582011874964	0.7514334415327528	0.6401626950732121	0.7499934487480404	0.6228135697143349	0.5986543453114298	0.510006818874257	0.15868638800843257	0.21824179881250358	0.19045114044788855	0.2500065512519596	0.18901114766317614	0.24856655846724718	"<b>Belgique</b>
2005
Branches marchandes hors imm. des ménages (-LmOPQ)
Part des salaires dans la VAN : 75.1%"
BE	2005-01-01	148766.60204802925	182305.09999999998	118798.85782669639	113746.67561593777	96278.1	114208.78086944006	-734.6922620559037	mdhimfi	0.26401720268180073	0.043399773237281905	7912.000000000001	7912	0.79855865625231	0.7677044396871268	0.6471754995715816	0.7645981964366887	0.6516485705923554	0.6264705752578511	0.5281152310056055	0.14825736366696182	0.20144134374769	0.1822178234825831	0.23540180356331125	0.1791115802321451	0.23229556031287324	"<b>Belgique</b>
2005
NA
Part des salaires dans la VAN : 76.8%"
BE	2005-01-01	221889.59731988196	276828.6	180311.8954710909	174406	153985.6	174406	576.394373094181	tb	0.23596782803629798	0.03544070229737824	9811	9811	0.8126198688402163	0.7860034995176978	0.6939739485759229	0.7860034995176978	0.6513485076003379	0.6300143843519059	0.5562488846889375	0.14316444859285288	0.1873801311597837	0.1697808179153714	0.21399650048230218	0.1697808179153714	0.21399650048230218	"<b>Belgique</b>
2005
Toutes branches (marchandes et non marchandes)
Part des salaires dans la VAN : 78.6%"
DE	2005-01-01	1387689.9873554464	1714699	992383.6182843999	1044302.4848166947	879242	1046738.6716822643	-10493.975798024447	md	0.13523940969033996	0.031178066821057223	53461	53461	0.7151335149254833	0.7543029647976771	0.6336011702985566	0.7525473948304885	0.5787509167990416	0.61045038906669	0.512767546957221	0.24634130979247704	0.28486648507451673	0.20892742988747182	0.2474526051695115	0.20717185992028322	0.2456970352023229	"<b>Allemagne</b>
2005
Branches marchandes
Part des salaires dans la VAN : 75.4%"
DE	2005-01-01	1283516.4366591424	1602730	920261.9637059773	968034.0549837745	816157	976745.690965533	-10845.8155409275	mdhfi	0.11026154660775256	0.024990484984994354	40053	40053	0.7169849465280881	0.7609919616673542	0.6358757680769328	0.754204642289946	0.5741840258221768	0.6094262233598504	0.5092292525877721	0.25180937596282316	0.28301505347191197	0.21458968020096525	0.24579535771005404	0.20780236082355708	0.2390080383326459	"<b>Allemagne</b>
2005
Branches marchandes hors services financiers (-KOPQ)
Part des salaires dans la VAN : 76.1%"
DE	2005-01-01	1251639.401210946	1482588	978683.4686584646	1029748.7424843491	867402	1032144.2236749601	-14181.991687042586	mdhi	0.19585945430851193	0.03605924235188738	53461	53461.00000000001	0.7819212687868408	0.8246338543484433	0.693012699313236	0.8227199794829722	0.6601182989869503	0.6961773760983901	0.5850593691571765	0.17536594992145718	0.21807873121315918	0.13456723922532585	0.17728002051702785	0.13265336435985467	0.17536614565155667	"<b>Allemagne</b>
2005
Branches marchandes hors services immobiliers (-LOPQ)
Part des salaires dans la VAN : 82.5%"
DE	2005-01-01	1147465.850514642	1370619	906561.8140800421	953480.3126514289	804317	962151.2429582287	-14533.831429945638	mdhifi	0.16626122414878466	0.029222562944187992	40053	40053	0.7900555939625099	0.8385009824272338	0.7009507077175859	0.8309443912634001	0.6614251036065034	0.70198300399909	0.5868275574758558	0.1750387920865075	0.2099444060374901	0.13414999478561726	0.16905560873659986	0.1265934036217836	0.1614990175727662	"<b>Allemagne</b>
2005
Branches marchandes hors services immobilier et financiers (-KLOPQ)
Part des salaires dans la VAN : 83.9%"
DE	2005-01-01	1336864.8115767208	1627988	992383.6182843999	1044302.4848166947	879242	1046738.6716822643	-11871.728449784388	mdhim	0.1551927972875834	0.032838694142708666	53460.99999999999	53460.99999999999	0.7423215942934169	0.7829801956173288	0.6576895377798203	0.7811578820636522	0.6095767402980856	0.6429646113375923	0.5400789195006351	0.21768857312437362	0.257678405706583	0.17885228535413833	0.21884211793634775	0.17702997180046173	0.21701980438267116	"<b>Allemagne</b>
2005
Branches marchandes hors imm. des ménages (-LmOPQ)
Part des salaires dans la VAN : 78.3%"
DE	2005-01-01	1147465.850514642	1370619	906561.8140800421	953480.3126514289	804317	962151.2429582287	-14533.831429945638	mdhimfi	0.16626122414878466	0.029222562944187992	40053	40053	0.7900555939625099	0.8385009824272338	0.7009507077175859	0.8309443912634001	0.6614251036065034	0.70198300399909	0.5868275574758558	0.1750387920865075	0.2099444060374901	0.13414999478561726	0.16905560873659986	0.1265934036217836	0.1614990175727662	"<b>Allemagne</b>
2005
NA
Part des salaires dans la VAN : 83.9%"
DE	2005-01-01	1712702.627278939	2091534	1299728.5057530142	1359977.44	1168434	1359977.44	-15662.31626746916	tb	0.1294536321125002	0.025560665042978024	53460.99999999999	53461	0.7588757587287418	0.7940534558300223	0.6822165047159137	0.7940534558300223	0.6214235607707138	0.6502296591879453	0.5586492975968834	0.209909832448323	0.2411242412712582	0.17473213534704257	0.20594654416997776	0.17473213534704257	0.20594654416997776	"<b>Allemagne</b>
2005
Toutes branches (marchandes et non marchandes)
Part des salaires dans la VAN : 79.4%"
ES	2005-01-01	593507	699432	391728.94681893196	447734.9212728966	328748	449555.3061366167	3087	md	0.17245681307457944	0.049751798602294436	34798	34798	0.6600241392585631	0.7574557774998723	0.5539075360526498	0.754388610872149	0.5600672357268927	0.6427434062734	0.4700213887840419	0.2813447072756817	0.339975860741437	0.18698023566209568	0.24561138912785094	0.1839130690343725	0.24254422250012775	"<b>Espagne</b>
2005
Branches marchandes
Part des salaires dans la VAN : 75.7%"
ES	2005-01-01	559861	661987	371637.17713222577	426567.36067495437	309866	429745.43408474687	3058	mdhfi	0.15430565354313935	0.04387397335597225	29044	29044	0.663802581591191	0.7675930884357848	0.5534695218991857	0.7619165483485264	0.5613964883482996	0.6491750352873197	0.46808472069693213	0.28432025604172145	0.336197418408809	0.186206289284386	0.23808345165147354	0.18052974919712772	0.23240691156421528	"<b>Espagne</b>
2005
Branches marchandes hors services financiers (-KOPQ)
Part des salaires dans la VAN : 76.8%"
ES	2005-01-01	554961	630144	387331.37028831977	442092.7675903215	325750	444313.24553539854	-195.99999999999994	mdhi	0.20758859910298613	0.055222298395287424	34798	34798	0.697943405551597	0.8006206662006854	0.5869781840525731	0.7966195238770318	0.6146712025954699	0.7050979546506807	0.5169453331302052	0.2393530891570403	0.3020565944484031	0.14067697083160532	0.20338047612296814	0.13667582850795185	0.19937933379931466	"<b>Espagne</b>
2005
Branches marchandes hors services immobiliers (-LOPQ)
Part des salaires dans la VAN : 80.1%"
ES	2005-01-01	521315	592699	367239.6006016135	420925.2069923791	306868	424503.37348352873	-224.99999999999997	mdhifi	0.18850510927381803	0.04900295090762765	29044	29044	0.7044485591276167	0.8142934185349141	0.5886421837085064	0.8074296864513377	0.6196055680904026	0.7162208363495277	0.5177467820934404	0.23983848421470028	0.2955514408723833	0.13685735689097936	0.19257031354866233	0.12999362480740295	0.18570658146508592	"<b>Espagne</b>
2005
Branches marchandes hors services immobilier et financiers (-KLOPQ)
Part des salaires dans la VAN : 81.4%"
ES	2005-01-01	564377	648021	391728.94681893196	447734.9212728966	328748	449555.3061366167	199	mdhim	0.20155454613499124	0.05369887704256498	34798	34798	0.6940909123138115	0.7965514295171785	0.5824971605859204	0.7933259528168167	0.6045003893684494	0.6937357063067658	0.5073107198686463	0.2442517203590296	0.3059090876861886	0.1450166798560243	0.20667404718318327	0.14179120315566246	0.20344857048282144	"<b>Espagne</b>
2005
Branches marchandes hors imm. des ménages (-LmOPQ)
Part des salaires dans la VAN : 79.7%"
ES	2005-01-01	521315	592699	367239.6006016135	420925.2069923791	306868	424503.37348352873	-224.99999999999997	mdhimfi	0.18850510927381803	0.04900295090762765	29044	29044	0.7044485591276167	0.8142934185349141	0.5886421837085064	0.8074296864513377	0.6196055680904026	0.7162208363495277	0.5177467820934404	0.23983848421470028	0.2955514408723833	0.13685735689097936	0.19257031354866233	0.12999362480740295	0.18570658146508592	"<b>Espagne</b>
2005
NA
Part des salaires dans la VAN : 81.4%"
ES	2005-01-01	709493	833031	501516.2898166632	560270.36	435445	560270.36	3041	tb	0.16731681143203328	0.04177275515557044	34798	34798	0.7068657334415748	0.7896770792664621	0.61374107989789894	0.7896770792664621	0.6020379671544794	0.6725684398299703	0.5227236441380932	0.24408797575640184	0.2931342665584252	0.1612766299315145	0.21032292073353792	0.1612766299315145	0.21032292073353792	"<b>Espagne</b>
2005
Toutes branches (marchandes et non marchandes)
Part des salaires dans la VAN : 79%"
FR	2005-01-01	966263.6972903787	1245456	710712.6409417161	728372.6022624952	643505.8999999999	722376.0365112725	49841.06386446517	md	0.16036325807273255	0.03290441412623168	40981	40981	0.7355265885852016	0.7475972020236068	0.6659733795283167	0.7538031329387788	0.5706445197114279	0.58000927893982	0.516682965917704	0.22206159348671115	0.2644734114147984	0.203785049133134	0.2461968670612213	0.20999098004830588	0.2524027979763932	"<b>France</b>
2005
Branches marchandes
Part des salaires dans la VAN : 74.8%"
FR	2005-01-01	920772.6226169618	1187073.9	670120.4363241524	687414.1992056413	604307.3	682507.8623795805	45457.593483111996	mdhfi	0.1354985188931277	0.02861068716951826	33963	33963	0.7277805832449474	0.7412338786092485	0.6563045915532066	0.7465623785076451	0.5645145060675266	0.5749497671371433	0.5090730240130796	0.23533408897079183	0.2722194167550525	0.21655229370809426	0.25343762149235494	0.22188079360649077	0.25876612139075145	"<b>France</b>
2005
Branches marchandes hors services financiers (-KOPQ)
Part des salaires dans la VAN : 74.1%"
FR	2005-01-01	838216.2596523835	1036123.5	694627.9740398936	711928.7102551131	628788.3	705421.2351252366	31751.567338254503	mdhi	0.2854062908070218	0.0395522348445914	40981	40981	0.8286978044639252	0.8415742679792225	0.7501504447799243	0.8493377479343539	0.6704104038175889	0.6808273677078424	0.6068661699112123	0.12241147130102457	0.17130219553607487	0.10177152783059576	0.15066225206564607	0.10953500778572718	0.15842573202077748	"<b>France</b>
2005
Branches marchandes hors services immobiliers (-LOPQ)
Part des salaires dans la VAN : 84.2%"
FR	2005-01-01	792725.1849789666	977741.3999999999	654035.7694223298	670970.3071982592	589589.7	665553.0609935443	27368.09695690133	mdhifi	0.24488530623398935	0.034736178707376004	33963	33963	0.8250472948449132	0.839576026603978	0.7437504335322002	0.8464097267403735	0.6689251057818866	0.6807045922301586	0.6030119006927599	0.1321093583767185	0.17495270515508676	0.11074692648125822	0.1535902732596265	0.11758062661765367	0.16042397339602193	"<b>France</b>
2005
Branches marchandes hors services immobilier et financiers (-KLOPQ)
Part des salaires dans la VAN : 84%"
FR	2005-01-01	889314.7921557996	1119659.6	710712.6409417161	728372.6022624952	643505.9	728275.2983015194	38970.35080839501	mdhim	0.22945412315262473	0.03660130275308674	40981	40981	0.7991688063782998	0.8189173335755472	0.7235974321759217	0.819026748106638	0.6347577790086524	0.650443490415765	0.5747335172225558	0.15474964818753795	0.20083119362170015	0.13489170645919976	0.18097325189336197	0.13500112099029057	0.18108266642445278	"<b>France</b>
2005
Branches marchandes hors imm. des ménages (-LmOPQ)
Part des salaires dans la VAN : 81.9%"
FR	2005-01-01	792725.1849789666	977741.3999999999	654035.7694223298	670970.3071982592	589589.7	671927.1893338527	27368.09695690133	mdhimfi	0.24488530623398935	0.034736178707376004	33963	33963	0.8250472948449132	0.8476168060078487	0.7437504335322002	0.8464097267403735	0.6689251057818866	0.6872238296689215	0.6030119006927599	0.1321093583767185	0.17495270515508676	0.11074692648125822	0.1535902732596265	0.109539847213783	0.15238319399215128	"<b>France</b>
2005
NA
Part des salaires dans la VAN : 84.8%"
FR	2005-01-01	1247505.47086896	1578350.0999999999	977744.3112214686	998364.1399999999	899273.4999999999	1000762.5158376058	56597.64219669424	tb	0.15191586532898824	0.025964454907691267	40981	40981	0.7837595377761453	0.8022109234843808	0.7208573597465698	0.8002883861539952	0.6194723915951655	0.6340561044331077	0.5697554047102731	0.1833901052859774	0.2162404622238547	0.1668612569081275	0.1997116138460048	0.16493871957774187	0.19778907651561914	"<b>France</b>
2005
Toutes branches (marchandes et non marchandes)
Part des salaires dans la VAN : 80.2%"
IT	2005-01-01	876996.4709654422	1120400	577780.8461236074	585961.2527571834	400094	590088.9976359197	28631.006334695005	md	0.10988730958612318	0.029346661906461978	32880	32880	0.6588177549763192	0.672852191738377	0.4562093614351221	0.6681455081707769	0.5156915799032554	0.5266770775043911	0.3570992502677615	0.30369064603947504	0.34118224502368083	0.2943628928450174	0.3318544918292231	0.28965620927741725	0.327147808261623	"<b>Italie</b>
2005
Branches marchandes
Part des salaires dans la VAN : 67.3%"
IT	2005-01-01	815820.5977392385	1049768.8	539015.0139069288	546907.6150068353	367579.60000000003	554333.6743500269	24462.194530246532	mdhfi	0.08928288099481357	0.02354232665325927	24714	24714	0.6607028743827018	0.6794798708026848	0.45056425520343363	0.6703773066313826	0.5134606914464679	0.5280531049789504	0.35015290985977104	0.30900370072892663	0.3392971256172982	0.2993292684802459	0.32962269336861744	0.29022670430894365	0.3205201291973152	"<b>Italie</b>
2005
Branches marchandes hors services financiers (-KOPQ)
Part des salaires dans la VAN : 67.9%"
IT	2005-01-01	777104.4709654421	959948	572866.8241200296	580900.6851149069	398363.1	585270.3597880069	23544.206334695	mdhi	0.16098892886719787	0.03425185530882923	32880	32880	0.7371812227618814	0.7531424430757572	0.5126248977889554	0.7475194221868523	0.5967686000908691	0.6096896496351957	0.4149840408022101	0.2205078638043672	0.26281877723811864	0.21016966437939627	0.25248057781314764	0.20454664349049145	0.24685755692424285	"<b>Italie</b>
2005
Branches marchandes hors services immobiliers (-LOPQ)
Part des salaires dans la VAN : 75.3%"
IT	2005-01-01	715928.5977392384	889316.7999999999	534100.9919033509	541847.0473645587	365848.7	549515.036502114	19375.394530246533	mdhifi	0.13591995498365725	0.027789871955640557	24714	24714	0.7460255025290744	0.7675556448469503	0.5110128316640489	0.7568450947142006	0.6005744993272937	0.6179069556564253	0.4113817483263557	0.2194542952076804	0.25397449747092554	0.2086347030225543	0.24315490528579944	0.1979241528898045	0.23244435515304968	"<b>Italie</b>
2005
Branches marchandes hors services immobilier et financiers (-KLOPQ)
Part des salaires dans la VAN : 76.8%"
IT	2005-01-01	812915.8513309098	1017470.2000000001	577780.8461236074	585961.2527571834	400094	590088.9976359197	25367.829143759398	mdhim	0.13983456002653438	0.03231544275203342	32880	32880	0.7107511130182316	0.7258918578962671	0.4921714828723836	0.7208141553616464	0.5678602146024594	0.5799570322904	0.3932242929571795	0.24880189613250808	0.2892488869817684	0.2387388537890933	0.27918584463835366	0.23366115125447257	0.2741081421037329	"<b>Italie</b>
2005
Branches marchandes hors imm. des ménages (-LmOPQ)
Part des salaires dans la VAN : 72.6%"
IT	2005-01-01	715928.5977392384	889316.7999999999	534100.9919033509	541847.0473645587	365848.7	549515.036502114	19375.394530246533	mdhimfi	0.13591995498365725	0.027789871955640557	24714	24714	0.7460255025290744	0.7675556448469503	0.5110128316640489	0.7568450947142006	0.6005744993272937	0.6179069556564253	0.4113817483263557	0.2194542952076804	0.25397449747092554	0.2086347030225543	0.24315490528579944	0.1979241528898045	0.23244435515304968	"<b>Italie</b>
2005
NA
Part des salaires dans la VAN : 76.8%"
IT	2005-01-01	1068068.6709654422	1350463.3	759761.5497492731	768641.44	566881.2	768641.44	37737.506334695	tb	0.10664690413344761	0.024347199957229494	32880	32880	0.7113414805646476	0.7196554499676638	0.5307535137114247	0.7196554499676638	0.5625932594756726	0.5691686993641367	0.41976794186113753	0.25787398198582745	0.28865851943535237	0.24956001258281127	0.2803445500323362	0.24956001258281127	0.2803445500323362	"<b>Italie</b>
2005
Toutes branches (marchandes et non marchandes)
Part des salaires dans la VAN : 72%"
NL	2005-01-01	322453.3275454737	391883	227168.5575877441	222354.64709158087	187970	222577.16444444444	-989.7811403869662	md	0.18455205388858142	0.04487308712039052	17585	17585	0.7045005840595887	0.690261645425432	0.5829370762920463	0.689571569269117	0.579684644620318	0.5679684100725074	0.47965846949216984	0.24096439180573218	0.2954994159404113	0.2558934065962039	0.31042843073088305	0.2552033304398889	0.30973835457456805	"<b>Pays-Bas</b>
2005
Branches marchandes
Part des salaires dans la VAN : 69%"
NL	2005-01-01	288864.7946068502	354612	210277.88029690745	205535.7730588342	171664	205992.57367521367	-1071.6581195173544	mdhfi	0.1704863986281352	0.037782139352306184	13398.000000000002	13398	0.7279456833190737	0.7131106923416299	0.5942711026230717	0.7115293275477609	0.5929801594331479	0.580895665333417	0.48408965291642697	0.22567275599875694	0.2720543166809263	0.24208911177006975	0.28847067245223906	0.24050774697620073	0.28688930765837006	"<b>Pays-Bas</b>
2005
Branches marchandes hors services financiers (-KOPQ)
Part des salaires dans la VAN : 71.3%"
NL	2005-01-01	309440.2221481808	356566	223564.14582303818	218796.83026273194	184745	219104.5282051282	-2526.911711831719	mdhi	0.20477181483490176	0.049317657881009405	17585	17585	0.7224792700542356	0.7080673827211972	0.5970296903145695	0.7070730131455156	0.6269923263099627	0.6144851954620694	0.518122872062956	0.22069230642046356	0.27752072994576443	0.23609856332918353	0.2929269868544844	0.23510419375350203	0.2919326172788029	"<b>Pays-Bas</b>
2005
Branches marchandes hors services immobiliers (-LOPQ)
Part des salaires dans la VAN : 70.8%"
NL	2005-01-01	275851.6892095573	319295	206673.46853220154	201977.95622998523	168439	202519.93743589742	-2608.788690962107	mdhifi	0.19367367169629432	0.041961195759407446	13398	13398	0.749219514023701	0.7341623972512574	0.6106143503512907	0.732197641452715	0.6472806292995554	0.6342721853956291	0.527534098560892	0.2022109084674881	0.250780485976299	0.2192327810384741	0.26780235854728496	0.21726802523993172	0.2658376027487426	"<b>Pays-Bas</b>
2005
Branches marchandes hors services immobilier et financiers (-KLOPQ)
Part des salaires dans la VAN : 73.4%"
NL	2005-01-01	322282.2221481809	378572	227168.5575877441	222354.64709158087	187970	222577.16444444444	-1702.911711831719	mdhim	0.18488405510678438	0.04645087328170071	17585	17585	0.7048746160230183	0.6906281176816094	0.5832465680144591	0.6899376751515177	0.6000669822061433	0.5879387922097895	0.49652377883203197	0.24056140622237052	0.2951253839769817	0.25549834709387115	0.31006232484848234	0.25480790456377944	0.30937188231839063	"<b>Pays-Bas</b>
2005
Branches marchandes hors imm. des ménages (-LmOPQ)
Part des salaires dans la VAN : 69.1%"
NL	2005-01-01	275851.6892095573	319295	206673.46853220154	201977.95622998523	168439	202519.93743589742	-2608.788690962107	mdhimfi	0.19367367169629432	0.041961195759407446	13398	13398	0.749219514023701	0.7341623972512574	0.6106143503512907	0.732197641452715	0.6472806292995554	0.6342721853956291	0.527534098560892	0.2022109084674881	0.250780485976299	0.2192327810384741	0.26780235854728496	0.21726802523993172	0.2658376027487426	"<b>Pays-Bas</b>
2005
NA
Part des salaires dans la VAN : 73.4%"
NL	2005-01-01	404223.2411338642	491934	311231.9366047573	305654.48	265816	305654.48	-1074.776892765634	tb	0.18910370264238824	0.035746665203055694	17585	17585	0.7699506236497878	0.7561526624313475	0.657597023007322	0.7561526624313475	0.6326701073817979	0.6213322925433086	0.5403489085934292	0.18654618749181476	0.23004937635021214	0.2003441487102552	0.24384733756865257	0.2003441487102552	0.24384733756865257	"<b>Pays-Bas</b>
2005
Toutes branches (marchandes et non marchandes)
Part des salaires dans la VAN : 75.6%"
BE	2006-01-01	178220.41093224974	231254.5	135242.33580578663	129730.1752424799	110718.40000000002	129947.15550851096	1461.1000872600353	md	0.2643440862944705	0.049127692650305185	11361	11361	0.7588487485712219	0.7291373352175144	0.6212442190030045	0.727919852523495	0.5848203421156631	0.5619227107300008	0.47877295360738936	0.17740434421106963	0.2411512514287781	0.20833324025879654	0.272080147476505	0.20711575756477707	0.27086266478248555	"<b>Belgique</b>
2006
Branches marchandes
Part des salaires dans la VAN : 72.9%"
BE	2006-01-01	165748.21093224973	215158.9	125820.02696116512	120459.81057693629	101972.1	120903.56681161493	911.3000872600354	mdhfi	0.2263313554792389	0.04200151608880692	9037	9037	0.7591033788750491	0.7294411573530333	0.6152229301689508	0.7267638661039589	0.584777236550127	0.5619268680571193	0.4739385635453612	0.18637416233537213	0.24089662112495092	0.21871367510646222	0.273236133896041	0.21603638385738788	0.27055884264696667	"<b>Belgique</b>
2006
Branches marchandes hors services financiers (-KOPQ)
Part des salaires dans la VAN : 72.9%"
BE	2006-01-01	167821.21093224973	206491.90000000002	134434.83580578663	128951.71508137113	110040.1	129158.52155914748	-1043.3999127399647	mdhi	0.34028851461010845	0.05501910728701706	11361	11361	0.8010598604252632	0.7696197688103289	0.6556984030130956	0.768387466429554	0.6510416912517469	0.6254895303842304	0.5329027434005885	0.13124309498252193	0.19894013957473675	0.1639154889782312	0.23161253357044603	0.16268318659745623	0.23038023118967105	"<b>Belgique</b>
2006
Branches marchandes hors services immobiliers (-LOPQ)
Part des salaires dans la VAN : 77%"
BE	2006-01-01	155349.01093224972	190396.30000000002	125012.5269611651	119681.3504158275	101293.8	120114.93286225147	-1593.1999127399647	mdhifi	0.2978921357074098	0.04746415765432416	9037	9037	0.8047204562871992	0.77319406246259	0.6520401989825085	0.7704030408537491	0.656591157292264	0.6308679993374423	0.5320155906391038	0.137107303376226	0.1952795437128007	0.17142471880967614	0.22959695914625083	0.16863369720083524	0.22680593753740994	"<b>Belgique</b>
2006
Branches marchandes hors services immobilier et financiers (-KLOPQ)
Part des salaires dans la VAN : 77.3%"
BE	2006-01-01	172151.76381038048	216325.50000000003	135242.33580578663	129730.1752424799	110718.40000000002	129947.15550851096	-249.6999127399648	mdhim	0.30780753358155477	0.05251808039274149	11361	11361	0.7855994781136929	0.7548406861032425	0.6431441511221035	0.7535802850406659	0.6251798137796358	0.6007019769214029	0.5118139100568357	0.14840642604588475	0.2144005218863071	0.1804256191189118	0.24641971495933415	0.17916521805633512	0.24515931389675746	"<b>Belgique</b>
2006
Branches marchandes hors imm. des ménages (-LmOPQ)
Part des salaires dans la VAN : 75.5%"
BE	2006-01-01	155349.01093224972	190396.30000000002	125012.5269611651	119681.3504158275	101293.8	120114.93286225147	-1593.1999127399647	mdhimfi	0.2978921357074098	0.04746415765432416	9037	9037	0.8047204562871992	0.77319406246259	0.6520401989825085	0.7704030408537491	0.656591157292264	0.6308679993374423	0.5320155906391038	0.137107303376226	0.1952795437128007	0.17142471880967614	0.22959695914625083	0.16863369720083524	0.22680593753740994	"<b>Belgique</b>
2006
NA
Part des salaires dans la VAN : 77.3%"
BE	2006-01-01	232405.41873054134	290022.4	189031.53605437226	182819.34000000003	161393.10000000003	182819.34000000003	-570.3964559267332	tb	0.2619318193121336	0.039172836305057815	11361	11361	0.8133697445047173	0.786639747896614	0.6944463725569352	0.786639747896614	0.6517825383638376	0.6303628271471445	0.5564849473695825	0.13774585313471494	0.18663025549528262	0.1644758497428184	0.2133602521033861	0.1644758497428184	0.2133602521033861	"<b>Belgique</b>
2006
Toutes branches (marchandes et non marchandes)
Part des salaires dans la VAN : 78.7%"
DE	2006-01-01	1469080.7579652497	1802934	1015781.5182126067	1073136.2447152552	899781	1075400.6332912534	-13333.883136863062	md	0.14625438162256138	0.03677172874880611	66297	66297	0.6914402170916151	0.7320228159415395	0.6124789227014596	0.7304814516811197	0.5634047159866122	0.5964725460229012	0.4990648576154202	0.2634315626655273	0.3085597829083849	0.22439032807602272	0.26951854831888034	0.22284896381560285	0.2679771840584605	"<b>Allemagne</b>
2006
Branches marchandes
Part des salaires dans la VAN : 73.2%"
DE	2006-01-01	1364847.6030598679	1691127	942622.3313994198	995304.0595125072	836073	1004348.7043823265	-13686.0154144097	mdhfi	0.1388595234231977	0.0346691880621621	58630	58630	0.6906429181442263	0.7358687535008782	0.6125760840445469	0.7292419001807405	0.5573929878710586	0.5938931282998418	0.494388061925568	0.2663999049016898	0.3093570818557737	0.22780092286517556	0.27075809981925947	0.22117406954503782	0.26413124649912173	"<b>Allemagne</b>
2006
Branches marchandes hors services financiers (-KOPQ)
Part des salaires dans la VAN : 73.6%"
DE	2006-01-01	1323949.7579652497	1557552	1001903.8811755695	1058297.1108924728	887848	1060475.6622542832	-17134.88313686306	mdhi	0.2058619742655387	0.042564871028383	66297	66297	0.7567537024330699	0.8009938865687062	0.6706055079948916	0.7993483925847361	0.6432554939902935	0.6808605184637708	0.570027838556915	0.19317113451701917	0.24324629756693011	0.15057644436535295	0.2006516074152639	0.1489309503813829	0.19900611343129385	"<b>Allemagne</b>
2006
Branches marchandes hors services immobiliers (-LOPQ)
Part des salaires dans la VAN : 80.1%"
DE	2006-01-01	1219716.603059868	1445745	928744.6943623826	980464.9256897249	824140	989423.7333453562	-17487.0154144097	mdhifi	0.2014971144893434	0.040553486264866906	58630	58630.00000000001	0.7614430204790748	0.811191493879166	0.6756815459693699	0.8038465027286343	0.6423986901994353	0.6843694658085321	0.5700452016088591	0.19048843650616543	0.23855697952092525	0.14808495425660584	0.19615349727136566	0.14073996310607415	0.18880850612083397	"<b>Allemagne</b>
2006
Branches marchandes hors services immobilier et financiers (-KLOPQ)
Part des salaires dans la VAN : 81.1%"
DE	2006-01-01	1415029.393855413	1711546	1015781.5182126067	1073136.2447152552	899781	1075400.6332912534	-14749.495480066718	mdhim	0.16605473452616115	0.03873515523392301	66297	66297	0.717851885355534	0.7599846603618591	0.6358744234622868	0.7583844189917286	0.5934877112345252	0.628321198081298	0.5257124260756065	0.2352960843701223	0.282148114644466	0.19476355073392773	0.24161558100827144	0.19316330936379722	0.24001533963814092	"<b>Allemagne</b>
2006
Branches marchandes hors imm. des ménages (-LmOPQ)
Part des salaires dans la VAN : 76%"
DE	2006-01-01	1219716.603059868	1445745	928744.6943623826	980464.9256897249	824140	989423.7333453562	-17487.0154144097	mdhimfi	0.2014971144893434	0.040553486264866906	58630	58630.00000000001	0.7614430204790748	0.811191493879166	0.6756815459693699	0.8038465027286343	0.6423986901994353	0.6843694658085321	0.5700452016088591	0.19048843650616543	0.23855697952092525	0.14808495425660584	0.19615349727136566	0.14073996310607415	0.18880850612083397	"<b>Allemagne</b>
2006
NA
Part des salaires dans la VAN : 81.1%"
DE	2006-01-01	1798392.1636253311	2185514	1324914.7033893713	1391447.72	1190351	1391447.72	-18549.409978324307	tb	0.1400214488921195	0.03033474047752611	66297	66297	0.7367217952721229	0.7737176285260371	0.6618973459050238	0.7737176285260371	0.6062256766094252	0.6366684084384726	0.544654941583536	0.22641360904016372	0.26327820472787716	0.18941777578624955	0.22628237147396296	0.18941777578624955	0.22628237147396296	"<b>Allemagne</b>
2006
Toutes branches (marchandes et non marchandes)
Part des salaires dans la VAN : 77.4%"
ES	2006-01-01	641504	754209	422609.92934273824	481763.1980553498	356483	483733.02224125626	1209	md	0.1823302014538874	0.05291769257593054	39911	39911	0.6587798818756208	0.7540608043617129	0.5556987953309722	0.7509901700618388	0.560335304063911	0.6413779499333159	0.47265810935695546	0.2790053852466419	0.3412201181243792	0.1867950970604239	0.24900982993816123	0.1837244627605498	0.24593919563828712	"<b>Espagne</b>
2006
Branches marchandes
Part des salaires dans la VAN : 75.4%"
ES	2006-01-01	603985	712682	400754.1390642019	458695.49193266284	335982	462197.85139186296	1120.9999999999998	mdhfi	0.1597592011887252	0.04555748566681914	32468	32468	0.6635167083026928	0.7652472352655496	0.5562754041905014	0.7594484828806392	0.5623183117634539	0.6485330784162684	0.47143326195975205	0.2827269898023926	0.3364832916973072	0.18679521522444623	0.24055151711936085	0.18099646283953583	0.23475276473445042	"<b>Espagne</b>
2006
Branches marchandes hors services financiers (-KOPQ)
Part des salaires dans la VAN : 76.5%"
ES	2006-01-01	596390	675019	417460.1913514719	475200.319202687	352913	477564.77481798717	-2466	mdhi	0.22305394669256698	0.05912574312723049	39911	39911	0.6999785230326999	0.800759192504883	0.5917486879391003	0.7967945793904777	0.6184421347420915	0.7074834557515969	0.5228193576773394	0.23310050243721075	0.30002147696730014	0.1362844460794329	0.20320542060952226	0.13231983296502764	0.199240807495117	"<b>Espagne</b>
2006
Branches marchandes hors services immobiliers (-LOPQ)
Part des salaires dans la VAN : 80.1%"
ES	2006-01-01	558871	633492	395604.40107293555	452132.61308000004	332412	456029.6039685939	-2554.0000000000005	mdhifi	0.1988649253023536	0.05125242307716593	32467.999999999996	32468	0.7078635339334758	0.8159836598581675	0.5947920003006061	0.8090106895508982	0.6244820788154161	0.7198663976318468	0.5247295940595935	0.2340407695641113	0.2921364660665242	0.1328936139466889	0.19098931044910178	0.1259206436394197	0.1840163401418326	"<b>Espagne</b>
2006
Branches marchandes hors services immobilier et financiers (-KLOPQ)
Part des salaires dans la VAN : 81.6%"
ES	2006-01-01	608215.0000000001	695916	422609.92934273824	481763.1980553498	356483	483733.02224125626	-2026.0000000000005	mdhim	0.2150318407717406	0.057350312394024563	39911	39911	0.6948364136740103	0.7953322792783081	0.5861134631668077	0.7920935821302495	0.6072714657268093	0.6951026018100694	0.512250041671696	0.2395436986218062	0.3051635863259897	0.14228653016556692	0.20790641786975048	0.13904783301750837	0.2046677207216919	"<b>Espagne</b>
2006
Branches marchandes hors imm. des ménages (-LmOPQ)
Part des salaires dans la VAN : 79.5%"
ES	2006-01-01	558871	633492	395604.40107293555	452132.61308000004	332412	456029.6039685939	-2554.0000000000005	mdhimfi	0.1988649253023536	0.05125242307716593	32467.999999999996	32468	0.7078635339334758	0.8159836598581675	0.5947920003006061	0.8090106895508982	0.6244820788154161	0.7198663976318468	0.5247295940595935	0.2340407695641113	0.2921364660665242	0.1328936139466889	0.19098931044910178	0.1259206436394197	0.1840163401418326	"<b>Espagne</b>
2006
NA
Part des salaires dans la VAN : 81.6%"
ES	2006-01-01	766277	898262	541481.82651085	603673.76	471958	603673.76	1198	tb	0.17754384749691413	0.044431357443596636	39911	39911	0.7066398006345617	0.7878009649252163	0.6159104344773496	0.7878009649252163	0.6028105680868722	0.6720464185282246	0.5254124075158473	0.24127590086763664	0.29336019936543833	0.16011473657698194	0.21219903507478366	0.16011473657698194	0.21219903507478366	"<b>Espagne</b>
2006
Toutes branches (marchandes et non marchandes)
Part des salaires dans la VAN : 78.8%"
FR	2006-01-01	1017158.9012170283	1306151.7	743700.8987207843	761900.4502354247	672852.4999999999	755581.9780766983	44877.33552718831	md	0.19223427188137251	0.040246473667645194	52568	52568	0.7311550809130687	0.7428357331117549	0.661501855014918	0.7490476161824987	0.5693832490673054	0.5784794967358678	0.5151411585652722	0.21716371181724856	0.2688449190869313	0.19927117654781856	0.25095238381750135	0.20548305961856236	0.2571642668882451	"<b>France</b>
2006
Branches marchandes
Part des salaires dans la VAN : 74.3%"
FR	2006-01-01	968855.7216950166	1244050.7	700688.8627398694	718503.8039618816	631337.7	713357.0650617983	40249.37453395479	mdhfi	0.16185072297565098	0.03488844948200263	43403	43403.00000000001	0.7232128035679158	0.7362882306291979	0.6516323182728099	0.7416004136352279	0.5632317579499528	0.5734147853152596	0.5074855068205821	0.2319889885791478	0.27678719643208416	0.21360137851183578	0.2583995863647721	0.2189135615178658	0.26371176937080215	"<b>France</b>
2006
Branches marchandes hors services financiers (-KOPQ)
Part des salaires dans la VAN : 73.6%"
FR	2006-01-01	878069.1858235465	1078854	726285.0522321019	744100.1191949814	656933.3999999999	737097.8221207233	25013.135357659194	mdhi	0.3463339596581064	0.04872577753801719	52568.00000000001	52568	0.8271387539364733	0.8394530112446603	0.7481567632781214	0.847427664253	0.673200500004729	0.6832229589181885	0.6089177961058678	0.11299352624291122	0.17286124606352665	0.09270461592638457	0.15257233574700002	0.10067926893472422	0.16054698875533965	"<b>France</b>
2006
Branches marchandes hors services immobiliers (-LOPQ)
Part des salaires dans la VAN : 83.9%"
FR	2006-01-01	829766.0063015348	1016753	683273.016251187	700703.4729214383	615418.6000000001	694872.9091058234	20385.17436442567	mdhifi	0.29628038846830085	0.04268785044155267	43403	43403	0.8234526493760547	0.8374323650628179	0.7416772865196873	0.8444591217283544	0.6720147530926261	0.6834235149597034	0.605278371443212	0.12423983299803347	0.1765473506239453	0.10323336064573377	0.1555408782716456	0.11026011731127026	0.1625676349371821	"<b>France</b>
2006
Branches marchandes hors services immobilier et financiers (-KLOPQ)
Part des salaires dans la VAN : 83.7%"
FR	2006-01-01	935559.3469576752	1172803.3	743700.8987207843	761900.4502354247	672852.5	761536.2618821919	33223.635072293975	mdhim	0.27399366816046283	0.04482252053690504	52568	52568	0.7949264802272661	0.8139903303394006	0.7191980949023001	0.8143796037237316	0.634122447234574	0.6493299105503811	0.5737130002959575	0.14888467384762535	0.20507351977273391	0.12943155035115977	0.18562039627626836	0.1298208237354909	0.18600966966059945	"<b>France</b>
2006
Branches marchandes hors imm. des ménages (-LmOPQ)
Part des salaires dans la VAN : 81.4%"
FR	2006-01-01	829766.0063015348	1016753	683273.016251187	700703.4729214383	615418.6000000001	701520.5476990205	20385.17436442567	mdhimfi	0.29628038846830085	0.04268785044155267	43403	43403	0.8234526493760547	0.8454438267793893	0.7416772865196873	0.8444591217283544	0.6720147530926261	0.68996162066797	0.605278371443212	0.12423983299803347	0.1765473506239453	0.10323336064573377	0.1555408782716456	0.10224865559469885	0.1545561732206107	"<b>France</b>
2006
NA
Part des salaires dans la VAN : 84.5%"
FR	2006-01-01	1308027.8941460936	1651339.5	1019976.1676173281	1041207.36	937326	1044125.133722273	51836.94487574871	tb	0.18249500058021847	0.03183355088399448	52568	52568	0.7797816638177955	0.7982437824110001	0.7165948097856926	0.7960131161267938	0.6176659418716309	0.6322898069853431	0.5676155630020356	0.18002959079285838	0.22021833618220454	0.16379813848386002	0.20398688387320618	0.16156747219965373	0.2017562175889999	"<b>France</b>
2006
Toutes branches (marchandes et non marchandes)
Part des salaires dans la VAN : 79.8%"
IT	2006-01-01	904568.5273332021	1158506	601972.018245643	608575.3083160202	418309.5	612962.3123582966	28920.976444783606	md	0.14297917755383252	0.03734551223731254	43265.00000000001	43265.00000000001	0.6654797287943932	0.6776294927764042	0.46244091780778235	0.6727796622663709	0.5196106176797038	0.5290972272550134	0.3610766797927676	0.2866908379535441	0.33452027120560673	0.27939090448156645	0.32722033773362913	0.2745410739715332	0.32237050722359584	"<b>Italie</b>
2006
Branches marchandes
Part des salaires dans la VAN : 67.8%"
IT	2006-01-01	841270.7819595846	1085196.7	559794.637220273	566136.0183157533	383416.80000000005	574479.6853098385	24345.951481920976	mdhfi	0.12722570160667176	0.03299954745531386	35811	35811	0.6654155228312281	0.682871315192588	0.45575908283288	0.672953382497184	0.5158462398754743	0.5293783931612016	0.3533154864919881	0.2920167323142735	0.33458447716877193	0.2844788726483176	0.3270466175028161	0.2745609399529135	0.3171286848074119	"<b>Italie</b>
2006
Branches marchandes hors services financiers (-KOPQ)
Part des salaires dans la VAN : 68.3%"
IT	2006-01-01	797296.3643410176	988211.6000000001	596725.1350509676	603206.8277666427	416444.70000000007	607795.3853685757	24422.77380335638	mdhi	0.21570890378018093	0.043781109228023626	43265	43265	0.7484357909297299	0.7623205279142738	0.5223210823797002	0.7565653811367947	0.6038434835727161	0.6150457911732423	0.42141247886586236	0.1972995693013939	0.2515642090702701	0.1891699790943291	0.2434346188632053	0.18341483231685	0.2376794720857262	"<b>Italie</b>
2006
Branches marchandes hors services immobiliers (-LOPQ)
Part des salaires dans la VAN : 76.2%"
IT	2006-01-01	733998.6189673997	914902.3	554547.7540255976	560767.5377663758	381552.00000000006	569312.7583201175	19847.748840493754	mdhifi	0.1995588040860873	0.0391418843301629	35811	35811	0.7555160727764634	0.7756319202903069	0.5198265911409659	0.7639899085304439	0.6061278390333018	0.6222661789352999	0.4170412512898919	0.19569500708853763	0.2444839272235366	0.18722117133455718	0.23601009146955615	0.17557915957469417	0.22436807970969314	"<b>Italie</b>
2006
Branches marchandes hors services immobilier et financiers (-KLOPQ)
Part des salaires dans la VAN : 77.6%"
IT	2006-01-01	836468.8732989216	1050397.9000000001	601972.018245643	608575.3083160202	418309.5	612962.3123582966	26065.379660745617	mdhim	0.1845014083031946	0.041189153177096025	43265	43265	0.7196585999327694	0.7327975157531624	0.5000897383667645	0.7275528447530634	0.5730895104090011	0.5835524922110912	0.3982390863500393	0.22861801694913728	0.28034140006723063	0.22072377212884325	0.2724471552469366	0.21547910112874416	0.2672024842468375	"<b>Italie</b>
2006
Branches marchandes hors imm. des ménages (-LmOPQ)
Part des salaires dans la VAN : 73.3%"
IT	2006-01-01	733998.6189673997	914902.3	554547.7540255976	560767.5377663758	381552.00000000006	569312.7583201175	19847.748840493754	mdhimfi	0.1995588040860873	0.0391418843301629	35811	35811	0.7555160727764634	0.7756319202903069	0.5198265911409659	0.7639899085304439	0.6061278390333018	0.6222661789352999	0.4170412512898919	0.19569500708853763	0.2444839272235366	0.18722117133455718	0.23601009146955615	0.17557915957469417	0.22436807970969314	"<b>Italie</b>
2006
NA
Part des salaires dans la VAN : 77.6%"
IT	2006-01-01	1102809.527333202	1397912.2999999998	791885.5837192787	799045.6000000001	592738.4	799045.6	38758.37644478361	tb	0.13914978530480263	0.030949724099287205	43265	43265	0.7180619718023337	0.7245544948566417	0.537480303995334	0.7245544948566418	0.5664772988400479	0.5715992340864302	0.42401687144465366	0.24270641210470165	0.28193802819766633	0.2362138890503936	0.27544550514335825	0.23621388905039367	0.27544550514335836	"<b>Italie</b>
2006
Toutes branches (marchandes et non marchandes)
Part des salaires dans la VAN : 72.5%"
NL	2006-01-01	346129.23644697433	418407	235120.6329204842	230804.72564294154	194424	231150.58082273748	-1245.657989285336	md	0.1684914448593765	0.04470288498997388	18704	18704	0.6792856776099114	0.6678158227704317	0.561709267890131	0.6668166145459369	0.5619423980011907	0.5524539045062283	0.4646767381998867	0.26667670282348666	0.32071432239008857	0.27914576588746115	0.33318338545406306	0.2781465576629663	0.3321841772295682	"<b>Pays-Bas</b>
2006
Branches marchandes
Part des salaires dans la VAN : 66.8%"
NL	2006-01-01	312856.18114296393	381323	217584.0811963463	213330.1660508121	177472	213912.1516828721	-1345.6040867411361	mdhfi	0.15562793313370635	0.038883046655984556	14826.999999999998	14826.999999999998	0.69547637000951	0.683739572928949	0.567263844209943	0.6818793391629617	0.5706030876615004	0.5609736409366131	0.46541121306608835	0.2571312468646964	0.30452362999048993	0.2707282777112447	0.3181206608370382	0.26886804394525743	0.3162604270710509	"<b>Pays-Bas</b>
2006
Branches marchandes hors services financiers (-KOPQ)
Part des salaires dans la VAN : 68.4%"
NL	2006-01-01	329327.77001701156	377873	231426.80939107246	227152.13712929995	191119	227590.97714285715	-2750.8039320325806	mdhi	0.1910502193279228	0.04949811179946702	18704	18704	0.7027248548736659	0.6910773942054775	0.5803306535313668	0.6897448615328319	0.6124460053803062	0.6022948904601735	0.5057757500535894	0.2404806634492079	0.29727514512633413	0.25346065679004187	0.31025513846716807	0.2521281241173962	0.3089226057945224	"<b>Pays-Bas</b>
2006
Branches marchandes hors services immobiliers (-LOPQ)
Part des salaires dans la VAN : 69.1%"
NL	2006-01-01	296054.71471300116	340789	213890.2576669345	209677.5775371705	174167	210352.54800299177	-2850.750029488381	mdhifi	0.18045515704785875	0.04350785970204438	14827	14827.000000000002	0.7224686756780151	0.7105191626720417	0.5882932827765959	0.7082392784740292	0.6276325165041551	0.6172515779646401	0.5110698995566172	0.2274493656057609	0.2775313243219849	0.2416787628097468	0.2917607215259708	0.23939887861173428	0.2894808373279583	"<b>Pays-Bas</b>
2006
Branches marchandes hors services immobilier et financiers (-KLOPQ)
Part des salaires dans la VAN : 71.1%"
NL	2006-01-01	342529.77001701156	400832	235120.63292048423	230804.7256429416	194424	231150.58082273748	-1960.8039320325806	mdhim	0.17413788533829236	0.0466629410825483	18704	18704	0.686423935965645	0.674833550413027	0.5676119771730908	0.6738238420312453	0.5865814927961945	0.5766769639717824	0.4850510937250519	0.2589705913507075	0.31357606403435506	0.2715706852851071	0.32617615796875465	0.27056097690332553	0.3251664495869731	"<b>Pays-Bas</b>
2006
Branches marchandes hors imm. des ménages (-LmOPQ)
Part des salaires dans la VAN : 67.5%"
NL	2006-01-01	296054.71471300116	340789	213890.2576669345	209677.5775371705	174167	210352.54800299177	-2850.750029488381	mdhimfi	0.18045515704785875	0.04350785970204438	14827	14827.000000000002	0.7224686756780151	0.7105191626720417	0.5882932827765959	0.7082392784740292	0.6276325165041551	0.6172515779646401	0.5110698995566172	0.2274493656057609	0.2775313243219849	0.2416787628097468	0.2917607215259708	0.23939887861173428	0.2894808373279583	"<b>Pays-Bas</b>
2006
NA
Part des salaires dans la VAN : 71.1%"
NL	2006-01-01	430814.393839753	522221	322242.4946976351	317194.64	274644	317194.64	-1366.6696458688975	tb	0.17227293754452003	0.03581625403804137	18704	18704	0.7479845132971518	0.7362675076218198	0.6374995913023217	0.7362675076218198	0.6170615404160981	0.6073954130530944	0.525915273418725	0.20860003850183662	0.2520154867028482	0.22031704417716863	0.2637324923781802	0.22031704417716863	0.2637324923781802	"<b>Pays-Bas</b>
2006
Toutes branches (marchandes et non marchandes)
Part des salaires dans la VAN : 73.6%"
BE	2007-01-01	189721.5093648556	245095.5	142940.0761675553	136822.6568650236	117198.09999999999	137022.1169315767	620.9124930321013	md	0.2511466450899162	0.0479364166212762	11749.000000000002	11749	0.7534205090718818	0.7222276345486367	0.6177375480110429	0.7211763037468693	0.5832015527317119	0.5590560289012924	0.4781732018743714	0.18465187903354188	0.24657949092811818	0.21689608435855443	0.27882369625313075	0.21584475355678695	0.27777236545136325	"<b>Belgique</b>
2007
Branches marchandes
Part des salaires dans la VAN : 72.2%"
BE	2007-01-01	177652.90936485556	229127.7	133171.3745739298	127212.51154854472	108096.6	127632.9044283893	1.1124930321014723	mdhfi	0.21148101215965748	0.04105570823606225	9407	9407	0.7496155005287778	0.7184397085569962	0.6084707556237994	0.7160733365040557	0.581210279568685	0.557038299727136	0.47177447336136136	0.19743293209395893	0.25038449947122227	0.23097509611868103	0.2839266634959443	0.22860872406574043	0.2815602914430037	"<b>Belgique</b>
2007
Branches marchandes hors services financiers (-KOPQ)
Part des salaires dans la VAN : 71.8%"
BE	2007-01-01	178713.00936485556	218856.80000000002	142072.25116755528	135987.39499749147	116467.29999999999	136178.73377815553	-1893.1875069678986	mdhi	0.3206538450087443	0.05368350446502004	11749	11749	0.7949743092149743	0.7619967581662551	0.6517001779217066	0.7609261098606612	0.6491562115847224	0.6222275651391939	0.5321621261025473	0.13928341470923336	0.20502569078502572	0.17333161406354636	0.23907389013933872	0.17226096575795255	0.2380032418337449	"<b>Belgique</b>
2007
Branches marchandes hors services immobiliers (-LOPQ)
Part des salaires dans la VAN : 76.2%"
BE	2007-01-01	166644.40936485556	202889	132303.5495739298	126377.24968101262	107365.79999999999	126789.52127496811	-2512.9875069678983	mdhifi	0.27393024103856917	0.046365253907308925	9406.999999999998	9407	0.7939273215236463	0.7608387329536622	0.6442808397186043	0.7583647730078902	0.6520981895220037	0.6249206279047563	0.5291849237760549	0.1496231399898626	0.20607267847635374	0.18518568850561865	0.2416352269921098	0.1827117285598466	0.23916126704633775	"<b>Belgique</b>
2007
Branches marchandes hors services immobilier et financiers (-KLOPQ)
Part des salaires dans la VAN : 76.1%"
BE	2007-01-01	183301.6078701169	229225.30000000002	142940.0761675553	136822.6568650236	117198.1	137022.11693157672	-1138.1875069678983	mdhim	0.29109400719929407	0.051255249747737264	11749	11749	0.7798080869472743	0.7475227223793219	0.6393730058442464	0.7464345700773822	0.6235789686721112	0.597761752003713	0.5112790778330315	0.15609536672932922	0.22019191305272567	0.18946888359922132	0.25356542992261777	0.1883807312972816	0.25247727762067806	"<b>Belgique</b>
2007
Branches marchandes hors imm. des ménages (-LmOPQ)
Part des salaires dans la VAN : 74.8%"
BE	2007-01-01	166644.40936485556	202889	132303.5495739298	126377.24968101262	107365.79999999999	126789.52127496811	-2512.9875069678983	mdhimfi	0.27393024103856917	0.046365253907308925	9406.999999999998	9407	0.7939273215236463	0.7608387329536622	0.6442808397186043	0.7583647730078902	0.6520981895220037	0.6249206279047563	0.5291849237760549	0.1496231399898626	0.20607267847635374	0.18518568850561865	0.2416352269921098	0.1827117285598466	0.23916126704633775	"<b>Belgique</b>
2007
NA
Part des salaires dans la VAN : 76.1%"
BE	2007-01-01	246507.30936485558	306588.80000000005	199063.0699555364	192181.58	170105.9	192181.58	-1593.587506967899	tb	0.24763807253051284	0.03832168689789059	11749	11749	0.8075341476422635	0.7796181804716871	0.6900643248197812	0.7796181804716871	0.649283567943566	0.6268382276195346	0.5548340317715453	0.1448039796519244	0.19246585235773656	0.17271994682250075	0.22038181952831287	0.17271994682250075	0.22038181952831287	"<b>Belgique</b>
2007
Toutes branches (marchandes et non marchandes)
Part des salaires dans la VAN : 78%"
DE	2007-01-01	1537811.9707501088	1890753	1048813.1535718958	1105987.3564803642	930936	1108102.8073394496	-12483.102299525983	md	0.14222733789283018	0.03678375758229658	69549	69549	0.6820165101591121	0.7205710635734893	0.605363996188631	0.7191954397005307	0.5547065923322062	0.5860642862073733	0.49236256665994976	0.2727575445869466	0.3179834898408879	0.23557861504552796	0.28080456029946926	0.23420299117256932	0.2794289364265106	"<b>Allemagne</b>
2007
Branches marchandes
Part des salaires dans la VAN : 72.1%"
DE	2007-01-01	1439375.2793645605	1784835	975290.7599151792	1027858.907100588	866910	1036844.5808010742	-12845.310901696834	mdhfi	0.1277784487841939	0.03322435967470382	59300	59300	0.677579206685931	0.7203434682154669	0.6022821236604216	0.7141007087146556	0.5464318886144541	0.5809190097690118	0.4857087629948987	0.2812223644886281	0.322420793314069	0.24470086245990352	0.28589929128534447	0.23845810295909212	0.27965653178453304	"<b>Allemagne</b>
2007
Branches marchandes hors services financiers (-KOPQ)
Part des salaires dans la VAN : 72%"
DE	2007-01-01	1389148.3941681865	1632917	1034747.6424607846	1090928.7367627358	918918	1092946.2939360037	-16968.119694371522	mdhi	0.1962439404119002	0.04259187699068599	69549	69549	0.7448791265244094	0.7867743277279265	0.6614973633182238	0.7853219579294675	0.6336804886352366	0.6693214008648349	0.562746300026272	0.20505494798341492	0.25512087347559065	0.16461211657835684	0.21467804207053257	0.16315974677989767	0.2132256722720734	"<b>Allemagne</b>
2007
Branches marchandes hors services immobiliers (-LOPQ)
Part des salaires dans la VAN : 78.7%"
DE	2007-01-01	1290711.702782638	1526999	961225.2488040682	1012800.2873829597	854892	1021688.0673976281	-17330.328296542375	mdhifi	0.17997704999385788	0.03883434108339298	59299.99999999999	59300	0.7447249813663022	0.791569538879191	0.6623415578838739	0.7846835859622792	0.6294864952786925	0.6690823421610808	0.5598510542574029	0.20933137384287775	0.2552750186336978	0.1693727692469008	0.21531641403772087	0.162486816329989	0.208430461120809	"<b>Allemagne</b>
2007
Branches marchandes hors services immobilier et financiers (-KLOPQ)
Part des salaires dans la VAN : 79.2%"
DE	2007-01-01	1481359.411295419	1792844	1048813.1535718958	1105987.3564803642	930936	1108102.8073394496	-14186.21423157555	mdhim	0.1607897392663483	0.038792555292038795	69549	69549	0.7080072165975776	0.7480310307479237	0.6284335812778312	0.7466029837507161	0.5849996729062293	0.6180698417371783	0.5192509777760921	0.2450433398914916	0.2919927834024224	0.20644757273835304	0.25339701624928385	0.2050195257411456	0.2519689692520764	"<b>Allemagne</b>
2007
Branches marchandes hors imm. des ménages (-LmOPQ)
Part des salaires dans la VAN : 74.8%"
DE	2007-01-01	1290711.702782638	1526999	961225.2488040682	1012800.2873829597	854892	1021688.0673976281	-17330.328296542375	mdhimfi	0.17997704999385788	0.03883434108339298	59299.99999999999	59300	0.7447249813663022	0.791569538879191	0.6623415578838739	0.7846835859622792	0.6294864952786925	0.6690823421610808	0.5598510542574029	0.20933137384287775	0.2552750186336978	0.1693727692469008	0.21531641403772087	0.162486816329989	0.208430461120809	"<b>Allemagne</b>
2007
NA
Part des salaires dans la VAN : 79.2%"
DE	2007-01-01	1869894.8363754954	2279130	1360885.9673782452	1427278.6	1224003	1427278.6	-17559.729648975717	tb	0.1366361260797122	0.030515591475694673	69549	69549	0.7277874353704907	0.7632935137499823	0.6545838708087682	0.7632935137499823	0.5971076539636814	0.6262383453335264	0.5370483473957168	0.23501849432830985	0.27221256462950927	0.19951241594881827	0.23670648625001772	0.19951241594881827	0.23670648625001772	"<b>Allemagne</b>
2007
Toutes branches (marchandes et non marchandes)
Part des salaires dans la VAN : 76.3%"
ES	2007-01-01	694703	814398	451690.9562121319	504582.86848375143	382916	506574.1829610055	-187.99999999999977	md	0.19543064310613786	0.0583154673759022	47492	47492	0.6501928971260119	0.7291953294587838	0.5511938195171174	0.7263289038391246	0.5546317110456213	0.622022872061333	0.4701828835532504	0.28144407579622965	0.34980710287398803	0.2053080690831169	0.2736710961608753	0.20244164346345778	0.2708046705412162	"<b>Espagne</b>
2007
Branches marchandes
Part des salaires dans la VAN : 72.9%"
ES	2007-01-01	650968	766466	427840.16068581596	479595.5628723952	360543	483167.81620367384	-181.99999999999977	mdhfi	0.17572437451334885	0.05115556332570525	39209	39209	0.6572368544779712	0.7422297504695682	0.5538567179953546	0.736742148419577	0.5581984858895449	0.6303838868308234	0.4703965994577711	0.2825313061689423	0.3427631455220288	0.20302601222733652	0.263257851580423	0.19753841017734539	0.25777024953043187	"<b>Espagne</b>
2007
Branches marchandes hors services financiers (-KOPQ)
Part des salaires dans la VAN : 74.2%"
ES	2007-01-01	637942	722042	445984.6794825721	497535.1422377028	378954	500018.47357009345	-3261	mdhi	0.24740916299510532	0.06577456713044394	47492	47492	0.6990991022421663	0.7837992694791901	0.5940257891783266	0.7799065467357578	0.6176713812805517	0.6925060779983622	0.5248365053556441	0.2264552584990923	0.3009008977578337	0.14564781400550084	0.2200934532642422	0.14175509126206856	0.21620073052080996	"<b>Espagne</b>
2007
Branches marchandes hors services immobiliers (-LOPQ)
Part des salaires dans la VAN : 78.4%"
ES	2007-01-01	594207	674110	422133.8839562563	472547.83662634686	356581	476612.10681276186	-3255	mdhifi	0.22786243953432248	0.0581640978475323	39209	39209	0.7104155352532978	0.8020977652783657	0.6000955895841011	0.7952579431517078	0.6262092002139952	0.707024234639394	0.5289655990862026	0.22359904215827764	0.2895844647467022	0.1387566342598676	0.20474205684829216	0.1319168121332097	0.19790223472163426	"<b>Espagne</b>
2007
Branches marchandes hors services immobilier et financiers (-KLOPQ)
Part des salaires dans la VAN : 80.2%"
ES	2007-01-01	655574	748921	451690.9562121319	504582.86848375143	382916	506574.1829610055	-2904	mdhim	0.23293746805846918	0.06341389812810697	47492	47492	0.6890007172525632	0.7727185381985946	0.5840927187472352	0.7696810253056885	0.6031223002321098	0.6764053658009396	0.5112902428961132	0.2385558972562489	0.31099928274743677	0.15787558920312364	0.2303189746943115	0.15483807631021748	0.22728146180140535	"<b>Espagne</b>
2007
Branches marchandes hors imm. des ménages (-LmOPQ)
Part des salaires dans la VAN : 77.3%"
ES	2007-01-01	594207	674110	422133.8839562563	472547.83662634686	356581	476612.10681276186	-3255	mdhimfi	0.22786243953432248	0.0581640978475323	39209	39209	0.7104155352532978	0.8020977652783657	0.6000955895841011	0.7952579431517078	0.6262092002139952	0.707024234639394	0.5289655990862026	0.22359904215827764	0.2895844647467022	0.1387566342598676	0.20474205684829216	0.1319168121332097	0.19790223472163426	"<b>Espagne</b>
2007
NA
Part des salaires dans la VAN : 80.2%"
ES	2007-01-01	830389	970997	581320.855567855	636857.48	509107	636857.48	-177.99999999999977	tb	0.1906787401828438	0.04891055276174901	47492	47492	0.7000584732792161	0.766938723899281	0.613094585790515	0.766938723899281	0.5986845021847184	0.6558799666734294	0.5243136693522225	0.24274905427714608	0.29994152672078395	0.1758688036570812	0.23306127610071908	0.1758688036570812	0.23306127610071908	"<b>Espagne</b>
2007
Toutes branches (marchandes et non marchandes)
Part des salaires dans la VAN : 76.7%"
FR	2007-01-01	1073215.0014147074	1377942.0000000002	774087.213879819	792890.8635674535	700643.6000000001	785935.0317812646	46871.352497174725	md	0.1878427960941157	0.04077747829734488	56189	56189.00000000001	0.7212787865054259	0.7323183432445953	0.6528455147164498	0.7387996464103355	0.5617705345216409	0.570368732342337	0.5084710386939363	0.22636544142100837	0.2787212134945742	0.20884458151609878	0.2612003535896646	0.21532588468183886	0.2676816567554046	"<b>France</b>
2007
Branches marchandes
Part des salaires dans la VAN : 73.2%"
FR	2007-01-01	1022218.6763878496	1312383.8	729456.5313763991	747866.2602738995	657551.5	742105.0603463089	41931.157604117456	mdhfi	0.15658786759540577	0.03493109256606185	45843	45843	0.7136012559993857	0.7259748598691614	0.6432591334796863	0.7316108358698629	0.5558256139525641	0.565463441674843	0.5010359774328211	0.24155217539555557	0.28639874400061427	0.2235425955250784	0.2683891641301371	0.2291785715257798	0.2740251401308385	"<b>France</b>
2007
Branches marchandes hors services financiers (-KOPQ)
Part des salaires dans la VAN : 72.6%"
FR	2007-01-01	923434.1402189325	1133690.5	755756.2026986263	774155.3246787556	683892.6000000001	766486.1751887394	26057.091671586022	mdhi	0.3351007343658159	0.04956290980651245	56189.00000000001	56189	0.8184191701201861	0.8300388103552431	0.7405970498750017	0.8383438417115647	0.6666336206386366	0.6760982606705617	0.6032445363174518	0.12073296044033399	0.18158082987981392	0.1008082888489554	0.16165615828843533	0.10911332020527706	0.16996118964475698	"<b>France</b>
2007
Branches marchandes hors services immobiliers (-LOPQ)
Part des salaires dans la VAN : 83%"
FR	2007-01-01	872437.8151920746	1068132.3	711125.5201952063	729130.7213852017	640800.5	722656.2037537838	21116.896778528753	mdhifi	0.28418788537408124	0.042918840671703304	45843	45843	0.8151016700699132	0.8283182952067305	0.7344941826701108	0.8357394747093548	0.6657653927282288	0.6765605756457171	0.5999261514701877	0.13235246453805627	0.18489832993008684	0.11171465989861457	0.16426052529064514	0.11913583940123895	0.17168170479326952	"<b>France</b>
2007
Branches marchandes hors services immobilier et financiers (-KLOPQ)
Part des salaires dans la VAN : 82.8%"
FR	2007-01-01	985845.1268633225	1235465.7000000002	774087.213879819	792890.8635674535	700643.6000000001	792420.1732712024	34730.019200696195	mdhim	0.2653454560839825	0.04548001615908883	56189	56189	0.7852016435307069	0.803797829576393	0.71070351813702	0.8042752780958665	0.6265550017939138	0.641393907796228	0.5671089047636045	0.15780258860585866	0.2147983564692931	0.13872895404069907	0.1957247219041335	0.13920640256017258	0.19620217042360702	"<b>France</b>
2007
Branches marchandes hors imm. des ménages (-LmOPQ)
Part des salaires dans la VAN : 80.4%"
FR	2007-01-01	872437.8151920746	1068132.3	711125.5201952063	729130.7213852017	640800.5	729886.0794221808	21116.896778528753	mdhimfi	0.28418788537408124	0.042918840671703304	45843	45843	0.8151016700699132	0.8366052762872161	0.7344941826701108	0.8357394747093548	0.6657653927282288	0.6833292836684938	0.5999261514701877	0.13235246453805627	0.18489832993008684	0.11171465989861457	0.16426052529064514	0.11084885832075334	0.1633947237127839	"<b>France</b>
2007
NA
Part des salaires dans la VAN : 83.7%"
FR	2007-01-01	1375660.924736009	1737381.3000000003	1060055.5922127876	1082002.4200000002	974335.3	1085200.6869840242	54193.27583500846	tb	0.17803564835478744	0.03234120224501092	56189	56189	0.7705791253874668	0.7888576810395888	0.7082670463922468	0.7865327862006677	0.6101456210060436	0.6246186067410902	0.5608068303716633	0.18857578045476844	0.2294208746125332	0.17262211964156757	0.2134672137993323	0.17029722480264653	0.21114231896041127	"<b>France</b>
2007
Toutes branches (marchandes et non marchandes)
Part des salaires dans la VAN : 78.9%"
IT	2007-01-01	942583.789283133	1211336.2	629063.6123382072	635533.7327309966	439362.2	639673.5591504425	33773.0387836021	md	0.15831516964446943	0.04097541211102252	49635	49634.99999999999	0.667382167495827	0.6786384048010585	0.46612535139624023	0.6742464064805757	0.519313805975754	0.5280726846522398	0.3627087178604916	0.2799593839244991	0.332617832504173	0.27309514493975046	0.32575359351942434	0.2687031466192676	0.3213615951989415	"<b>Italie</b>
2007
Branches marchandes
Part des salaires dans la VAN : 67.9%"
IT	2007-01-01	870769.789283133	1129044.9	584137.1450834069	590327.5425533673	402637.1	598942.7904650039	28860.038783602096	mdhfi	0.14783731322128485	0.037531722609083135	42375	42375	0.6708284465912646	0.6878313853287074	0.46239213274897106	0.6779375557337128	0.5173728211193435	0.5304862459101529	0.3566174383321691	0.2805077153639113	0.3291715534087354	0.2733986062214631	0.3220624442662872	0.2635047766264686	0.3121686146712927	"<b>Italie</b>
2007
Branches marchandes hors services financiers (-KOPQ)
Part des salaires dans la VAN : 68.8%"
IT	2007-01-01	833286.051377417	1035317.2	623406.2123382073	629752.5657405881	437333.60000000003	634070.5746999196	29174.741395989047	mdhi	0.23649246267397406	0.04794182884240695	49635	49635	0.74812990245993	0.7609278634291364	0.5248300979922682	0.7557459586652275	0.6021403028349257	0.6124408777328528	0.42241508206373857	0.19230471789888473	0.25187009754006995	0.18468866169358725	0.24425404133477244	0.17950675692967838	0.2390721365708636	"<b>Italie</b>
2007
Branches marchandes hors services immobiliers (-LOPQ)
Part des salaires dans la VAN : 76.1%"
IT	2007-01-01	761472.051377417	953025.8999999999	578479.745083407	584546.3755629589	400608.5	593339.806014481	24261.74139598905	mdhifi	0.23156711261902427	0.044463639445685585	42375	42375	0.7596861159080001	0.7792010290347442	0.5260974441220061	0.7676530931182313	0.6069926799296924	0.6225851847410244	0.4203542631947359	0.18466509183055263	0.24031388409199994	0.17669811462032148	0.2323469068817688	0.16515017870380846	0.22079897096525578	"<b>Italie</b>
2007
Branches marchandes hors services immobilier et financiers (-KLOPQ)
Part des salaires dans la VAN : 77.9%"
IT	2007-01-01	871290.547480965	1096521.7	629063.6123382072	635533.7327309966	439362.2	639673.5591504425	30773.63976752941	mdhim	0.20491115065608756	0.045265862043587464	49635	49635	0.7219906312043977	0.7341679087416214	0.504266000899773	0.7294165356991675	0.5736900713758855	0.5833660739686616	0.4006871911426833	0.22104214914252282	0.2780093687956023	0.213616244647753	0.27058346430083247	0.20886487160529912	0.2658320912583786	"<b>Italie</b>
2007
Branches marchandes hors imm. des ménages (-LmOPQ)
Part des salaires dans la VAN : 73.4%"
IT	2007-01-01	761472.051377417	953025.8999999999	578479.745083407	584546.3755629589	400608.5	593339.806014481	24261.74139598905	mdhimfi	0.23156711261902427	0.044463639445685585	42375	42375	0.7596861159080001	0.7792010290347442	0.5260974441220061	0.7676530931182313	0.6069926799296924	0.6225851847410244	0.4203542631947359	0.18466509183055263	0.24031388409199994	0.17669811462032148	0.2323469068817688	0.16515017870380846	0.22079897096525578	"<b>Italie</b>
2007
NA
Part des salaires dans la VAN : 77.9%"
IT	2007-01-01	1142711.3716579936	1454283.5999999999	819921.2321682029	826917.38	614796.9	826917.3799999999	43745.54288840178	tb	0.1537686376617767	0.03413020679047746	49635	49635	0.7175225980105151	0.7236450082755377	0.5380159113214854	0.7236450082755378	0.563797344732625	0.5686080624164365	0.42274897413406853	0.23904123671532376	0.2824774019894849	0.23291882645030101	0.27635499172446215	0.23291882645030113	0.27635499172446226	"<b>Italie</b>
2007
Toutes branches (marchandes et non marchandes)
Part des salaires dans la VAN : 72.4%"
NL	2007-01-01	371148.3959039377	446841	249716.01242086332	244806.43424674586	206903	245175.4587826087	-1588.4158230354078	md	0.16470071183925714	0.04475865016862821	20000	20000	0.6728198617501123	0.6605860660814121	0.557467046290432	0.6595917884826525	0.558847582072512	0.5486861294791855	0.4630349497919842	0.2732933365804646	0.3271801382498877	0.2865214098479244	0.34040821151734746	0.28552713224916476	0.3394139339185878	"<b>Pays-Bas</b>
2007
Branches marchandes
Part des salaires dans la VAN : 66.1%"
NL	2007-01-01	337835.9189940941	409615	230824.17334040356	225979.0240100142	188573	226585.76440579712	-1699.4874320886843	mdhfi	0.15148804368131455	0.039576187395481126	16210.999999999998	16211.000000000002	0.6832434337582639	0.670697672054694	0.5581792503339367	0.6689017102825133	0.5635149429107907	0.5531676437771984	0.46036644165863067	0.2687717336985648	0.3167565662417361	0.28311345717431535	0.33109828971748667	0.28131749540213463	0.32930232794530595	"<b>Pays-Bas</b>
2007
Branches marchandes hors services financiers (-KOPQ)
Part des salaires dans la VAN : 67.1%"
NL	2007-01-01	350636.0890509011	401243	245786.3267065776	240928.0868496548	203421	241401.30260869564	-3149.840632429851	mdhi	0.19074912095957441	0.049845106332073084	20000	20000	0.7009727018455801	0.6884667897765991	0.580148496837899	0.687117197496119	0.6125622794829507	0.6016336798615692	0.506977068758832	0.24198810388854775	0.2990272981544199	0.25584360823800883	0.312882802503881	0.2544940159575287	0.31153321022340086	"<b>Pays-Bas</b>
2007
Branches marchandes hors services immobiliers (-LOPQ)
Part des salaires dans la VAN : 68.8%"
NL	2007-01-01	317323.6121410576	364017	226894.4876261178	222100.6766129231	185091	222811.60823188408	-3260.912241483128	mdhifi	0.17926746595143445	0.04453363441817278	16211	16211	0.7150255415763325	0.7021589308419923	0.5832878264278765	0.6999185314775576	0.6233073939571993	0.6120912161571687	0.5084680111093712	0.2338878094011742	0.28497445842366753	0.24899481949994917	0.30008146852244244	0.24675442013551435	0.2978410691580077	"<b>Pays-Bas</b>
2007
Branches marchandes hors services immobilier et financiers (-KLOPQ)
Part des salaires dans la VAN : 70.2%"
NL	2007-01-01	363903.0890509011	424898	249716.01242086332	244806.43424674586	206903	245175.45878260868	-2335.8406324298517	mdhim	0.17515116938144684	0.04707012035829776	20000	20000	0.686215698449139	0.6737383280313805	0.5685662095906511	0.6727242543756023	0.5877081380022107	0.5770219176899131	0.48694745562464403	0.2588246142006872	0.31378430155086107	0.27231605827422384	0.3272757456243977	0.2713019846184457	0.32626167196861955	"<b>Pays-Bas</b>
2007
Branches marchandes hors imm. des ménages (-LmOPQ)
Part des salaires dans la VAN : 67.4%"
NL	2007-01-01	317323.6121410576	364017	226894.4876261178	222100.6766129231	185091	222811.60823188408	-3260.912241483128	mdhimfi	0.17926746595143445	0.04453363441817278	16211	16211	0.7150255415763325	0.7021589308419923	0.5832878264278765	0.6999185314775576	0.6233073939571993	0.6120912161571687	0.5084680111093712	0.2338878094011742	0.28497445842366753	0.24899481949994917	0.30008146852244244	0.24675442013551435	0.2978410691580077	"<b>Pays-Bas</b>
2007
NA
Part des salaires dans la VAN : 70.2%"
NL	2007-01-01	459588.92416806973	554773	341181.80825419666	335379.28	290582	335379.28	-2305.322832095493	tb	0.16890876739661148	0.03605078113030014	20000	20000	0.7423629907352335	0.7297375162099278	0.632265019280002	0.7297375162099278	0.6149935347506037	0.6045342509458824	0.5237854041202438	0.21411985959410545	0.25763700926476657	0.2267453341194112	0.2702624837900723	0.2267453341194112	0.2702624837900723	"<b>Pays-Bas</b>
2007
Toutes branches (marchandes et non marchandes)
Part des salaires dans la VAN : 73%"
BE	2008-01-01	189685.01833857904	248606.9	150330.38048650805	143379.34370859593	123378.1	143608.22708117927	218.9996916720121	md	0.2945015030646531	0.04661978408483433	11590	11590	0.7925263776930196	0.7570878730382659	0.6504367138778233	0.755881223327139	0.6046911026464191	0.5776518153002964	0.49627785874004304	0.14637232869130654	0.20747362230698038	0.1830174830571871	0.24411877667286097	0.18181083334606024	0.24291212696173412	"<b>Belgique</b>
2008
Branches marchandes
Part des salaires dans la VAN : 75.7%"
BE	2008-01-01	179182.41833857904	233922.80000000002	140148.6280903419	133370.03784806584	113865	133818.30369707977	-449.8003083279878	mdhfi	0.24752912639418506	0.04130422515462366	9662	9662	0.7821561366892605	0.7468271995538074	0.6354697132440934	0.744325470571855	0.5991234205915024	0.5720618242303861	0.4867631543398078	0.16392116213509783	0.21784386331073943	0.20175182825250332	0.2556745294281449	0.19925009927055098	0.25317280044619256	"<b>Belgique</b>
2008
Branches marchandes hors services financiers (-KOPQ)
Part des salaires dans la VAN : 74.7%"
BE	2008-01-01	179294.21833857906	221609.2	149395.9865166588	142482.73077077008	122590.20000000001	142703.93543104653	-2471.9003083279886	mdhi	0.3876483421839899	0.05229927277387401	11590	11590	0.8332448636717306	0.7959204527251655	0.6837376081391581	0.7946867003915643	0.6741416264155946	0.6439440936163594	0.5531819076103339	0.10211278417995057	0.16675513632826944	0.14067094746011685	0.20531329960843572	0.13943719512651553	0.2040795472748344	"<b>Belgique</b>
2008
Branches marchandes hors services immobiliers (-LOPQ)
Part des salaires dans la VAN : 79.6%"
BE	2008-01-01	168791.61833857905	206925.1	139214.23412049265	132473.42491024	113077.1	132914.01204694706	-3140.700308327988	mdhifi	0.32666850891066096	0.04669322378000542	9662	9662	0.8247698285660302	0.7874443847107081	0.669921297710285	0.7848341417315615	0.6727759663786204	0.6423290941840649	0.5464639137543005	0.11798799261547536	0.17523017143396977	0.15792367944994407	0.21516585826843845	0.15531343647079748	0.21255561528929187	"<b>Belgique</b>
2008
Branches marchandes hors services immobilier et financiers (-KLOPQ)
Part des salaires dans la VAN : 78.7%"
BE	2008-01-01	183748.09823538506	232612.80000000002	150330.38048650805	143379.34370859593	123378.1	143608.22708117927	-1594.000308327988	mdhim	0.3468220088246295	0.04982528906405838	11590	11590	0.8181329871176777	0.7815494607036106	0.6714523915341434	0.7803038240152237	0.6462687370880194	0.617370269740871	0.5304011645102935	0.11879153013554056	0.18186701288232238	0.15662069323799452	0.21969617598477634	0.15537505654960748	0.2184505392963893	"<b>Belgique</b>
2008
Branches marchandes hors imm. des ménages (-LmOPQ)
Part des salaires dans la VAN : 78.2%"
BE	2008-01-01	168791.61833857905	206925.1	139214.23412049265	132473.42491024	113077.1	132914.01204694706	-3140.700308327988	mdhimfi	0.32666850891066096	0.04669322378000542	9662	9662	0.8247698285660302	0.7874443847107081	0.669921297710285	0.7848341417315615	0.6727759663786204	0.6423290941840649	0.5464639137543005	0.11798799261547536	0.17523017143396977	0.15792367944994407	0.21516585826843845	0.15531343647079748	0.21255561528929187	"<b>Belgique</b>
2008
NA
Part des salaires dans la VAN : 78.7%"
BE	2008-01-01	250222.42574102947	313983.80000000005	209966.18774129622	202141.91999999998	179628	202141.91999999998	-2214.6965857650066	tb	0.28790569054358234	0.03691273244033609	11590	11590	0.8391181850287196	0.8078489344084973	0.717873305991798	0.8078489344084973	0.6687166272313928	0.6437972914526162	0.57209320990446	0.11456302493606906	0.16088181497128037	0.14583227555629144	0.19215106559150277	0.14583227555629144	0.19215106559150277	"<b>Belgique</b>
2008
Toutes branches (marchandes et non marchandes)
Part des salaires dans la VAN : 80.8%"
DE	2008-01-01	1545750.1659469376	1911921	1089102.6097143712	1154047.0486443574	968018	1156220.1754855996	-13491.515742659234	md	0.14036207820491758	0.03352439771308543	64096	64096.00000000001	0.704578678823676	0.7479993862897572	0.6262447977205846	0.7465935143130843	0.5696378719174962	0.6047426517547533	0.5063064844206429	0.2539553705899728	0.2954213211763241	0.21194053510056446	0.25340648568691576	0.21053466312389163	0.2520006137102429	"<b>Allemagne</b>
2008
Branches marchandes
Part des salaires dans la VAN : 74.8%"
DE	2008-01-01	1455044.0610568898	1813783	1013113.696018311	1072826.0299079004	901784	1082409.8314981023	-13849.366240219813	mdhfi	0.13393060238083687	0.03263234907373153	59188	59188	0.6962769878476552	0.7439017556017377	0.6197640498563168	0.7373151498440806	0.55856389436791	0.5967692008901297	0.49718406226103123	0.26304520617785904	0.3037230121523448	0.22200704418143355	0.26268485015591936	0.2154204384237766	0.25609824439826234	"<b>Allemagne</b>
2008
Branches marchandes hors services financiers (-KOPQ)
Part des salaires dans la VAN : 74.4%"
DE	2008-01-01	1393487.5970324418	1644284	1074862.7567731948	1138702.3815252394	955838	1140710.4446885465	-18352.533905387718	mdhi	0.20116447904014237	0.03898110058846282	64096	64095.99999999999	0.7713472004072461	0.818601074826782	0.6859321905954123	0.8171600407138244	0.6536965370782631	0.6937429572315649	0.5813095547971032	0.18265597828160743	0.2286527995927538	0.1368431379750292	0.1828399592861756	0.13540210386207163	0.181398925173218	"<b>Allemagne</b>
2008
Branches marchandes hors services immobiliers (-LOPQ)
Part des salaires dans la VAN : 81.9%"
DE	2008-01-01	1302781.492142394	1546146	998873.8430771346	1057481.362788782	889604	1066900.1007010494	-18710.384402948293	mdhifi	0.19475653272317048	0.038280990281642224	59188	59188	0.7667240048325447	0.8189401731111154	0.6828497375542746	0.811710458865806	0.646041087372819	0.6900383926880446	0.5753686909256952	0.1878439711810947	0.23327599516745537	0.14285751714783335	0.18828954113419402	0.13562780290252383	0.18105982688888453	"<b>Allemagne</b>
2008
Branches marchandes hors services immobilier et financiers (-KLOPQ)
Part des salaires dans la VAN : 81.9%"
DE	2008-01-01	1487977.4678121572	1810372	1089102.6097143712	1154047.0486443574	968018	1156220.1754855996	-15335.922657274608	mdhim	0.16069200326556196	0.03540487811344851	64096.00000000001	64096	0.7319348802477027	0.7770414542537691	0.6505595823459088	0.7755809974335207	0.6015905072075635	0.6386644156480544	0.5347066790692742	0.22498919865367792	0.26806511975229735	0.18134308146785988	0.2244190025664793	0.17988262464761148	0.22295854574623092	"<b>Allemagne</b>
2008
Branches marchandes hors imm. des ménages (-LmOPQ)
Part des salaires dans la VAN : 77.7%"
DE	2008-01-01	1302781.492142394	1546146	998873.8430771346	1057481.362788782	889604	1066900.1007010494	-18710.384402948293	mdhimfi	0.19475653272317048	0.038280990281642224	59188	59188	0.7667240048325447	0.8189401731111154	0.6828497375542746	0.811710458865806	0.646041087372819	0.6900383926880446	0.5753686909256952	0.1878439711810947	0.23327599516745537	0.14285751714783335	0.18828954113419402	0.13562780290252383	0.18105982688888453	"<b>Allemagne</b>
2008
NA
Part des salaires dans la VAN : 81.9%"
DE	2008-01-01	1888537.0994575694	2313395	1412398.4797400092	1487855.96	1271713	1487855.96	-18600.12875665634	tb	0.1346162595212734	0.027706466038009074	64095.99999999999	64096	0.7478796578291642	0.7878351769882338	0.673385235781317	0.7878351769882338	0.6105306183077291	0.6431482561343825	0.5497171905359871	0.21818084475857435	0.25212034217083584	0.17822532559950469	0.21216482301176617	0.17822532559950469	0.21216482301176617	"<b>Allemagne</b>
2008
Toutes branches (marchandes et non marchandes)
Part des salaires dans la VAN : 78.8%"
ES	2008-01-01	725972.9999999999	853348	480840.21594465873	513417.5168302524	407405	515079.3231579632	443	md	0.11583517932709297	0.03327481871405335	28395	28394.999999999996	0.6623389794725958	0.709502038172168	0.5611847823541648	0.7072129636091873	0.5634749433345584	0.603598207481547	0.47741952872685	0.29854799566284307	0.33766102052740415	0.25367401152625163	0.2927870363908127	0.2513849369632709	0.290497961827832	"<b>Espagne</b>
2008
Branches marchandes
Part des salaires dans la VAN : 71%"
ES	2008-01-01	678565	801147	455800.85056998173	487663.76181741967	383976	490688.17017623724	65.00000000000003	mdhfi	0.10059069225158024	0.02796989815851523	22408	22408	0.6717128802251542	0.723126259350596	0.5658647292448034	0.7186691942811959	0.5689353521513302	0.6124820665573699	0.47928282824500373	0.29526449113941666	0.3282871197748458	0.24830817708337496	0.28133080571880414	0.24385111201397472	0.2768737406494039	"<b>Espagne</b>
2008
Branches marchandes hors services financiers (-KOPQ)
Part des salaires dans la VAN : 72.3%"
ES	2008-01-01	665443	754489	474332.2377556303	506028.96341742325	402882	508154.557820121	-4372	mdhi	0.14857875959749378	0.03763474351514734	28395	28395	0.71280671335581	0.7636334859937229	0.6054342746110486	0.7604392313352507	0.628680123574539	0.6735082391129904	0.5339799519939986	0.24452246434986877	0.28719328664418997	0.19688994637042806	0.23956076866474926	0.1936956917119558	0.236366514006277	"<b>Espagne</b>
2008
Branches marchandes hors services immobiliers (-LOPQ)
Part des salaires dans la VAN : 76.4%"
ES	2008-01-01	618035	702288	449292.8723809533	480275.2084045905	379453	483763.404838395	-4750	mdhifi	0.13279434315649047	0.03190713781240744	22407.999999999996	22407.999999999996	0.726969948920293	0.7827443507865979	0.6139668465378174	0.777100339632206	0.6397558727771987	0.6888390586744968	0.5403096735242522	0.23677320478459427	0.273030051079707	0.18664281407268118	0.2228996603677939	0.1809988029182894	0.21725564921340212	"<b>Espagne</b>
2008
Branches marchandes hors services immobilier et financiers (-KLOPQ)
Part des salaires dans la VAN : 78.3%"
ES	2008-01-01	685047	783568	480840.21594465873	513417.5168302524	407405	515079.3231579632	-3779	mdhim	0.13905022857764013	0.03623808016662242	28395	28395	0.7019083594916242	0.7518890282826773	0.5947110198278366	0.7494632000873698	0.6136547382545723	0.657351146496492	0.5199357298919813	0.25664192975860234	0.2980916405083757	0.20908708916285682	0.25053679991263017	0.20666126096754933	0.24811097171732271	"<b>Espagne</b>
2008
Branches marchandes hors imm. des ménages (-LmOPQ)
Part des salaires dans la VAN : 75.2%"
ES	2008-01-01	618035	702288	449292.8723809533	480275.2084045905	379453	483763.404838395	-4750	mdhimfi	0.13279434315649047	0.03190713781240744	22407.999999999996	22407.999999999996	0.726969948920293	0.7827443507865979	0.6139668465378174	0.777100339632206	0.6397558727771987	0.6888390586744968	0.5403096735242522	0.23677320478459427	0.273030051079707	0.18664281407268118	0.2228996603677939	0.1809988029182894	0.21725564921340212	"<b>Espagne</b>
2008
NA
Part des salaires dans la VAN : 78.3%"
ES	2008-01-01	875349.9999999998	1025304	622282.8647373669	656466.8	545226	656466.8	487	tb	0.11220342764196423	0.027694225322440955	28395	28395	0.7108960584193375	0.749947792311647	0.6228662820586053	0.749947792311647	0.6069252287490997	0.6402655212502829	0.5317700896514594	0.25666548839051	0.2891039415806625	0.21761375449820045	0.25005220768835296	0.21761375449820045	0.25005220768835296	"<b>Espagne</b>
2008
Toutes branches (marchandes et non marchandes)
Part des salaires dans la VAN : 75%"
FR	2008-01-01	1094375.3652957128	1414323	798569.6511738007	815723.0429219217	722377.3	808720.8365986834	47589.877318797095	md	0.18540547860206927	0.0387775635410016	54844	54844.00000000001	0.7297036067309666	0.7389793870041635	0.66008183563672	0.7453777458719604	0.564630322192173	0.5718077388253485	0.5107583628350808	0.22018196111057517	0.27029639326903343	0.20450782196958128	0.25462225412803957	0.21090618083737822	0.2610206129958365	"<b>France</b>
2008
Branches marchandes
Part des salaires dans la VAN : 73.9%"
FR	2008-01-01	1046987.2626827876	1351591.4000000001	754289.8159718222	771092.9833256884	679653.1	765362.6026265734	42498.238297034404	mdhfi	0.16515347346960316	0.03576524680461861	48340	48340	0.7204383881796604	0.7310142443045748	0.6491512592602751	0.7364874538682056	0.5580753295499085	0.5662677364080397	0.5028539690323569	0.23339104057944962	0.27956161182033956	0.21734197489090445	0.2635125461317944	0.2228151844545352	0.2689857556954251	"<b>France</b>
2008
Branches marchandes hors services financiers (-KOPQ)
Part des salaires dans la VAN : 73.1%"
FR	2008-01-01	941102.497499228	1160021.0000000002	779892.6767525375	796679.6707471058	705327.8	788959.6541402072	26426.098578949513	mdhi	0.3402025989854337	0.047278454441773025	54844	54844	0.8287011019787218	0.8383355226839725	0.7494696931250877	0.8465386850678923	0.6723091019494797	0.6801253202659323	0.6080301994532856	0.1130225677110986	0.17129889802127823	0.09518498462192809	0.1534613149321077	0.10338814700584788	0.1616644773160275	"<b>France</b>
2008
Branches marchandes hors services immobiliers (-LOPQ)
Part des salaires dans la VAN : 83.8%"
FR	2008-01-01	893714.3948863029	1097289.4000000001	735612.8415505589	752049.6111508723	662603.6000000001	745601.4201680975	21334.459557186827	mdhifi	0.30575284669939534	0.04405401163995569	48340	48340	0.8230961096292319	0.8342725868961212	0.7414041933209498	0.8414876334699152	0.6703909119604717	0.679493869318429	0.6038549173991838	0.12281502229770806	0.1769038903707682	0.10442349845702464	0.15851236653008477	0.11163854503081869	0.1657274131038788	"<b>France</b>
2008
Branches marchandes hors services immobilier et financiers (-KLOPQ)
Part des salaires dans la VAN : 83.4%"
FR	2008-01-01	1004241.5624081534	1264777.9000000001	798569.6511738007	815723.0429219217	722377.3	815155.7692226238	35144.283465707544	mdhim	0.2666577058133526	0.04336255401047093	54844	54844	0.7951967744283007	0.8117128385603706	0.7193262328913694	0.8122777162955019	0.631391211985757	0.6445050701966122	0.5711495275178353	0.1501908672975754	0.20480322557169925	0.13310992543037414	0.187722283704498	0.13367480316550553	0.1882871614396294	"<b>France</b>
2008
Branches marchandes hors imm. des ménages (-LmOPQ)
Part des salaires dans la VAN : 81.2%"
FR	2008-01-01	893714.3948863029	1097289.4000000001	735612.8415505589	752049.6111508723	662603.6000000001	752638.2011933777	21334.459557186827	mdhimfi	0.30575284669939534	0.04405401163995569	48340	48340	0.8230961096292319	0.8421462219920127	0.7414041933209498	0.8414876334699152	0.6703909119604717	0.685906745470591	0.6038549173991838	0.12281502229770806	0.1769038903707682	0.10442349845702464	0.15851236653008477	0.10376490993492717	0.1578537780079873	"<b>France</b>
2008
NA
Part des salaires dans la VAN : 84.2%"
FR	2008-01-01	1406167.6242395288	1786562.4	1092864.969364941	1112897.34	1003884.7000000001	1116153.1208173514	55720.26468115118	tb	0.1750511818099771	0.03069806014052462	54844	54844	0.7771939493742608	0.7937553827702295	0.7139153844072552	0.7914400252259167	0.6117138530201581	0.6247490268559057	0.5619085569023506	0.18380358814929	0.22280605062573922	0.16955751229763402	0.20855997477408325	0.16724215475332127	0.20624461722977053	"<b>France</b>
2008
Toutes branches (marchandes et non marchandes)
Part des salaires dans la VAN : 79.4%"
IT	2008-01-01	955766.8566071346	1228071.2999999998	645862.4254355092	649514.7334335116	454329.69999999995	654011.8700145009	27255.982714397018	md	0.15238568813443892	0.03845460764370929	47225	47224.99999999999	0.6757531096320378	0.6842797126656702	0.4753561989090306	0.6795744474120144	0.5259160648372039	0.5325520350605873	0.3699538455136929	0.2748363048537883	0.32424689036796217	0.2710149670738116	0.3204255525879855	0.26630970182015584	0.3157202873343297	"<b>Italie</b>
2008
Branches marchandes
Part des salaires dans la VAN : 68.4%"
IT	2008-01-01	884921.9949993829	1146829.6	600514.0073520471	604011.2833823615	417111.39999999997	612805.6326252553	22677.265806638166	mdhfi	0.1452842458533076	0.03602976414281598	41320	41320	0.6786067142024941	0.6924967806068405	0.4713538620997785	0.6825587868711329	0.5236296720559419	0.5343475897598521	0.3637082614540119	0.2746999046480987	0.32139328579750587	0.2707478319794599	0.3174412131288671	0.26080983824375226	0.3075032193931595	"<b>Italie</b>
2008
Branches marchandes hors services financiers (-KOPQ)
Part des salaires dans la VAN : 69.2%"
IT	2008-01-01	842170.4566071345	1046802.2	640075.1548658889	643656.245099976	452277.2	648353.9234754817	25105.682714397015	mdhi	0.23367688211012894	0.04511358497335982	47225	47225	0.7600304069612817	0.7698606836524703	0.5370375990415246	0.7642826224195564	0.6114575942483584	0.6193662216944917	0.43205602739466925	0.18389424673619412	0.23996959303871832	0.17964203127791947	0.23571737758044367	0.17406397004500548	0.23013931634752968	"<b>Italie</b>
2008
Branches marchandes hors services immobiliers (-LOPQ)
Part des salaires dans la VAN : 77%"
IT	2008-01-01	771325.594999383	965560.4999999999	594726.7367824268	598152.7950488258	415058.9	607147.686086236	20526.965806638167	mdhifi	0.2339765976812678	0.04279379697077501	41320	41320	0.771044991425317	0.7871483716117598	0.538111146175996	0.7754867709910551	0.6159393810977426	0.6288033593816608	0.42986317273749297	0.17538489464629312	0.22895500857468293	0.17094311508055512	0.22451322900894494	0.1592815144598504	0.2128516283882402	"<b>Italie</b>
2008
Branches marchandes hors services immobilier et financiers (-KLOPQ)
Part des salaires dans la VAN : 78.7%"
IT	2008-01-01	880569.5768733025	1108076.8	645862.4254355093	649514.7334335117	454329.69999999995	654011.8700145009	25832.55106857321	mdhim	0.2012081852244563	0.042618887066311645	47225	47225	0.7334598450798362	0.7427145874568422	0.5159498033230026	0.7376075105158496	0.5828679252516696	0.5902225098607794	0.41001643568388035	0.21291009405923225	0.26654015492016386	0.20876242862321878	0.2623924894841504	0.2036553516822262	0.2572854125431578	"<b>Italie</b>
2008
Branches marchandes hors imm. des ménages (-LmOPQ)
Part des salaires dans la VAN : 74.3%"
IT	2008-01-01	771325.594999383	965560.4999999999	594726.7367824268	598152.7950488258	415058.9	607147.686086236	20526.965806638167	mdhimfi	0.2339765976812678	0.04279379697077501	41320	41320	0.771044991425317	0.7871483716117598	0.538111146175996	0.7754867709910551	0.6159393810977426	0.6288033593816608	0.42986317273749297	0.17538489464629312	0.22895500857468293	0.17094311508055512	0.22451322900894494	0.1592815144598504	0.2128516283882402	"<b>Italie</b>
2008
NA
Part des salaires dans la VAN : 78.7%"
IT	2008-01-01	1162803.1566071347	1480002.4	844655.9943466608	848620.72	636739.6	848620.72	37640.18271439702	tb	0.14843759618806807	0.03190873203989399	47225	47225	0.7263963720318973	0.7298059995606938	0.5475901887451868	0.7298059995606938	0.5707125842138234	0.5733914485544077	0.4302287617911971	0.23299056312418306	0.27360362796810267	0.22958093559538653	0.2701940004393062	0.22958093559538653	0.2701940004393062	"<b>Italie</b>
2008
Toutes branches (marchandes et non marchandes)
Part des salaires dans la VAN : 73%"
NL	2008-01-01	385483.8503520848	465524	263215.89567744546	257026.71568143336	218767	257407.76198704104	-1618.6084897184055	md	0.16204573023833846	0.04256064134179978	19813	19813	0.6828195148435793	0.6677523889831846	0.567512750015824	0.6667639006061498	0.5654185298232647	0.5529419793330549	0.4699371031353915	0.26578274182189804	0.3171804851564207	0.2818383560593276	0.3332360993938503	0.28084986768229275	0.3322476110168154	"<b>Pays-Bas</b>
2008
Branches marchandes
Part des salaires dans la VAN : 66.8%"
NL	2008-01-01	352522.59452429524	428530	244062.48942744546	237954.1267092827	200194	238570.5516486681	-1730.6569509656335	mdhfi	0.1493452360712351	0.037798987235432756	16198	16197.999999999998	0.692331479509252	0.6767525127590829	0.5678898405651073	0.6750039016091586	0.5695341969697465	0.5567184366290997	0.4671644925676149	0.26171969266636963	0.307668520490748	0.27904727056646306	0.3249960983908414	0.27729865941653875	0.3232474872409172	"<b>Pays-Bas</b>
2008
Branches marchandes hors services financiers (-KOPQ)
Part des salaires dans la VAN : 67.7%"
NL	2008-01-01	365429.84640246903	418719	258994.26554045914	252875.90852938796	215054	253364.4990640749	-3311.3426912555537	mdhi	0.18615015617462433	0.04731812981975979	19813	19813	0.7087386760828883	0.6933328012431418	0.5884959920956992	0.6919957716066824	0.6185395588460498	0.6050943450478122	0.5135998127622582	0.2370429829823135	0.2912613239171117	0.2537858874585195	0.3080042283933177	0.25244885782206006	0.3066671987568582	"<b>Pays-Bas</b>
2008
Branches marchandes hors services immobiliers (-LOPQ)
Part des salaires dans la VAN : 69.3%"
NL	2008-01-01	332468.59057467955	381725	239840.85929045914	233803.31955723732	196481	234527.28872570195	-3423.3911525027816	mdhifi	0.17487203643472382	0.04243368917414369	16198	16198	0.721394038684643	0.7054118655850051	0.5909761269790271	0.7032343090007479	0.6283079685387626	0.6143880770861273	0.5147187111140219	0.22988556949728658	0.2786059613153569	0.2480452991811818	0.29676569099925215	0.24586774259692454	0.2945881344149949	"<b>Pays-Bas</b>
2008
Branches marchandes hors services immobilier et financiers (-KLOPQ)
Part des salaires dans la VAN : 70.5%"
NL	2008-01-01	378321.84640246903	442853	263215.89567744546	257026.71568143336	218767	257407.76198704104	-2390.3426912555533	mdhim	0.172128372818285	0.0447394507884106	19813	19813	0.6957459585810681	0.6803935972367922	0.5782563234988807	0.6793863958043844	0.5943640342900364	0.581248771007628	0.49399462124000515	0.251883288346104	0.3042540414189318	0.26824285112278773	0.3206136041956156	0.26723564969038005	0.3196064027632079	"<b>Pays-Bas</b>
2008
Branches marchandes hors imm. des ménages (-LmOPQ)
Part des salaires dans la VAN : 68%"
NL	2008-01-01	332468.59057467955	381725	239840.85929045914	233803.31955723732	196481	234527.28872570195	-3423.3911525027816	mdhimfi	0.17487203643472382	0.04243368917414369	16198	16198	0.721394038684643	0.7054118655850051	0.5909761269790271	0.7032343090007479	0.6283079685387626	0.6143880770861273	0.5147187111140219	0.22988556949728658	0.2786059613153569	0.2480452991811818	0.29676569099925215	0.24586774259692454	0.2945881344149949	"<b>Pays-Bas</b>
2008
NA
Part des salaires dans la VAN : 70.5%"
NL	2008-01-01	479994.906956187	580282	360960.366372584	353539.52	307666	353539.52	-2593.1244501765336	tb	0.16644748577060703	0.034143743903826074	19813	19813	0.7520087424709525	0.7365484818201841	0.6409776344316153	0.7365484818201841	0.6220430176579388	0.6092546727280874	0.5302008333879045	0.20671373622024644	0.24799125752904752	0.22217399687101488	0.26345151817981594	0.22217399687101488	0.26345151817981594	"<b>Pays-Bas</b>
2008
Toutes branches (marchandes et non marchandes)
Part des salaires dans la VAN : 73.7%"
BE	2009-01-01	185909.17532526256	242964.5	150024.37269788032	142898.71199972866	122345.19999999998	143140.09028397282	354.68222305344875	md	0.2259452304696003	0.03337113035031867	8108	8108	0.8069766994307893	0.7699463462926889	0.6580912415212834	0.7686479795831285	0.6174744569592691	0.5891399372499803	0.5035517534454621	0.14941060643609747	0.19302330056921072	0.1877393262837583	0.23135202041687156	0.18644095957419787	0.23005365370731112	"<b>Belgique</b>
2009
Branches marchandes
Part des salaires dans la VAN : 77%"
BE	2009-01-01	172099.0753252626	224973.8	139944.18109852652	132966.75082671831	112840.79999999999	133397.3625377476	-288.6177769465511	mdhfi	0.19776149643535867	0.02826551358424848	6359	6359	0.8131605636697107	0.7751195774040633	0.6556734821888726	0.772617462211315	0.6220465720831783	0.5929462121266903	0.5015730720643915	0.1498897898084724	0.18683943633028935	0.1904328912668681	0.22738253778868503	0.18793077607411973	0.22488042259593669	"<b>Belgique</b>
2009
Branches marchandes hors services financiers (-KOPQ)
Part des salaires dans la VAN : 77.5%"
BE	2009-01-01	174900.47532526255	216055	149071.80688155376	141985.08769708592	121543.9	142221.21526250173	-2635.017776946551	mdhi	0.3139147501029966	0.037527481428340004	8108.000000000001	8107.999999999999	0.8523236235025937	0.813155110059094	0.6949317877722442	0.8118050418847412	0.6899715668767386	0.6582639386383177	0.5625599962972391	0.10131858367310698	0.1476763764974063	0.14183716529095938	0.18819495811525871	0.14048709711660662	0.18684488994090595	"<b>Belgique</b>
2009
Branches marchandes hors services immobiliers (-LOPQ)
Part des salaires dans la VAN : 81.3%"
BE	2009-01-01	161090.37532526258	198064.30000000002	138991.6152822	132053.12652407563	112039.5	132478.48751627648	-3278.317776946551	mdhifi	0.28775370145694057	0.032105735359678644	6359	6358.999999999999	0.862817626450728	0.8223861124464144	0.6955071013633035	0.8197456009239724	0.7017499634320772	0.6688660577210354	0.565672359935637	0.09770763778582024	0.13718237354927193	0.14077966331257585	0.18025439907602755	0.13813915179013395	0.17761388755358565	"<b>Belgique</b>
2009
Branches marchandes hors services immobilier et financiers (-KLOPQ)
Part des salaires dans la VAN : 82.2%"
BE	2009-01-01	179703.21249800827	227278	150024.37269788032	142898.71199972866	122345.19999999998	143140.09028397285	-1599.5177769465513	mdhim	0.2731912721185632	0.035674372354561376	8108	8108	0.8348452462948769	0.7965360679657262	0.6808181016872805	0.7951928627948844	0.6600919257379962	0.6298017858480489	0.538306391291722	0.12003591644399254	0.16515475370512311	0.15968829994398495	0.2048071372051155	0.15834509477314326	0.20346393203427382	"<b>Belgique</b>
2009
Branches marchandes hors imm. des ménages (-LmOPQ)
Part des salaires dans la VAN : 79.7%"
BE	2009-01-01	161090.37532526258	198064.30000000002	138991.6152822	132053.12652407563	112039.5	132478.48751627648	-3278.317776946551	mdhimfi	0.28775370145694057	0.032105735359678644	6359	6358.999999999999	0.862817626450728	0.8223861124464144	0.6955071013633035	0.8197456009239724	0.7017499634320772	0.6688660577210354	0.565672359935637	0.09770763778582024	0.13718237354927193	0.14077966331257585	0.18025439907602755	0.13813915179013395	0.17761388755358565	"<b>Belgique</b>
2009
NA
Part des salaires dans la VAN : 82.2%"
BE	2009-01-01	249432.2753252625	311073.89999999997	211902.41252907657	203949.44	181009.6	203949.44	-2433.2177769465516	tb	0.21604129074577894	0.02606454607731475	8108	8108	0.8495388668236836	0.817654570700795	0.7256863602112494	0.817654570700795	0.6811963733668321	0.6556301894823063	0.5818861691707341	0.11795531575783247	0.1504611331763164	0.14983961188072115	0.18234542929920508	0.14983961188072115	0.18234542929920508	"<b>Belgique</b>
2009
Toutes branches (marchandes et non marchandes)
Part des salaires dans la VAN : 81.8%"
DE	2009-01-01	1431326.3438643941	1803144	1079564.1388864876	1122261.2128423	957761	1124857.9949521478	-16810.844219484825	md	0.12875175149315593	0.025117239665828132	45290	45290	0.7542403893523021	0.7858850637201145	0.6691422987535955	0.784070814914467	0.5987121044611454	0.6238314826503861	0.531161682039815	0.2141176303305308	0.24575961064769797	0.18428720476836585	0.21592918508553302	0.18247295596271837	0.21411493627988554	"<b>Allemagne</b>
2009
Branches marchandes
Part des salaires dans la VAN : 78.6%"
DE	2009-01-01	1328102.0970898075	1692431	1004153.1192786443	1043508.1222171277	891884	1052338.2572713108	-17167.6895079889	mdhfi	0.11641648093726574	0.02228333090093481	37713	37713	0.7560812692630984	0.7923624694044518	0.6715477687704381	0.7857137824747856	0.5933199753955372	0.6217909369843206	0.5269839656683197	0.2155225704698271	0.24391873073690165	0.18589005725813976	0.21428621752521432	0.1792413703284737	0.20763753059554826	"<b>Allemagne</b>
2009
Branches marchandes hors services financiers (-KOPQ)
Part des salaires dans la VAN : 79.2%"
DE	2009-01-01	1287296.3438643944	1539717	1065314.3926935943	1107257.891059949	945661	1109758.0489027374	-21757.844219484825	mdhi	0.20402559650064714	0.029414496300294145	45290	45290	0.8275595574951902	0.8620843632409485	0.7346101808703788	0.860142185859101	0.6918897386296277	0.7207545600280685	0.6141784496761418	0.13725817836193047	0.17244044250480986	0.10467554999801963	0.139857814140899	0.10273337261617216	0.13791563675905152	"<b>Allemagne</b>
2009
Branches marchandes hors services immobiliers (-LOPQ)
Part des salaires dans la VAN : 86.2%"
DE	2009-01-01	1184072.0970898075	1429004	989903.373085751	1028504.8004347766	879784	1037238.3112219007	-22114.689507988904	mdhifi	0.19422798493135335	0.02639110877226376	37713	37713	0.8360161307058235	0.8759925293157466	0.743015566503356	0.8686167024479492	0.6927226047553058	0.7258470313742305	0.6156623774321136	0.13213361279992222	0.16398386929417658	0.09953304105779642	0.13138329755205078	0.09215721418999906	0.12400747068425341	"<b>Allemagne</b>
2009
Branches marchandes hors services immobilier et financiers (-KLOPQ)
Part des salaires dans la VAN : 87.6%"
DE	2009-01-01	1378487.951444483	1706504	1079564.1388864876	1122261.2128423	957761	1124857.9949521478	-18625.685067233917	mdhim	0.15151017783574242	0.02653963893433593	45290	45290	0.7831509428538997	0.8160085793810801	0.6947909838431205	0.8141247891694017	0.6326174089755943	0.6591593075387739	0.5612415792755246	0.18399421793438153	0.21684905714610023	0.1530203716188796	0.18587521083059833	0.15113658140720118	0.18399142061891988	"<b>Allemagne</b>
2009
Branches marchandes hors imm. des ménages (-LmOPQ)
Part des salaires dans la VAN : 81.6%"
DE	2009-01-01	1184072.0970898075	1429004	989903.373085751	1028504.8004347766	879784	1037238.3112219007	-22114.689507988904	mdhimfi	0.19422798493135335	0.02639110877226376	37713	37713	0.8360161307058235	0.8759925293157466	0.743015566503356	0.8686167024479492	0.6927226047553058	0.7258470313742305	0.6156623774321136	0.13213361279992222	0.16398386929417658	0.09953304105779642	0.13138329755205078	0.09215721418999906	0.12400747068425341	"<b>Allemagne</b>
2009
NA
Part des salaires dans la VAN : 87.6%"
DE	2009-01-01	1790463.4431748972	2221554	1421358.1506511932	1471336.68	1278783	1471336.68	-23289.428743789234	tb	0.12270211486358318	0.020386630259719096	45290	45290	0.7938492997828558	0.8217630388426065	0.7142189944590145	0.8217630388426065	0.6398035567225434	0.6623006598084044	0.5756254405699794	0.18085557331989205	0.20615070021714418	0.15294183426014143	0.17823696115739357	0.15294183426014143	0.17823696115739357	"<b>Allemagne</b>
2009
Toutes branches (marchandes et non marchandes)
Part des salaires dans la VAN : 82.2%"
ES	2009-01-01	693265	823905	455949.68395743024	484524.13892266003	385374	486228.444460552	1235	md	0.08708245360907478	0.02508298893683131	20666	20666	0.6576845563492031	0.7013601501021284	0.5558826711286449	0.6989017748229898	0.5534007973703646	0.5901511029312263	0.46774081963333153	0.31250577490940656	0.34231544365079697	0.27128855643561983	0.3010982251770102	0.2688301811564813	0.2986398498978716	"<b>Espagne</b>
2009
Branches marchandes
Part des salaires dans la VAN : 70.1%"
ES	2009-01-01	642989	768549	430950.03335502057	458895.45128255	361928	461862.0139559521	709	mdhfi	0.07271776619160902	0.020062481377244652	15418.999999999998	15419	0.6702292470866851	0.7183046894362922	0.5628836574187117	0.7136909827112905	0.5607320201509866	0.6009532430020104	0.47092377974598887	0.3057905604061336	0.32977075291331487	0.26232882478152814	0.28630901728870944	0.2577151180565265	0.28169531056370783	"<b>Espagne</b>
2009
Branches marchandes hors services financiers (-KOPQ)
Part des salaires dans la VAN : 71.8%"
ES	2009-01-01	632933	726708	450358.9179999834	478167.4408746588	381675	480168.34012266516	-3290	mdhi	0.11319240810970159	0.028437831976529774	20666	20666	0.7115427983688375	0.7586400774215678	0.6030259126953406	0.7554787645369396	0.6197247285016587	0.6607445358007139	0.5252109513036873	0.2558060363419455	0.2884572016311625	0.21187007017384332	0.24452123546306037	0.2087087572892152	0.24135992257843222	"<b>Espagne</b>
2009
Branches marchandes hors services immobiliers (-LOPQ)
Part des salaires dans la VAN : 75.9%"
ES	2009-01-01	582657	671352	425359.2673975738	452538.7532345489	358229	455801.9096180652	-3816	mdhifi	0.0980242991739232	0.02296708731038263	15419	15419	0.7300337375120762	0.7822817019585541	0.6148196966654481	0.7766812262352446	0.6335860582787775	0.6789313350046849	0.5335934055458239	0.24350300880694165	0.26996626248792377	0.1968555200837733	0.22331877376475542	0.19125504436046384	0.21771829804144596	"<b>Espagne</b>
2009
Branches marchandes hors services immobilier et financiers (-KLOPQ)
Part des salaires dans la VAN : 78.2%"
ES	2009-01-01	656399	758961.0000000001	455949.68395743024	484524.13892266003	385374	486228.444460552	-2759	mdhim	0.10309838121678164	0.027229330624366728	20666	20666	0.6946227583488552	0.7407513485860765	0.5871032710287493	0.7381549010931766	0.6007550901264099	0.6406501051576456	0.507765221137845	0.2738933423764658	0.3053772416511447	0.23036119963214444	0.2618450989068234	0.22776475213924455	0.2592486514139235	"<b>Espagne</b>
2009
Branches marchandes hors imm. des ménages (-LmOPQ)
Part des salaires dans la VAN : 74.1%"
ES	2009-01-01	582657	671352	425359.2673975738	452538.7532345489	358229	455801.9096180652	-3816	mdhimfi	0.0980242991739232	0.02296708731038263	15419	15419	0.7300337375120762	0.7822817019585541	0.6148196966654481	0.7766812262352446	0.6335860582787775	0.6789313350046849	0.5335934055458239	0.24350300880694165	0.26996626248792377	0.1968555200837733	0.22331877376475542	0.19125504436046384	0.21771829804144596	"<b>Espagne</b>
2009
NA
Part des salaires dans la VAN : 78.2%"
ES	2009-01-01	851323	1005567	605964.087082594	636050.92	531653	636050.92	1277	tb	0.08422763108245715	0.020551589302353797	20666	20666	0.7117910441543269	0.7471323105331349	0.6245020984984547	0.7471323105331349	0.6026093607711809	0.6325296275633548	0.5287096732490227	0.2639337982380435	0.2882089558456731	0.2285925318592355	0.25286768946686505	0.2285925318592355	0.25286768946686505	"<b>Espagne</b>
2009
Toutes branches (marchandes et non marchandes)
Part des salaires dans la VAN : 74.7%"
FR	2009-01-01	1033123.2547648499	1357956.4	792940.8447592498	801224.0034453472	715792.4	792057.8524988553	49581.02181358458	md	0.12831497526934393	0.022695132185392698	30819	30818.999999999996	0.7675181456831419	0.766663463285546	0.6928431788740659	0.7755357356927509	0.5839221677214746	0.58327193163113	0.5271100014698558	0.2026509509296192	0.23248185431685806	0.19463336092001024	0.22446426430724908	0.2035056333272151	0.23333653671445395	"<b>France</b>
2009
Branches marchandes
Part des salaires dans la VAN : 76.7%"
FR	2009-01-01	982201.1133984195	1291270.7999999998	746286.0866158826	754396.5615133804	670746	746361.0863262935	44370.94985532212	mdhfi	0.10526247665813465	0.019231442389930915	24833	24833	0.7598098560830684	0.7598862148953196	0.68290087523849	0.7680673043661755	0.5779470012145266	0.5780050833073075	0.5194464244060968	0.21490713449936164	0.24019014391693166	0.2066496862162544	0.2319326956338244	0.2148307756871104	0.24011378510468043	"<b>France</b>
2009
Branches marchandes hors services financiers (-KOPQ)
Part des salaires dans la VAN : 76%"
FR	2009-01-01	891161.8813167141	1114498.0999999999	775661.8292403965	783769.6245517771	700146.7	774023.2833272986	27746.065288131987	mdhi	0.2668310485231305	0.02765280622730537	30819	30819	0.8703938594123176	0.8685551969342088	0.785656023533587	0.879491864478918	0.6959741153801847	0.6945039056839116	0.6282170422722121	0.09502319819963485	0.1296061405876824	0.08592519313303443	0.12050813552108199	0.09686186067774369	0.13144480306579123	"<b>France</b>
2009
Branches marchandes hors services immobiliers (-LOPQ)
Part des salaires dans la VAN : 86.9%"
FR	2009-01-01	840239.7399502837	1047812.5	729007.0710970294	736942.1826198105	655100.3	728326.517154737	22535.993329869532	mdhifi	0.22325275709028777	0.023699850879809126	24833	24833	0.8676179385899603	0.866807986489465	0.7796587912382742	0.8770618046028325	0.6957419109783758	0.6950924112422184	0.6252075633760812	0.10282740121095259	0.13238206141003975	0.09338353519808036	0.12293819539716754	0.10363735331144788	0.13319201351053506	"<b>France</b>
2009
Branches marchandes hors services immobilier et financiers (-KLOPQ)
Part des salaires dans la VAN : 86.7%"
FR	2009-01-01	942087.4194761068	1209386	792940.8447592498	801224.0034453472	715792.4	800816.392579904	40660.16528813199	mdhim	0.20663565394315928	0.025483179067725275	30819	30819	0.8416849947961336	0.850044673163385	0.7597940331249206	0.850477340936053	0.6556557168342033	0.6621677384887075	0.5918643013893	0.1256014805745508	0.15831500520386643	0.11680913443463144	0.14952265906394704	0.1172418022072994	0.14995532683661503	"<b>France</b>
2009
Branches marchandes hors imm. des ménages (-LmOPQ)
Part des salaires dans la VAN : 85%"
FR	2009-01-01	840239.7399502837	1047812.5	729007.0710970294	736942.1826198105	655100.3	737621.3598871946	22535.993329869532	mdhimfi	0.22325275709028777	0.023699850879809126	24833	24833	0.8676179385899603	0.8778701182722435	0.7796587912382742	0.8770618046028325	0.6957419109783758	0.7039631230656197	0.6252075633760812	0.10282740121095259	0.13238206141003975	0.09338353519808036	0.12293819539716754	0.0925752215286694	0.12212988172775656	"<b>France</b>
2009
NA
Part des salaires dans la VAN : 87.8%"
FR	2009-01-01	1357516.410008695	1744542.3	1097555.8042964472	1107317.9	1006632.7	1109439.6157690687	58172.457460880534	tb	0.11855257805528338	0.01766595169403459	30819	30819	0.8085027895091281	0.8172568726163411	0.7415252534542491	0.8156939333005245	0.62913682534178	0.6359488192227088	0.5770182242070026	0.16879472249678376	0.19149721049087187	0.16160357870538739	0.1843060666994755	0.16004063938957078	0.1827431273836589	"<b>France</b>
2009
Toutes branches (marchandes et non marchandes)
Part des salaires dans la VAN : 81.7%"
IT	2009-01-01	899369.4258558264	1168429.3	635899.8732030538	636659.4455484722	447612.2	641081.0424326386	19095.829013981936	md	0.13977706201419957	0.03151838112926473	36827	36827	0.707050801285513	0.7128116922838416	0.4976955933031179	0.7078953622896806	0.5442347887057042	0.548669091431239	0.38308881846766424	0.25200162039876206	0.29294919871448694	0.2511570593945945	0.2921046377103194	0.24624072940043348	0.2871883077161584	"<b>Italie</b>
2009
Branches marchandes
Part des salaires dans la VAN : 71.3%"
IT	2009-01-01	835616.1846769119	1094532.8	592521.5441029844	593250.2029802636	411896.9	601495.8642232462	14900.546045707262	mdhfi	0.13027847888883767	0.028934719909718555	31670.000000000004	31670	0.7090833746022772	0.7198231380066107	0.49292594800477507	0.7099553764742382	0.5413465399145502	0.5495457643875508	0.3763221166145044	0.25301644995743366	0.29091662539772284	0.2521444480854726	0.2900446235257617	0.2422766865531002	0.2801768619933893	"<b>Italie</b>
2009
Branches marchandes hors services financiers (-KOPQ)
Part des salaires dans la VAN : 72%"
IT	2009-01-01	784118.3258558263	982723.5	630081.6829102959	630826.5134630027	445448.3	635482.8213658417	17024.829013981936	mdhi	0.23907947677762995	0.037474426936976675	36827	36827	0.803554338846236	0.8104425064574835	0.5680881128671686	0.8045042344527363	0.6411586605085723	0.6466547521920882	0.4532793812298169	0.14947953526988653	0.19644566115376402	0.1485296396633862	0.19549576554726367	0.14259136765863897	0.18955749354251644	"<b>Italie</b>
2009
Branches marchandes hors services immobiliers (-LOPQ)
Part des salaires dans la VAN : 81%"
IT	2009-01-01	720365.084676912	908827	586703.3538102264	587417.2708947941	409733	595897.6431564493	12829.546045707262	mdhifi	0.23694141767165725	0.034847116117809	31670	31670.000000000004	0.8144527910779661	0.8272161655693139	0.5687852017199968	0.8154438400609799	0.6455610955772951	0.6556777507231292	0.4508371780327829	0.141583390195028	0.18554720892203388	0.1405923412120142	0.18455615993902005	0.12882001570368024	0.1727838344306861	"<b>Italie</b>
2009
Branches marchandes hors services immobilier et financiers (-KLOPQ)
Part des salaires dans la VAN : 82.7%"
IT	2009-01-01	822879.095047634	1045179.2999999998	635899.873203054	636659.4455484723	447612.2	641081.0424326386	17721.339094981024	mdhim	0.19695771346514193	0.035235102723523135	36827	36827	0.7727743687136002	0.7790707605660201	0.5439586479883647	0.7736974354800179	0.6084122343439581	0.6133694404707773	0.42826355248329173	0.18247179050755707	0.2272256312863998	0.18154872374113934	0.22630256451998207	0.17617539865513712	0.22092923943397985	"<b>Italie</b>
2009
Branches marchandes hors imm. des ménages (-LmOPQ)
Part des salaires dans la VAN : 77.9%"
IT	2009-01-01	720365.084676912	908827	586703.3538102264	587417.2708947941	409733	595897.6431564493	12829.546045707262	mdhimfi	0.23694141767165725	0.034847116117809	31670	31670.000000000004	0.8144527910779661	0.8272161655693139	0.5687852017199968	0.8154438400609799	0.6455610955772951	0.6556777507231292	0.4508371780327829	0.141583390195028	0.18554720892203388	0.1405923412120142	0.18455615993902005	0.12882001570368024	0.1727838344306861	"<b>Italie</b>
2009
NA
Part des salaires dans la VAN : 82.7%"
IT	2009-01-01	1110215.507818999	1425674.2000000002	836503.4797595176	837328.66	631952.5	837328.66	29383.933013324197	tb	0.13454651686697883	0.025831287400725912	36827	36827	0.7534604532797561	0.7542037145967444	0.5692160626016302	0.7542037145967444	0.5867423845921582	0.5873211846016432	0.4432657194750385	0.2133685094390713	0.2465395467202439	0.21262524812208294	0.24579628540325554	0.21262524812208294	0.24579628540325554	"<b>Italie</b>
2009
Toutes branches (marchandes et non marchandes)
Part des salaires dans la VAN : 75.4%"
NL	2009-01-01	359541.8949832335	441974	263457.7697848178	255929.61334556356	218343	256355.28684476536	-2228.952057997527	md	0.13037533488629358	0.02834329621199437	12527	12527	0.7327595850745117	0.7130053282294682	0.60728110700474	0.7118213952716089	0.596093366996289	0.5800234557796734	0.49401774765031425	0.23239885633442572	0.2672404149254883	0.25333704613732844	0.288178604728391	0.25215311317946926	0.28699467177053184	"<b>Pays-Bas</b>
2009
Branches marchandes
Part des salaires dans la VAN : 71.3%"
NL	2009-01-01	319521.5175922834	397738	245073.90867370673	237628.6618489948	200456	238238.30758122745	-2332.089618266445	mdhfi	0.12337535259252765	0.023093091432048234	9185	9185	0.7670028313599415	0.7456095895401476	0.6273630693497968	0.7437015936817573	0.6161692085586661	0.5989830179194029	0.5039900638108503	0.2042510608060306	0.23299716864005843	0.2275522984842149	0.25629840631824274	0.2256443026258246	0.25439041045985245	"<b>Pays-Bas</b>
2009
Branches marchandes hors services financiers (-KOPQ)
Part des salaires dans la VAN : 74.6%"
NL	2009-01-01	350314.92409259384	404521	259205.44101769457	251762.77523096118	214603	252286.74503971118	-4000.3304262709944	mdhi	0.13749392025088986	0.030967489944897793	12526.999999999998	12527	0.7399212057239744	0.7201712735853291	0.6126002212320164	0.7186755628042163	0.6407712850944564	0.623667856649497	0.5305113949584818	0.22431954127689022	0.2600787942760257	0.24556518419664825	0.2813244371957837	0.24406947341553545	0.27982872641467094	"<b>Pays-Bas</b>
2009
Branches marchandes hors services immobiliers (-LOPQ)
Part des salaires dans la VAN : 72%"
NL	2009-01-01	310294.54670164373	360285	240821.5799065834	233461.8237343924	196716	234169.7657761733	-4103.467986539912	mdhifi	0.1322096985881575	0.025493706371344908	9185	9185	0.7761063881607292	0.7546692916950732	0.6339653793179535	0.7523877754734505	0.6684196675037357	0.6499570222911676	0.5460010824763729	0.1942927049021869	0.22389361183927084	0.2180113175894656	0.24761222452654955	0.21572980136784284	0.24533070830492676	"<b>Pays-Bas</b>
2009
Branches marchandes hors services immobilier et financiers (-KLOPQ)
Part des salaires dans la VAN : 75.5%"
NL	2009-01-01	362516.92409259384	428683	263457.7697848178	255929.61334556356	218343	256355.28684476533	-3048.3304262709944	mdhim	0.12645979150073006	0.029222059190590715	12527	12527	0.7267461248720228	0.7071539831869676	0.6022973976912344	0.7059797662858747	0.6145748018578246	0.5980066549052921	0.5093344032770135	0.23869824705252665	0.27325387512797716	0.25946460563867485	0.29402023371412533	0.2582903887375818	0.29284601681303235	"<b>Pays-Bas</b>
2009
Branches marchandes hors imm. des ménages (-LmOPQ)
Part des salaires dans la VAN : 70.7%"
NL	2009-01-01	310294.54670164373	360285	240821.5799065834	233461.8237343924	196716	234169.7657761733	-4103.467986539912	mdhimfi	0.1322096985881575	0.025493706371344908	9185	9185	0.7761063881607292	0.7546692916950732	0.6339653793179535	0.7523877754734505	0.6684196675037357	0.6499570222911676	0.5460010824763729	0.1942927049021869	0.22389361183927084	0.2180113175894656	0.24761222452654955	0.21572980136784284	0.24533070830492676	"<b>Pays-Bas</b>
2009
NA
Part des salaires dans la VAN : 75.5%"
NL	2009-01-01	460939.3367847079	564094	366687.763559829	357574.04	312071	357574.04	-3550.9669339088605	tb	0.13291024830016668	0.02220729169251933	12527	12527	0.7955228254495856	0.7757507582109725	0.677032691930478	0.7757507582109725	0.65004726793731	0.6338908763433044	0.553225171691243	0.17730006250920222	0.2044771745504143	0.19707212974781538	0.22424924178902747	0.19707212974781538	0.22424924178902747	"<b>Pays-Bas</b>
2009
Toutes branches (marchandes et non marchandes)
Part des salaires dans la VAN : 77.6%"
BE	2010-01-01	196003.39132430838	254577.3	152437.39316224662	145664.13760330755	124114.29999999999	145912.17123453395	-306.7241691702402	md	0.21227563673850045	0.0363268838187851	9248	9248	0.7777283450673708	0.7444369724863934	0.6332252679987548	0.7431715166718253	0.5987862749830666	0.5731546812482258	0.48753089925928195	0.1750887978528851	0.2222716549326292	0.20964562624843056	0.25682848332817465	0.20838017043386253	0.25556302751360666	"<b>Belgique</b>
2010
Branches marchandes
Part des salaires dans la VAN : 74.4%"
BE	2010-01-01	181241.8682501112	235388	142647.55582672026	135987.87797377448	114799.4	136394.31763541378	-1165.6196932616654	mdhfi	0.19334455082758484	0.03170085136030724	7462	7462	0.787056308809776	0.7525541363720195	0.6334044175795984	0.7503116100420745	0.6060103141482159	0.5794446515345463	0.48770285656023243	0.17177218886548223	0.21294369119022402	0.20851688763318374	0.24968838995792553	0.20627436130323867	0.2474458636279805	"<b>Belgique</b>
2010
Branches marchandes hors services financiers (-KOPQ)
Part des salaires dans la VAN : 75.3%"
BE	2010-01-01	183717.4913243084	225780.9	151483.8439236679	144744.15183376631	123301.1	144987.6740995326	-3400.0241691702404	mdhi	0.2869051672947271	0.04096006349518493	9248	9248	0.8245477490015372	0.7891881880946885	0.671145132187452	0.7878626623431072	0.670932943945515	0.6421609361090004	0.5461095247649381	0.1251140935735124	0.17545225099846284	0.1617991802319423	0.21213733765689274	0.16047365448036102	0.21081181190531145	"<b>Belgique</b>
2010
Branches marchandes hors services immobiliers (-LOPQ)
Part des salaires dans la VAN : 78.9%"
BE	2010-01-01	168955.96825011118	206591.6	141694.0065881416	135067.89220423327	113986.2	135469.82050041243	-4258.919693261665	mdhifi	0.27371471255531427	0.036119571173271324	7461.999999999999	7462	0.8386445773752557	0.8018054757312385	0.6746503315660469	0.7994265819854777	0.6858652848815808	0.655737312167641	0.5517465376133395	0.11719006950177117	0.1613554226247443	0.15640806489154918	0.20057341801452233	0.1540291711457883	0.19819452426876144	"<b>Belgique</b>
2010
Branches marchandes hors services immobilier et financiers (-KLOPQ)
Part des salaires dans la VAN : 80.2%"
BE	2010-01-01	189031.03060421837	237705.7	152437.3931622466	145664.13760330755	124114.29999999999	145912.17123453395	-2344.92416917024	mdhim	0.25272152883585247	0.038905251325483566	9248	9248	0.806414654117877	0.7718953378614115	0.6565816183897496	0.7705832060361044	0.6412862340374951	0.6138353907143748	0.5221343030478444	0.14466216131057552	0.19358534588212292	0.18049360939234824	0.22941679396389564	0.17918147756704114	0.22810466213858852	"<b>Belgique</b>
2010
Branches marchandes hors imm. des ménages (-LmOPQ)
Part des salaires dans la VAN : 77.2%"
BE	2010-01-01	168955.96825011118	206591.6	141694.0065881416	135067.89220423327	113986.2	135469.82050041243	-4258.919693261665	mdhimfi	0.27371471255531427	0.036119571173271324	7461.999999999999	7462	0.8386445773752557	0.8018054757312385	0.6746503315660469	0.7994265819854777	0.6858652848815808	0.655737312167641	0.5517465376133395	0.11719006950177117	0.1613554226247443	0.15640806489154918	0.20057341801452233	0.1540291711457883	0.19819452426876144	"<b>Belgique</b>
2010
NA
Part des salaires dans la VAN : 80.2%"
BE	2010-01-01	261555.19132430837	324827.2	216181.30633018553	208697.34	184886.3	208697.34	-3330.1241691702407	tb	0.20381768061513508	0.028470522173019992	9248	9248	0.8265227129907634	0.7979093779149323	0.7068729894592501	0.7979093779149323	0.6655271058894868	0.6424872670761561	0.5691835535940339	0.13811954873160792	0.17347728700923662	0.16673288380743895	0.20209062208506767	0.16673288380743895	0.20209062208506767	"<b>Belgique</b>
2010
Toutes branches (marchandes et non marchandes)
Part des salaires dans la VAN : 79.8%"
DE	2010-01-01	1523088.7553441823	1903389	1109921.9928607817	1160353.508428592	985059	1163077.9554847279	-15500.17431340984	md	0.12673817149583466	0.02751092918998691	52364	52364	0.7287310007156907	0.7636311090891742	0.646750884702973	0.7618423446152877	0.5831293513101009	0.6110563607779218	0.5175289969627859	0.23688886233151107	0.2712689992843093	0.20377751843191413	0.23815765538471237	0.2019887539580275	0.23636889091082575	"<b>Allemagne</b>
2010
Branches marchandes
Part des salaires dans la VAN : 76.4%"
DE	2010-01-01	1415484.7136078104	1788128	1035059.6335004807	1081686.7186495243	919616	1090670.7774767596	-15857.845380526087	mdhfi	0.11562066304248517	0.024598350901054063	43985	43985	0.7312404178935312	0.7705281215625708	0.64968274906768	0.7641811375641802	0.5788509734764405	0.6099511765806249	0.5142898047567065	0.23768542102429763	0.2687595821064688	0.20474470135364875	0.2358188624358199	0.19839771735525807	0.22947187843742922	"<b>Allemagne</b>
2010
Branches marchandes hors services financiers (-KOPQ)
Part des salaires dans la VAN : 77.1%"
DE	2010-01-01	1381708.2212986874	1638654	1095385.2066012397	1144929.0476914216	972720	1147552.7302523241	-20546.193374051843	mdhi	0.18288435547289864	0.031955495180800826	52364	52364	0.792776064957963	0.8305318826095736	0.7039981271051037	0.8286330138611221	0.6684664405061957	0.7003020346286184	0.5936091450666218	0.16932591924331622	0.20722393504203698	0.13346897034015714	0.1713669861388779	0.13157010159170568	0.16946811739042644	"<b>Allemagne</b>
2010
Branches marchandes hors services immobiliers (-LOPQ)
Part des salaires dans la VAN : 83.1%"
DE	2010-01-01	1274104.1795623158	1523393	1020522.8472409388	1066262.257912354	907277	1075145.552244356	-20903.864441168087	mdhifi	0.17345519718405567	0.028873048517355667	43985	43985	0.8009728432030667	0.8438443021305316	0.7120901214778768	0.8368721137690952	0.6699012318167005	0.7057571829753425	0.595563324762553	0.16450486206973922	0.19902715679693322	0.12860559150371076	0.1631278862309048	0.12163340314227439	0.1561556978694684	"<b>Allemagne</b>
2010
Branches marchandes hors services immobilier et financiers (-KLOPQ)
Part des salaires dans la VAN : 84.4%"
DE	2010-01-01	1470016.3821695994	1804011	1109921.9928607817	1160353.508428592	985059	1163077.9554847279	-17394.38279437564	mdhim	0.14541742819295228	0.02902643054837249	52364	52364	0.7550405603117472	0.7912006761231731	0.6701006954399719	0.7893473314331535	0.6152523420648665	0.644717773608214	0.54603824477788665	0.20933806795720053	0.24495943968825287	0.1750312968357942	0.21065266856684653	0.17317795214577458	0.2087993238768269	"<b>Allemagne</b>
2010
Branches marchandes hors imm. des ménages (-LmOPQ)
Part des salaires dans la VAN : 79.1%"
DE	2010-01-01	1274104.1795623158	1523393	1020522.8472409388	1066262.257912354	907277	1075145.552244356	-20903.864441168087	mdhimfi	0.17345519718405567	0.028873048517355667	43985	43985	0.8009728432030667	0.8438443021305316	0.7120901214778768	0.8368721137690952	0.6699012318167005	0.7057571829753425	0.595563324762553	0.16450486206973922	0.19902715679693322	0.12860559150371076	0.1631278862309048	0.12163340314227439	0.1561556978694684	"<b>Allemagne</b>
2010
NA
Part des salaires dans la VAN : 84.4%"
DE	2010-01-01	1893559.10152312	2335290	1463586.9656134099	1522751.08	1317103	1522751.08	-21928.801012032432	tb	0.1217846358560219	0.02242291107314295	52364	52364	0.7729291176790554	0.8041740438812534	0.6955700505680353	0.8041740438812534	0.6267260021724967	0.6520608061525549	0.5639997602010886	0.1994171376039828	0.22707088232094466	0.16817221140178484	0.19582595611874667	0.16817221140178484	0.19582595611874667	"<b>Allemagne</b>
2010
Toutes branches (marchandes et non marchandes)
Part des salaires dans la VAN : 80.4%"
ES	2010-01-01	672378	806669	451868.47310709127	476543.2578365844	381767	478169.1131254677	1866.9999999999998	md	0.07446843785563478	0.020356552687657514	16421	16421	0.6720452975961309	0.7111611520981764	0.5677862749822272	0.7087430847478419	0.5601659083305436	0.592769913217773	0.4732635070890291	0.30353242802844344	0.32795470240386915	0.2668346408767324	0.29125691525215813	0.26441657352639786	0.28883884790182357	"<b>Espagne</b>
2010
Branches marchandes
Part des salaires dans la VAN : 71.1%"
ES	2010-01-01	636555	765425	426944.66418989375	451063.3772247731	358423	453915.08688450983	1127.9999999999998	mdhfi	0.058875913500659474	0.01612306888330013	12341	12341	0.6707113512420667	0.7130807029785483	0.5630668206203706	0.7086007921150146	0.5577877181825701	0.5930235971969949	0.4682666492471503	0.3099014787569122	0.32928864875793334	0.2720120378839643	0.2913992078849854	0.26753212702043055	0.2869192970214517	"<b>Espagne</b>
2010
Branches marchandes hors services financiers (-KOPQ)
Part des salaires dans la VAN : 71.3%"
ES	2010-01-01	600594	697292	446103.6455208843	470107.2523404063	377909	472162.7374507358	-3264.0000000000005	mdhi	0.10629142547679132	0.023549675028538976	16421	16421	0.7427707328426263	0.7861595977494544	0.629225400187148	0.7827371774283565	0.6397659022631613	0.6771377521192496	0.5419666366457667	0.22988800167686604	0.2572292671573737	0.18992155709113595	0.2172628225716436	0.18649913677003796	0.2138404022505456	"<b>Espagne</b>
2010
Branches marchandes hors services immobiliers (-LOPQ)
Part des salaires dans la VAN : 78.6%"
ES	2010-01-01	564771	656048	421179.8366036869	444627.3717285952	354565	447908.711209778	-4003	mdhifi	0.08594540017715932	0.018811123576323682	12341	12341	0.7457532993083691	0.7930802240373142	0.6278031272852183	0.7872701886757556	0.6419954585696274	0.6827377131090682	0.5404558812769797	0.23239536625696625	0.2542467006916309	0.1908784768895797	0.2127298113242444	0.18506844152802113	0.2069197759626858	"<b>Espagne</b>
2010
Branches marchandes hors services immobilier et financiers (-KLOPQ)
Part des salaires dans la VAN : 79.3%"
ES	2010-01-01	625797	731140	451868.47310709127	476543.2578365844	381767	478169.1131254677	-2596	mdhim	0.09441234450350251	0.022459446891156278	16421	16421	0.7220687748696323	0.7640962055194699	0.6100492651770463	0.7614981500975306	0.6180327613139635	0.6540048597060313	0.5221530760182729	0.25169108655507894	0.2779312251303677	0.21226171132718052	0.2385018499024693	0.20966365590524136	0.23590379448053014	"<b>Espagne</b>
2010
Branches marchandes hors imm. des ménages (-LmOPQ)
Part des salaires dans la VAN : 76.4%"
ES	2010-01-01	564771	656048	421179.8366036869	444627.3717285952	354565	447908.711209778	-4003	mdhimfi	0.08594540017715932	0.018811123576323682	12341	12341	0.7457532993083691	0.7930802240373142	0.6278031272852183	0.7872701886757556	0.6419954585696274	0.6827377131090682	0.5404558812769797	0.23239536625696625	0.2542467006916309	0.1908784768895797	0.2127298113242444	0.18506844152802113	0.2069197759626858	"<b>Espagne</b>
2010
NA
Part des salaires dans la VAN : 79.3%"
ES	2010-01-01	830390	989756	602890.6410821755	628964.28	528815	628964.28	1889	tb	0.0721804231805834	0.016590957771410328	16421	16421	0.7260331182723486	0.7574323871915606	0.6368272739315262	0.7574323871915606	0.6091305746892927	0.6354740764390415	0.5342882488209215	0.2541918362670847	0.27396688172765143	0.22279256734787264	0.2425676128084394	0.22279256734787264	0.2425676128084394	"<b>Espagne</b>
2010
Toutes branches (marchandes et non marchandes)
Part des salaires dans la VAN : 75.7%"
FR	2010-01-01	1072824.5772907836	1395509.1	817277.29106548	821199.3965712434	735620.5	811683.6569046021	41480.245262946024	md	0.16837588313132895	0.030833191987067656	43028	43028	0.7617995601194744	0.7565856283367	0.6856857267920455	0.7654554285520078	0.5856481273145979	0.5816398165405027	0.5271341476741355	0.19809323045337113	0.23820043988052567	0.19443736202083764	0.23454457144799218	0.2033071622361455	0.24341437166330004	"<b>France</b>
2010
Branches marchandes
Part des salaires dans la VAN : 75.7%"
FR	2010-01-01	1010060.3618612112	1316765.7	769543.8991193557	773386.0228083611	689552.3	764897.712584912	36305.08779341216	mdhfi	0.13720890297401273	0.02506216557736885	33001	33001	0.7618791194828571	0.7572792097053045	0.6826842494139463	0.7656829750088038	0.5844197636066581	0.5808912797355763	0.523671219564726	0.2054485757261797	0.23812088051714284	0.2016447202002331	0.23431702499119622	0.21004848550373234	0.24272079029469548	"<b>France</b>
2010
Branches marchandes hors services financiers (-KOPQ)
Part des salaires dans la VAN : 75.7%"
FR	2010-01-01	931794.9827636759	1149665.5	799538.4866560312	803377.0842277005	719620.2999999999	793451.2450536408	19306.85212252322	mdhi	0.3253375166160395	0.03742653841486937	43028	43028	0.8580626655496943	0.8515298533807172	0.7722946713724813	0.8621822386775557	0.6954531441154242	0.6901583504537979	0.6259388491696062	0.09575979454514297	0.14193733445030562	0.09164022141728162	0.1378177613224443	0.10229260671412015	0.14847014661928282	"<b>France</b>
2010
Branches marchandes hors services immobiliers (-LOPQ)
Part des salaires dans la VAN : 85.2%"
FR	2010-01-01	869030.7673341034	1070922.1	751805.094709907	755563.7104648182	673552.1	746665.3007339507	14131.694652989354	mdhifi	0.28151683211744105	0.030815500025632114	33001	33001	0.8651075692247288	0.8591931710593755	0.7750612812780303	0.8694326356046469	0.7020166029909243	0.6972171932337101	0.6289459336024533	0.09691794098679568	0.13489243077527124	0.09259287460687751	0.1305673643953531	0.10283233915214884	0.1408068289406244	"<b>France</b>
2010
Branches marchandes hors services immobilier et financiers (-KLOPQ)
Part des salaires dans la VAN : 85.9%"
FR	2010-01-01	982604.3082013356	1245250.1	817277.29106548	821199.3965712434	735620.5	820557.4891752074	31951.25212252322	mdhim	0.26025994266044383	0.03455370130064635	43028	43028	0.831746089696586	0.8350843593157493	0.7486436746308986	0.8357376308215613	0.6563157803123083	0.6589499484281972	0.5907411691836041	0.12446415725545197	0.16825391030341394	0.12047261613047677	0.16426236917843873	0.12112588763628869	0.16491564068425066	"<b>France</b>
2010
Branches marchandes hors imm. des ménages (-LmOPQ)
Part des salaires dans la VAN : 83.5%"
FR	2010-01-01	869030.7673341034	1070922.1	751805.094709907	755563.7104648182	673552.1	755986.9481112738	14131.694652989354	mdhimfi	0.28151683211744105	0.030815500025632114	33001	33001	0.8651075692247288	0.8699196582307318	0.7750612812780303	0.8694326356046469	0.7020166029909243	0.7059215120420745	0.6289459336024533	0.09691794098679568	0.13489243077527124	0.09259287460687751	0.1305673643953531	0.0921058519807926	0.13008034176926817	"<b>France</b>
2010
NA
Part des salaires dans la VAN : 87%"
FR	2010-01-01	1404485.2690404193	1790775.5000000002	1129279.959118391	1133917.46	1032728.9	1136281.0339584928	49396.577330322456	tb	0.15634872747255774	0.0240275791130714	43028	43028	0.8040525479415987	0.8090373455713277	0.7353077478025719	0.8073544699936381	0.6306094533448725	0.6345189745774904	0.5766936726574603	0.1653113172775802	0.19594745205840125	0.1620093952255408	0.19264553000636186	0.16032651964785127	0.19096265442867233	"<b>France</b>
2010
Toutes branches (marchandes et non marchandes)
Part des salaires dans la VAN : 80.9%"
IT	2010-01-01	909936.7085062116	1188408.4	646843.2792277493	640265.4770231221	453124	644665.6523184984	21236.10178664816	md	0.13747207636158487	0.030433982122644036	36168	36168	0.7108662318829109	0.7084730688322347	0.4979730961111201	0.7036373750370039	0.5442937623360364	0.5424613729745585	0.3812864331823976	0.24938594866778388	0.28913376811708913	0.25661480551369087	0.2963626249629961	0.25177911171846007	0.2915269311677653	"<b>Italie</b>
2010
Branches marchandes
Part des salaires dans la VAN : 70.8%"
IT	2010-01-01	843964.3663993917	1111664.6	602804.9147561614	596497.6911895412	417054.3	604752.2453175901	16572.520017104966	mdhfi	0.13047798784411982	0.028305299997859065	31466	31466	0.714253988385683	0.7165613495006274	0.49416102930895095	0.7067806591578998	0.5422543047211914	0.544006029622235	0.3751619868078915	0.24846244698439846	0.285746011614317	0.2559357762121817	0.2932193408421003	0.246155085869454	0.28343865049937256	"<b>Italie</b>
2010
Branches marchandes hors services financiers (-KOPQ)
Part des salaires dans la VAN : 71.7%"
IT	2010-01-01	795889.0085062117	1001405.8	640701.8492738323	634257.5366781955	450913.89999999997	638889.0357263094	19196.80178664816	mdhi	0.23306051981943646	0.03611722640312249	36168	36168	0.8050140690802514	0.8027363475284419	0.5665537470435875	0.7969170699676088	0.6398024150387708	0.6379921463669467	0.4502808951176436	0.14954240850211528	0.1949859309197486	0.1576394076147579	0.20308293003239122	0.15182013005392475	0.19726365247155808	"<b>Italie</b>
2010
Branches marchandes hors services immobiliers (-LOPQ)
Part des salaires dans la VAN : 80.3%"
IT	2010-01-01	729916.6663993917	924662.0000000001	596663.4848022443	590489.7508446145	414844.2	598975.6287254011	14533.220017104966	mdhifi	0.23613695089944187	0.0340297319452946	31466	31466	0.8174405548862551	0.8206082369376355	0.5683446057566904	0.808982419537621	0.6452773930390178	0.647777921797804	0.4486441532149044	0.13945041438669115	0.18255944511374486	0.14790854973532527	0.191017580462379	0.1362827323353107	0.17939176306236446	"<b>Italie</b>
2010
Branches marchandes hors services immobilier et financiers (-KLOPQ)
Part des salaires dans la VAN : 82.1%"
IT	2010-01-01	833380.5403291916	1062880.2000000002	646843.2792277492	640265.477023122	453124	644665.6523184984	19867.192165819357	mdhim	0.1938915570349839	0.034028294063620713	36168	36168	0.7761679664037286	0.7735549621351256	0.5437179992479937	0.7682750508791726	0.6085759046294673	0.6065271065530229	0.42631709575547644	0.18043289208798347	0.22383203359627135	0.18832580761253953	0.23172494912082742	0.1830458963565865	0.22644503786487435	"<b>Italie</b>
2010
Branches marchandes hors imm. des ménages (-LmOPQ)
Part des salaires dans la VAN : 77.4%"
IT	2010-01-01	729916.6663993917	924662.0000000001	596663.4848022443	590489.7508446145	414844.2	598975.6287254011	14533.220017104966	mdhimfi	0.23613695089944187	0.0340297319452946	31466	31466	0.8174405548862551	0.8206082369376355	0.5683446057566904	0.808982419537621	0.6452773930390178	0.647777921797804	0.4486441532149044	0.13945041438669115	0.18255944511374486	0.14790854973532527	0.191017580462379	0.1362827323353107	0.17939176306236446	"<b>Italie</b>
2010
NA
Part des salaires dans la VAN : 82.1%"
IT	2010-01-01	1122063.7269868716	1448625.2	850188.5603080079	843037.26	639579.5	843037.26	31732.09775309	tb	0.13303164257999808	0.024967120549884127	36168	36168	0.7577007792516898	0.7513274333034952	0.5700028301578661	0.7513274333034952	0.5868933940318088	0.5819567821959746	0.4415079207513441	0.21006575741630898	0.24229922074831023	0.21643910336450353	0.24867256669650478	0.21643910336450353	0.24867256669650478	"<b>Italie</b>
2010
Toutes branches (marchandes et non marchandes)
Part des salaires dans la VAN : 75.1%"
NL	2010-01-01	364619.00658014265	448917	261124.18832870858	253990.93437826412	214711	254305.26858789625	-2195.133814083332	md	0.13593917297212174	0.031339869062655235	14068.999999999998	14069	0.7161562716597274	0.6974547788199307	0.5888639816498619	0.6965926893403385	0.5816758740005582	0.5664861624485066	0.4782866320500226	0.24525824665637233	0.2838437283402726	0.26482182897576134	0.3034073106596616	0.263959739496169	0.3025452211800693	"<b>Pays-Bas</b>
2010
Branches marchandes
Part des salaires dans la VAN : 69.7%"
NL	2010-01-01	317564.3731405655	397494	242977.11515797686	235910.26663588124	196996	236386.52449567724	-2291.075976014377	mdhfi	0.1258660025039598	0.02361796656050154	9388	9388	0.7651271229043894	0.7443735648237971	0.6203340697566299	0.7428738441369769	0.6112724095407147	0.5946920569761487	0.49559490206141477	0.20531036695898222	0.23487287709561058	0.22756364572639476	0.2571261558630231	0.22606392503957456	0.2556264351762029	"<b>Pays-Bas</b>
2010
Branches marchandes hors services financiers (-KOPQ)
Part des salaires dans la VAN : 74.4%"
NL	2010-01-01	357982.4601399951	413153	256955.50716928826	249903.35266170802	211070	250324.69510086454	-4018.9099401591116	mdhi	0.13925986666230905	0.034052760115502005	14069	14069	0.7177879806424077	0.6992652517192346	0.5896098929468709	0.6980882598660814	0.6219378950879898	0.6058886056760197	0.5108761161119488	0.24291121117135306	0.2822120193575924	0.2626109319476793	0.3019117401339186	0.2614339400945261	0.3007347482807654	"<b>Pays-Bas</b>
2010
Branches marchandes hors services immobiliers (-LOPQ)
Part des salaires dans la VAN : 69.9%"
NL	2010-01-01	310927.826700418	361730	238808.43399855655	231822.6849193251	193355	232405.95100864553	-4114.852102090156	mdhifi	0.13017303180587772	0.025953058911342714	9388	9388	0.7680510185685335	0.7474594778953989	0.6218645724054136	0.7455835888972668	0.6601842092128287	0.6424845907407335	0.5345285157437868	0.20175547929424723	0.23194898143146644	0.2242229089655139	0.2544164111027331	0.22234701996738188	0.2525405221046011	"<b>Pays-Bas</b>
2010
Branches marchandes hors services immobilier et financiers (-KLOPQ)
Part des salaires dans la VAN : 74.7%"
NL	2010-01-01	370641.4601399951	438249	261124.18832870855	253990.9343782641	214711	254305.26858789625	-3056.9099401591116	mdhim	0.1284637552352732	0.032102754370232446	14069	14069	0.7045196407063561	0.686122023401922	0.5792956889358828	0.6852739417827922	0.5958352177157473	0.5802757532541917	0.48992924113916975	0.25752184274051465	0.2954803592936439	0.2767675416640785	0.3147260582172078	0.27591946004494877	0.313877976598078	"<b>Pays-Bas</b>
2010
Branches marchandes hors imm. des ménages (-LmOPQ)
Part des salaires dans la VAN : 68.6%"
NL	2010-01-01	310927.826700418	361730	238808.43399855655	231822.6849193251	193355	232405.95100864553	-4114.852102090156	mdhimfi	0.13017303180587772	0.025953058911342714	9388	9388	0.7680510185685335	0.7474594778953989	0.6218645724054136	0.7455835888972668	0.6601842092128287	0.6424845907407335	0.5345285157437868	0.20175547929424723	0.23194898143146644	0.2242229089655139	0.2544164111027331	0.22234701996738188	0.2525405221046011	"<b>Pays-Bas</b>
2010
NA
Part des salaires dans la VAN : 74.7%"
NL	2010-01-01	469433.1366777059	575328	367414.1379194023	358854.8	311722	358854.8	-3592.3490541965493	tb	0.13790568591377084	0.024453876745091495	14068.999999999998	14069	0.7826761879650908	0.7644428395909669	0.6640391903437697	0.7644428395909669	0.6386168201780589	0.6237395016408032	0.5418161466154958	0.18735362267083971	0.21732381203490928	0.2055869710449635	0.2355571604090331	0.2055869710449635	0.2355571604090331	"<b>Pays-Bas</b>
2010
Toutes branches (marchandes et non marchandes)
Part des salaires dans la VAN : 76.4%"
BE	2011-01-01	204720.5490933104	265998.2	159145.18310544098	151573.84745234996	129580.70000000001	151828.468742515	-228.10206193505468	md	0.23411770303369553	0.04011305339660193	10670	10670	0.7773776682911473	0.741637658822967	0.6329638161576926	0.7403939082991786	0.5982942106579705	0.5707875795494668	0.4871487852173436	0.17050250276517068	0.22262233170885273	0.2074862627571393	0.25960609170082133	0.20624251223335102	0.25836234117703305	"<b>Belgique</b>
2011
Branches marchandes
Part des salaires dans la VAN : 74.2%"
BE	2011-01-01	190709.92355256446	247181.69999999998	148971.06026238424	141518.2515282386	119869.4	141925.46311377245	-1612.994701944408	mdhfi	0.2070732003387695	0.03496618074881757	8643	8643	0.7811395311126748	0.744195480077649	0.6285430656520659	0.7420602394045457	0.6026783546774873	0.5741746379840112	0.4849444760676053	0.17354033116718315	0.2188604688873253	0.2126196228753122	0.2579397605954543	0.21048438220220886	0.255804519922351	"<b>Belgique</b>
2011
Branches marchandes hors services financiers (-KOPQ)
Part des salaires dans la VAN : 74.4%"
BE	2011-01-01	191362.44909331042	235097.09999999998	158144.62732654647	150611.61786811252	128729.79999999999	150861.88431137725	-3554.002061935055	mdhi	0.3212131149031528	0.045385502415810325	10670	10670	0.8264141061940183	0.7883567806859293	0.6727014657783248	0.7870489669301455	0.672677916173983	0.641700320043834	0.547560135790701	0.1178278281533144	0.17358589380598166	0.1571929674171873	0.21295103306985455	0.15588515366140338	0.21164321931407065	"<b>Belgique</b>
2011
Branches marchandes hors services immobiliers (-LOPQ)
Part des salaires dans la VAN : 78.8%"
BE	2011-01-01	177351.82355256448	216280.59999999998	147970.50448348979	140556.0219440012	119018.5	140958.87868263474	-4938.894701944409	mdhifi	0.29416650694546886	0.03996197532279826	8643	8643	0.8343331436884465	0.7947980227046078	0.6710869818867391	0.7925265110248074	0.684159857534563	0.651740741807794	0.5502966979007826	0.11693321587374694	0.16566685631155356	0.15873984853738596	0.20747348897519255	0.15646833685758563	0.20520197729539225	"<b>Belgique</b>
2011
Branches marchandes hors services immobilier et financiers (-KLOPQ)
Part des salaires dans la VAN : 79.5%"
BE	2011-01-01	197003.21596471628	247714	159145.18310544096	151573.84745234993	129580.70000000001	151828.468742515	-2382.702061935055	mdhim	0.2818424306318869	0.043073867443907086	10670	10670	0.8078303814793776	0.7706903057344394	0.657759313041916	0.7693978329749559	0.6424553440881055	0.612918400827224	0.5231060820139355	0.13800806614316774	0.19216961852062242	0.17644061464758945	0.23060216702504413	0.17514814188810585	0.22930969426556055	"<b>Belgique</b>
2011
Branches marchandes hors imm. des ménages (-LmOPQ)
Part des salaires dans la VAN : 77.1%"
BE	2011-01-01	177351.82355256448	216280.59999999998	147970.50448348979	140556.0219440012	119018.5	140958.87868263474	-4938.894701944409	mdhimfi	0.29416650694546886	0.03996197532279826	8643	8643	0.8343331436884465	0.7947980227046078	0.6710869818867391	0.7925265110248074	0.684159857534563	0.651740741807794	0.5502966979007826	0.11693321587374694	0.16566685631155356	0.15873984853738596	0.20747348897519255	0.15646833685758563	0.20520197729539225	"<b>Belgique</b>
2011
NA
Part des salaires dans la VAN : 79.5%"
BE	2011-01-01	273108.0490933104	339302.9	225926.87600461714	217565.82	193278.7	217565.82	-3482.1020619350547	tb	0.22614952748084638	0.03144682818802904	10670	10670	0.8272435644232028	0.796629102372835	0.7077004893911575	0.796629102372835	0.6658560124437991	0.6412141481844098	0.5696346833463551	0.13368764930182922	0.17275643557679718	0.164302111352197	0.20337089762716495	0.164302111352197	0.20337089762716495	"<b>Belgique</b>
2011
Toutes branches (marchandes et non marchandes)
Part des salaires dans la VAN : 79.7%"
DE	2011-01-01	1608748.2694698614	2003026	1162157.5694682251	1221871.5370605756	1033122	1224712.3950209667	-15614.224247559587	md	0.14375803168262297	0.032052005315956957	64201	64201	0.7223986446625341	0.7612828049378739	0.6421899681921335	0.75951692396426	0.5802009407108171	0.6114311022527749	0.5157806239160151	0.23769393090172336	0.2776013553374659	0.20057565159999752	0.24048307603574	0.19880977062638364	0.23871719506212613	"<b>Allemagne</b>
2011
Branches marchandes
Part des salaires dans la VAN : 76.1%"
DE	2011-01-01	1498795.3905116895	1884210	1084591.5143351455	1139799.9143302047	965292	1149490.9413551092	-16717.74129167575	mdhfi	0.14023528832270585	0.03082777397423854	58086	58086	0.723642147021059	0.7669432056117229	0.6440452153181822	0.7604773283570591	0.5756213555469643	0.6100651951508108	0.5123059531580875	0.2376027297861953	0.27635785297894105	0.20076754845019515	0.2395226716429409	0.19430167119553132	0.2330567943882771	"<b>Allemagne</b>
2011
Branches marchandes hors services financiers (-KOPQ)
Part des salaires dans la VAN : 76.7%"
DE	2011-01-01	1458002.3627294642	1721728	1147041.0031416947	1205707.9198096003	1020268	1208480.8433458398	-21086.59354960711	mdhi	0.20645973533531306	0.03728870065422645	64201	64201	0.786720949473887	0.8288606892813906	0.6997711568107473	0.8269588243687382	0.6662149904872864	0.701899976852232	0.592583729834213	0.16924551420192482	0.21327905052611298	0.12900763930707362	0.17304117563126178	0.12710577439442125	0.1711393107186094	"<b>Allemagne</b>
2011
Branches marchandes hors services immobiliers (-LOPQ)
Part des salaires dans la VAN : 82.9%"
DE	2011-01-01	1348049.483771292	1602912	1069474.9480086148	1123636.297079229	952438	1133259.3896799823	-22190.110593723275	mdhifi	0.208511520412205	0.03623779720907948	58086	58086.00000000001	0.7933499184441365	0.8406660165838907	0.7065304437753037	0.8335274859018925	0.6672075248102296	0.7070003778622796	0.5941923199776407	0.16356115885734424	0.2066500815558635	0.12338359139958828	0.16647251409810754	0.11624506071759	0.15933398341610927	"<b>Allemagne</b>
2011
Branches marchandes hors services immobilier et financiers (-KLOPQ)
Part des salaires dans la VAN : 84.1%"
DE	2011-01-01	1553162.6656737176	1899301	1162157.5694682251	1221871.5370605756	1033122	1224712.3950209667	-17632.089663790342	mdhim	0.16419479086855482	0.03380243573820053	64201	64201	0.7482523209918353	0.7885280930891558	0.6651730838198208	0.7866990136094745	0.6118869886701608	0.6448226979404352	0.5439485368564541	0.21041202150177504	0.2517476790081647	0.1719653288841359	0.21330098639052558	0.1701362494044545	0.21147190691084417	"<b>Allemagne</b>
2011
Branches marchandes hors imm. des ménages (-LmOPQ)
Part des salaires dans la VAN : 78.9%"
DE	2011-01-01	1348049.483771292	1602912	1069474.9480086148	1123636.297079229	952438	1133259.3896799823	-22190.110593723275	mdhimfi	0.208511520412205	0.03623779720907948	58086	58086.00000000001	0.7933499184441365	0.8406660165838907	0.7065304437753037	0.8335274859018925	0.6672075248102296	0.7070003778622796	0.5941923199776407	0.16356115885734424	0.2066500815558635	0.12338359139958828	0.16647251409810754	0.11624506071759	0.15933398341610927	"<b>Allemagne</b>
2011
NA
Part des salaires dans la VAN : 84.1%"
DE	2011-01-01	1988519.6036169762	2447710	1525087.8978890514	1595255.56	1373463	1595255.56	-21038.357995426784	tb	0.13853389659466164	0.026229005887135323	64201	64201	0.7669463731285447	0.802232755009477	0.6906962332690953	0.802232755009477	0.6230672334096161	0.6517338900441637	0.5611216197997312	0.2007677998254342	0.23305362687145523	0.1654814179445019	0.19776724499052295	0.1654814179445019	0.19776724499052295	"<b>Allemagne</b>
2011
Toutes branches (marchandes et non marchandes)
Part des salaires dans la VAN : 80.2%"
ES	2011-01-01	665012	801925	439846.20655202743	470216.3052294834	370570	471765.41037187976	2487	md	0.0713296622637803	0.020028057486672694	16061	16061	0.6614109317606711	0.7094088683691118	0.5572380648770248	0.7070794289869707	0.5484879590385977	0.5882911872954201	0.462100570502229	0.31443762435560946	0.3385890682393289	0.26876912712930984	0.2929205710130292	0.26643968774716886	0.29059113163088823	"<b>Espagne</b>
2011
Branches marchandes
Part des salaires dans la VAN : 70.9%"
ES	2011-01-01	631679	762981	415483.5389658205	445126.0535148496	347867	448047.69931737136	1567	mdhfi	0.05715198617443025	0.016194374433963623	12356	12355.999999999998	0.6577447389668178	0.7092964928664264	0.5507021762635769	0.7046712863888931	0.5445529298446757	0.5872331018955536	0.4559314058934626	0.32269469308648774	0.3422552610331822	0.27576814566441243	0.29532871361110685	0.27114293918687915	0.2907035071335736	"<b>Espagne</b>
2011
Branches marchandes hors services financiers (-KOPQ)
Part des salaires dans la VAN : 70.9%"
ES	2011-01-01	585892	686358	434492.6962639616	464159.3913025224	366821	466025.27924605197	-3043.9999999999995	mdhi	0.1060837111113934	0.02340032461193721	16061	16061	0.7415917886981929	0.7954115762735315	0.6260897912925931	0.7922268802143098	0.6330409148927552	0.6789828037934313	0.5344455808776178	0.23099530926525433	0.25840821130180713	0.1803602177491374	0.2077731197856902	0.1771755216899156	0.2045884237264684	"<b>Espagne</b>
2011
Branches marchandes hors services immobiliers (-LOPQ)
Part des salaires dans la VAN : 79.5%"
ES	2011-01-01	552559	647414	410130.0286777547	439069.13958788855	344118	442307.56819154357	-3963.9999999999995	mdhifi	0.08675201319852666	0.019085160345621195	12356	12356	0.742237532422338	0.8004712043266756	0.6227715049433635	0.7946104209467018	0.6334895888531213	0.6831912318725631	0.5315269672883194	0.23540105458827984	0.25776246757766197	0.18302816606391617	0.2053895790532983	0.17716738268394222	0.19952879567332435	"<b>Espagne</b>
2011
Branches marchandes hors services immobilier et financiers (-KLOPQ)
Part des salaires dans la VAN : 80%"
ES	2011-01-01	612561	721330	439846.20655202743	470216.3052294834	370570	471765.41037187976	-2267.9999999999995	mdhim	0.09299145533146301	0.022265814537035755	16061.000000000002	16061	0.7180447442002142	0.7701525405174011	0.6049519966174798	0.7676236411222448	0.6097711263250211	0.6540216133695809	0.5137315791662623	0.2557358262246088	0.28195525579978575	0.20615692930257817	0.23237635887775518	0.20362802990742188	0.22984745948259885	"<b>Espagne</b>
2011
Branches marchandes hors imm. des ménages (-LmOPQ)
Part des salaires dans la VAN : 77%"
ES	2011-01-01	552559	647414	410130.0286777547	439069.13958788855	344118	442307.56819154357	-3963.9999999999995	mdhimfi	0.08675201319852666	0.019085160345621195	12356	12356	0.742237532422338	0.8004712043266756	0.6227715049433635	0.7946104209467018	0.6334895888531213	0.6831912318725631	0.5315269672883194	0.23540105458827984	0.25776246757766197	0.18302816606391617	0.2053895790532983	0.17716738268394222	0.19952879567332435	"<b>Espagne</b>
2011
NA
Part des salaires dans la VAN : 80%"
ES	2011-01-01	822074	984997	588898.9984417933	620971.28	515740	620971.28	2424.0000000000005	tb	0.0688795964090119	0.016305633418172847	16061	16061	0.7163576496055017	0.7553715115670853	0.6273644465096816	0.7553715115670853	0.5978688244144837	0.6304296155216716	0.5235955033365584	0.2641051797748217	0.28364235039449825	0.22509131781323818	0.24462848843291476	0.22509131781323818	0.24462848843291476	"<b>Espagne</b>
2011
Toutes branches (marchandes et non marchandes)
Part des salaires dans la VAN : 75.5%"
FR	2011-01-01	1099764.0186257847	1436878.9999999998	845885.9124909431	844094.4287057769	758392.9	833232.3329230178	46711.43518571127	md	0.19736636909283864	0.03487210822901581	50107	50107	0.7691521982578807	0.7576464757995877	0.6895960289259631	0.7675232271742434	0.5886966908772021	0.5798903964237893	0.5278056816196772	0.18528620929921377	0.23084780174211933	0.18691518038285107	0.23247677282575666	0.1967919317575068	0.24235352420041237	"<b>France</b>
2011
Branches marchandes
Part des salaires dans la VAN : 75.8%"
FR	2011-01-01	1040141.2927224209	1360468.5999999999	797610.3139999155	795854.9514289141	711881.4	786014.235203091	41199.221260994855	mdhfi	0.15646248656513895	0.02789259524255099	37947	37947	0.7668288141049422	0.7556802529642981	0.6844083635375655	0.7651411947562218	0.5862761654329366	0.5777525737845703	0.5232619113737723	0.19668864235457484	0.23317118589505786	0.19837626170329525	0.23485880524377825	0.2078372034952189	0.2443197470357019	"<b>France</b>
2011
Branches marchandes hors services financiers (-KOPQ)
Part des salaires dans la VAN : 75.6%"
FR	2011-01-01	955767.4388609419	1184446.6999999997	827261.0230156439	825508.137824039	741653.1	814858.4413412543	24007.48098217381	mdhi	0.38991827505578514	0.04230414082794946	50107	50107	0.8655463550856592	0.8525697865501474	0.7759765292735671	0.8637123470201679	0.6984366818833166	0.6879654790217699	0.6261599614402237	0.08202771161437797	0.13445364491434075	0.0838617196798693	0.13628765297983209	0.09500428014988983	0.14743021344985263	"<b>France</b>
2011
Branches marchandes hors services immobiliers (-LOPQ)
Part des salaires dans la VAN : 85.3%"
FR	2011-01-01	896144.712957578	1108036.2999999998	778985.4245246162	777268.660547176	695141.6	767640.3436213275	18495.2670574574	mdhifi	0.32389237343066624	0.034247072952393355	37947	37947	0.8692629809238099	0.8566031049693492	0.7757023948797284	0.8673472591072137	0.7030324047367549	0.6927934974886001	0.6273635620060463	0.08839229567235261	0.13073701907619012	0.09030801748894883	0.13265274089278634	0.10105217162681325	0.14339689503065076	"<b>France</b>
2011
Branches marchandes hors services immobilier et financiers (-KLOPQ)
Part des salaires dans la VAN : 85.7%"
FR	2011-01-01	1005697.5569229256	1281155.7	845885.9124909432	844094.428705777	758392.9	843512.9336782779	37941.780982173805	mdhim	0.31353785375336707	0.03911078099250544	50107	50106.99999999999	0.841093733069265	0.8387341978428638	0.7540963928762149	0.839312398538984	0.6602522335817131	0.6584000162339971	0.5919599780104792	0.10908313704931266	0.15890626693073495	0.11086447157959378	0.16068760146101607	0.11144267227571393	0.1612658021571362	"<b>France</b>
2011
Branches marchandes hors imm. des ménages (-LmOPQ)
Part des salaires dans la VAN : 83.9%"
FR	2011-01-01	896144.712957578	1108036.2999999998	778985.4245246162	777268.660547176	695141.6	777704.4304156556	18495.2670574574	mdhimfi	0.32389237343066624	0.034247072952393355	37947	37947	0.8692629809238099	0.8678335308691051	0.7757023948797284	0.8673472591072137	0.7030324047367549	0.7018763107451044	0.6273635620060463	0.08839229567235261	0.13073701907619012	0.09030801748894883	0.13265274089278634	0.0898217457270574	0.13216646913089491	"<b>France</b>
2011
NA
Part des salaires dans la VAN : 86.8%"
FR	2011-01-01	1440957.6349715702	1844808.5999999999	1167632.5691559552	1165518.3599999999	1064378.2	1167791.7860774398	55435.35913255727	tb	0.1833238376819862	0.02716108326901772	50107	50107	0.8103170702718073	0.8104275640973164	0.7386603007388207	0.8088498452093599	0.6329288410493942	0.63301514643711	0.5769586069796075	0.15490952710765785	0.18968292972819262	0.15637675217010535	0.19115015479064013	0.15479903328214875	0.18957243590268352	"<b>France</b>
2011
Toutes branches (marchandes et non marchandes)
Part des salaires dans la VAN : 81%"
IT	2011-01-01	935225.796554448	1220653.4	660731.6162163352	656983.6711690982	463872.30000000005	661241.182603468	19122.7911930819	md	0.1284544537759158	0.02888616866999265	35260	35260	0.7064942163171694	0.7070390755255125	0.4960003260271423	0.7024866867333565	0.5412933894390785	0.5417108432282809	0.38001966815477684	0.2558036585597805	0.2935057836828306	0.25981118814359344	0.29751331326664354	0.25525879935143736	0.29296092447448746	"<b>Italie</b>
2011
Branches marchandes
Part des salaires dans la VAN : 70.7%"
IT	2011-01-01	865828.9467296688	1141382.4	615505.9698093138	611917.6898776768	427033	620446.3078567426	15464.009655225873	mdhfi	0.11910612588107007	0.026121832612803562	29815	29815	0.7108863386170531	0.7165922439995066	0.4932071185803508	0.7067420097109911	0.5392635893188066	0.5435919704533229	0.3741366609472864	0.25467845323633254	0.28911366138294686	0.2588227821423945	0.2932579902890089	0.248972547853879	0.28340775600049334	"<b>Italie</b>
2011
Branches marchandes hors services financiers (-KOPQ)
Part des salaires dans la VAN : 71.7%"
IT	2011-01-01	817788.7965544479	1027016.6	654396.8416627639	650725.5744867908	461565	655207.0639866737	17211.8911930819	mdhi	0.21580009874644443	0.034332453827912814	35260	35260	0.8002027472373113	0.801193494881842	0.5644061179912109	0.7957134864508576	0.6371823412228818	0.637971249916188	0.4494231154588933	0.15668098588723214	0.19979725276268867	0.16117024667368585	0.20428651354914237	0.1556902382427015	0.19880650511815803	"<b>Italie</b>
2011
Branches marchandes hors services immobiliers (-LOPQ)
Part des salaires dans la VAN : 80.1%"
IT	2011-01-01	748391.9467296686	947745.6000000001	609171.1952557424	605659.5931953694	424725.7	614412.1892399485	13553.109655225875	mdhifi	0.21415629268158246	0.03145886406647522	29815	29814.999999999996	0.8139734772904831	0.8209764842136713	0.5675177316591541	0.809281280807453	0.6427581359974052	0.6482880946531944	0.44814315149550676	0.14618777226560054	0.18602652270951686	0.1508799687486307	0.19071871919254704	0.1391847653424124	0.17902351578632872	"<b>Italie</b>
2011
Branches marchandes hors services immobilier et financiers (-KLOPQ)
Part des salaires dans la VAN : 82.1%"
IT	2011-01-01	856191.9487863585	1090337.9	660731.6162163352	656983.6711690982	463872.30000000005	661241.182603468	17836.775885299496	mdhim	0.1803946587851434	0.03233859888755587	35260	35260	0.7717096816349583	0.7723048360134304	0.541785402978308	0.7673322227572503	0.6059879384329714	0.6064552856536198	0.42543903133148	0.18710796427962825	0.2282903183650417	0.19148542315733627	0.23266777724274973	0.18651280990115615	0.2276951639865696	"<b>Italie</b>
2011
Branches marchandes hors imm. des ménages (-LmOPQ)
Part des salaires dans la VAN : 77.2%"
IT	2011-01-01	748391.9467296686	947745.6000000001	609171.1952557424	605659.5931953694	424725.7	614412.1892399485	13553.109655225875	mdhimfi	0.21415629268158246	0.03145886406647522	29815	29814.999999999996	0.8139734772904831	0.8209764842136713	0.5675177316591541	0.809281280807453	0.6427581359974052	0.6482880946531944	0.44814315149550676	0.14618777226560054	0.18602652270951686	0.1508799687486307	0.19071871919254704	0.1391847653424124	0.17902351578632872	"<b>Italie</b>
2011
NA
Part des salaires dans la VAN : 82.1%"
IT	2011-01-01	1146819.2965544479	1481764.5999999996	863073.9452174143	859002.02	649197.7	859002.0199999999	29322.191193081897	tb	0.12426635303046099	0.023795952474502367	35260	35260	0.7525805920867132	0.7490299671280574	0.5660854346892111	0.7490299671280575	0.5824636013152255	0.5797155769546661	0.43812471967544653	0.21667350042294667	0.2474194079132868	0.22022412538160244	0.2509700328719426	0.22022412538160255	0.2509700328719427	"<b>Italie</b>
2011
Toutes branches (marchandes et non marchandes)
Part des salaires dans la VAN : 74.9%"
NL	2011-01-01	375925.80659891025	460513	269405.08195664163	261413.24877128995	220930	261666.03322466335	-1603.6638756837465	md	0.1282191803132022	0.029658228975077795	13658	13658	0.7166442878556627	0.696057649226101	0.5876957530497999	0.6953852174618111	0.5850108074183392	0.56820552997345	0.4797475858444821	0.24702407499612666	0.28335571214433725	0.2682831453899783	0.3046147825381889	0.2676107136256884	0.30394235077389903	"<b>Pays-Bas</b>
2011
Branches marchandes
Part des salaires dans la VAN : 69.6%"
NL	2011-01-01	328751.5238776159	409003	250987.88195664162	243070.1060254906	202962	243492.4687172218	-1712.5814104564872	mdhfi	0.11622398047129379	0.022097637425642355	9038	9038	0.7634576989826416	0.7406580685778557	0.6173720431956279	0.7393733210982106	0.6136578019150022	0.5953317425965624	0.49623596892932326	0.20905041324328202	0.23654230101735838	0.233134791127713	0.2606266789017893	0.23185004364806797	0.25934193142214435	"<b>Pays-Bas</b>
2011
Branches marchandes hors services financiers (-KOPQ)
Part des salaires dans la VAN : 74.1%"
NL	2011-01-01	367845.9904134024	423928	265190.7878389945	257288.0301184997	217256	257649.4257122608	-3595.139717597821	mdhi	0.13304732402724775	0.03221773508709026	13658	13658.000000000002	0.7209288526999053	0.7004274409045547	0.5906167408698342	0.6994449764950476	0.6255561978425452	0.6077669455951501	0.5124832518729595	0.24194147793860327	0.27907114730009475	0.26342535414346097	0.30055502350495245	0.2624428897339538	0.2995725590954453	"<b>Pays-Bas</b>
2011
Branches marchandes hors services immobiliers (-LOPQ)
Part des salaires dans la VAN : 70%"
NL	2011-01-01	320671.7076921081	372418	246773.58783899454	238944.88737270038	199288	239475.8612048193	-3704.0572523705614	mdhifi	0.1223035175720942	0.024268429560332743	9038	9038	0.769552105531971	0.7467944800255071	0.621470479682435	0.7451386625044032	0.6626252969485754	0.6430297708618254	0.5351191403208223	0.2022633063575063	0.230447894468029	0.22667674938507412	0.2548613374955968	0.2250209318639702	0.2532055199744929	"<b>Pays-Bas</b>
2011
Branches marchandes hors services immobilier et financiers (-KLOPQ)
Part des salaires dans la VAN : 74.7%"
NL	2011-01-01	380240.9904134024	448715	269405.08195664163	261413.24877128995	220930	261666.03322466335	-2516.139717597821	mdhim	0.1232272121027298	0.030438028592759323	13658	13658	0.7085114144683384	0.688158404332413	0.5810262585309447	0.6874936036934851	0.6003924137963778	0.5831452775696452	0.4923615212328538	0.2555692597768268	0.29148858553166157	0.2765870705516801	0.31250639630651483	0.2759222699127522	0.31184159566758696	"<b>Pays-Bas</b>
2011
Branches marchandes hors imm. des ménages (-LmOPQ)
Part des salaires dans la VAN : 68.8%"
NL	2011-01-01	320671.7076921081	372418	246773.58783899454	238944.88737270038	199288	239475.8612048193	-3704.0572523705614	mdhimfi	0.1223035175720942	0.024268429560332743	9038	9038	0.769552105531971	0.7467944800255071	0.621470479682435	0.7451386625044032	0.6626252969485754	0.6430297708618254	0.5351191403208223	0.2022633063575063	0.230447894468029	0.22667674938507412	0.2548613374955968	0.2250209318639702	0.2532055199744929	"<b>Pays-Bas</b>
2011
NA
Part des salaires dans la VAN : 74.7%"
NL	2011-01-01	481680.5549335291	588835	377663.1402756811	368119.92	319778	368119.92	-2672.4389966430062	tb	0.1313049362448225	0.023194952745675783	13658	13658	0.7840531165469152	0.764240773744333	0.6638798197783357	0.764240773744333	0.6413734582279944	0.6251665067463721	0.5430689412144318	0.18759199168900936	0.21594688345308477	0.2074043344915916	0.235759226255667	0.2074043344915916	0.235759226255667	"<b>Pays-Bas</b>
2011
Toutes branches (marchandes et non marchandes)
Part des salaires dans la VAN : 76.4%"
BE	2012-01-01	205949.7081765697	270727.30000000005	164099.030119085	155674.77779303436	133219	155940.9627498991	990.8143100250655	md	0.2777493827945549	0.042936194465796385	11624	11624	0.7967917583956745	0.7571798189497996	0.6468520940354309	0.7558873434264232	0.6061414202375784	0.5760075276852356	0.4920781908584763	0.1467672779199573	0.20320824160432552	0.18767169288920868	0.24411265657357686	0.18637921736583218	0.2428201810502004	"<b>Belgique</b>
2012
Branches marchandes
Part des salaires dans la VAN : 75.7%"
BE	2012-01-01	190184.63338010715	249650	153759.51744302866	145458.19488323072	123330.09999999999	145868.65976321808	-1048.895367256547	mdhfi	0.253780935549204	0.03702783897456439	9244	9244	0.8084749788155678	0.766984467518371	0.6484756302761315	0.7648262233285421	0.6159003302344428	0.584292648761138	0.49401201682355295	0.14291962212716586	0.19152502118443218	0.18656837761419162	0.23517377667145792	0.18441013342436272	0.23301553248162904	"<b>Belgique</b>
2012
Branches marchandes hors services financiers (-KOPQ)
Part des salaires dans la VAN : 76.7%"
BE	2012-01-01	192236.56491894374	239026.2	163052.63062159755	154672.1089334176	132332.9	154934.81715861696	-2293.496050215937	mdhi	0.39830133530204037	0.048630652204653714	11624	11624	0.8481873918749456	0.8059591432251455	0.6883856879974836	0.8045925550044803	0.6821537999666879	0.6481917762932137	0.5536334510610134	0.09134544359315987	0.15181260812505443	0.13494028046362513	0.19540744499551968	0.13357369224295992	0.19404085677485447	"<b>Belgique</b>
2012
Branches marchandes hors services immobiliers (-LOPQ)
Part des salaires dans la VAN : 80.6%"
BE	2012-01-01	176471.49012248122	217948.90000000002	152713.11794554122	144455.52602361396	122444	144862.51417193597	-4333.20572749755	mdhifi	0.3890838956118498	0.04241361163098322	9244	9244	0.8653699123838624	0.8208833850237971	0.6938457872997894	0.818577130636533	0.7006831323559843	0.6646627451294131	0.5618014130835255	0.08224768865988609	0.13463008761613757	0.1290404704072155	0.18142286936346697	0.12673421601995138	0.17911661497620285	"<b>Belgique</b>
2012
Branches marchandes hors services immobilier et financiers (-KLOPQ)
Part des salaires dans la VAN : 82.1%"
BE	2012-01-01	198027.9111042376	251884.5	164099.03011908502	155674.7777930344	133219	155940.9627498991	-1190.4960502159367	mdhim	0.34259897946786716	0.04614813535568882	11624	11624	0.828666167329851	0.7874696141586585	0.6727284010478524	0.786125435172068	0.6514852248514101	0.6190970970817938	0.5288892329619329	0.11263503644903763	0.171333832670149	0.1551757686068206	0.21387456482793196	0.15383158962023016	0.21253038584134154	"<b>Belgique</b>
2012
Branches marchandes hors imm. des ménages (-LmOPQ)
Part des salaires dans la VAN : 78.7%"
BE	2012-01-01	176471.49012248122	217948.90000000002	152713.11794554122	144455.52602361396	122444	144862.51417193597	-4333.20572749755	mdhimfi	0.3890838956118498	0.04241361163098322	9244	9244	0.8653699123838624	0.8208833850237971	0.6938457872997894	0.818577130636533	0.7006831323559843	0.6646627451294131	0.5618014130835255	0.08224768865988609	0.13463008761613757	0.1290404704072155	0.18142286936346697	0.12673421601995138	0.17911661497620285	"<b>Belgique</b>
2012
NA
Part des salaires dans la VAN : 82.1%"
BE	2012-01-01	277303.80817656964	347257.2	233935.64180426876	224637.17999999996	199851.09999999998	224637.18	-2387.985689974934	tb	0.2680307002194175	0.03347374798852263	11624	11624.000000000002	0.8436077504399552	0.810076073160038	0.7206936728137082	0.8100760731600379	0.6736667858989497	0.646889913297694	0.5755131931029794	0.11447432540157614	0.15639224956004485	0.14800600268149333	0.18992392683996204	0.14800600268149322	0.18992392683996193	"<b>Belgique</b>
2012
Toutes branches (marchandes et non marchandes)
Part des salaires dans la VAN : 81%"
DE	2012-01-01	1632205.3333079773	2042200	1210364.4461511667	1266760.2340803407	1077872	1269397.7702142699	-16202.291554404906	md	0.1631989740586921	0.03371070414259132	68844	68844	0.7415515814411235	0.7777194108547555	0.6603776975875245	0.7761034768297246	0.5926767437817876	0.6215834738097492	0.5277994319851141	0.2162699018029764	0.25844841855887646	0.1817180064143753	0.2238965231702754	0.18010207238934445	0.22228058914524454	"<b>Allemagne</b>
2012
Branches marchandes
Part des salaires dans la VAN : 77.8%"
DE	2012-01-01	1519599.5530794535	1920245	1130817.6039458434	1183012.6910178312	1008194	1192400.6269052352	-17430.71461019059	mdhfi	0.15152966883180605	0.03067941851170033	58912.00000000001	58912	0.7441549990286932	0.7846808223185161	0.663460316210876	0.7785029211284431	0.5888923569366635	0.6209627557448322	0.5250340451348656	0.21707689270185157	0.25584500097130675	0.1827289706021017	0.2214970788715569	0.17655106941202864	0.21531917768148384	"<b>Allemagne</b>
2012
Branches marchandes hors services financiers (-KOPQ)
Part des salaires dans la VAN : 78.5%"
DE	2012-01-01	1492201.7610577168	1764153	1194625.9411006616	1250039.9585707302	1064440	1252625.4900463885	-21498.702515042343	mdhi	0.23134944233686483	0.03902382616473741	68844	68844	0.8005793668638184	0.8394478030628314	0.7133351720785354	0.8377151074293498	0.6771668563331308	0.7100435676760397	0.6033717030212232	0.15328478086966152	0.19942063313618166	0.11614904030413008	0.1622848925706502	0.11441634467064844	0.16055219693716857	"<b>Allemagne</b>
2012
Branches marchandes hors services immobiliers (-LOPQ)
Part des salaires dans la VAN : 83.9%"
DE	2012-01-01	1379595.9808291933	1642198	1115079.0988953384	1166292.4155082207	994762	1175628.3467373536	-22727.125570828026	mdhifi	0.22271546363808847	0.03587387148200156	58912	58911.99999999999	0.8082649662585495	0.8521540821181236	0.7210531299185923	0.8453869333594547	0.6790162324490338	0.7158870895819832	0.6057503419197928	0.14903267680605883	0.1917350337414505	0.11191070970515367	0.15461306664054536	0.10514356094648473	0.14784591788187643	"<b>Allemagne</b>
2012
Branches marchandes hors services immobilier et financiers (-KLOPQ)
Part des salaires dans la VAN : 85.2%"
DE	2012-01-01	1577936.9362153406	1934423	1210364.4461511667	1266760.2340803407	1077872	1269397.7702142699	-18255.294406816985	mdhim	0.18729366821760962	0.03558890687300554	68844	68844	0.7670550187222366	0.8044667318954473	0.6830894031704846	0.8027952226776864	0.6256979193026379	0.656215197097155	0.5572059471997594	0.18931586124136873	0.23294498127776345	0.15357565728591882	0.19720477732231353	0.15190414806815805	0.19553326810455277	"<b>Allemagne</b>
2012
Branches marchandes hors imm. des ménages (-LmOPQ)
Part des salaires dans la VAN : 80.4%"
DE	2012-01-01	1379595.9808291933	1642198	1115079.0988953384	1166292.4155082207	994762	1175628.3467373536	-22727.125570828026	mdhimfi	0.22271546363808847	0.03587387148200156	58912	58911.99999999999	0.8082649662585495	0.8521540821181236	0.7210531299185923	0.8453869333594547	0.6790162324490338	0.7158870895819832	0.6057503419197928	0.14903267680605883	0.1917350337414505	0.11191070970515367	0.15461306664054536	0.10514356094648473	0.14784591788187643	"<b>Allemagne</b>
2012
NA
Part des salaires dans la VAN : 85.2%"
DE	2012-01-01	2023669.5814056944	2501788	1584791.6367085576	1651185.24	1428811	1651185.24	-20784.687446867167	tb	0.15686365840850863	0.02751791918419946	68844	68844	0.7831276663296581	0.8159361860116725	0.7060495513341215	0.8159361860116725	0.6334636015156191	0.6600020625248822	0.5711159378812274	0.18285294600322125	0.21687233367034184	0.15004442632120693	0.18406381398832752	0.15004442632120693	0.18406381398832752	"<b>Allemagne</b>
2012
Toutes branches (marchandes et non marchandes)
Part des salaires dans la VAN : 81.6%"
ES	2012-01-01	635439	777874	416042.5172491985	444684.2941985959	347290	446162.0585412515	8239	md	0.09027492032539271	0.02546170716594204	19806	19806	0.6547324247476131	0.7021320040810393	0.5465355447179037	0.6998064239031534	0.5348456398455258	0.573565974105384	0.4464604807462391	0.3140985724055361	0.34526757525238694	0.2690245732499958	0.30019357609684655	0.26669899307211	0.29786799591896074	"<b>Espagne</b>
2012
Branches marchandes
Part des salaires dans la VAN : 70.2%"
ES	2012-01-01	603319	737739	393003.5529028488	420950.0519706905	325920	423761.75241131923	4915.999999999999	mdhfi	0.0796089884556406	0.022695018156827822	16743	16743	0.6514025795687668	0.7023842319093535	0.540211728786927	0.697723844219543	0.532713538125067	0.5744060601531426	0.44178225632642437	0.32084593241245707	0.3485974204312332	0.27452466776168083	0.30227615578045697	0.26986428007187035	0.2976157680906465	"<b>Espagne</b>
2012
Branches marchandes hors services financiers (-KOPQ)
Part des salaires dans la VAN : 70.2%"
ES	2012-01-01	553448	659863	410952.0317479558	439000.3788474124	343624	440745.2847190115	209.99999999999994	mdhi	0.13899340622022036	0.030015321362161538	19806	19806	0.7425305209305225	0.7963625936294133	0.6208785649238953	0.7932098026326094	0.622783868390796	0.6679345329545853	0.520750519426002	0.22168291917586508	0.2574694790694775	0.17100363747377817	0.20679019736739057	0.16785084647697432	0.20363740637058672	"<b>Espagne</b>
2012
Branches marchandes hors services immobiliers (-LOPQ)
Part des salaires dans la VAN : 79.6%"
ES	2012-01-01	521328	619728	387913.06740160607	415266.1366195069	322254	418344.97858907934	-3113.0000000000005	mdhifi	0.12549569732497512	0.027016691193555882	16743	16743	0.7440863859251874	0.8024602142779197	0.6181405947886935	0.7965544467581003	0.6259408440503028	0.6750461147294932	0.5199926419332352	0.22379755662153947	0.25591361407481267	0.1713294957886265	0.20344555324189967	0.16542372826880708	0.19753978572208025	"<b>Espagne</b>
2012
Branches marchandes hors services immobilier et financiers (-KLOPQ)
Part des salaires dans la VAN : 80.2%"
ES	2012-01-01	581885	696418	416042.5172491985	444684.2941985959	347290	446162.05854125146	1345.9999999999998	mdhim	0.11942657678226469	0.028439816317211788	19806	19806	0.7149909642785061	0.7667529813300763	0.5968361445990187	0.7642133655251397	0.5974034520204798	0.6406526806332569	0.4986803902254106	0.2509713822332617	0.2850090357214939	0.20174898098662808	0.23578663447486028	0.19920936518169147	0.23324701866992367	"<b>Espagne</b>
2012
Branches marchandes hors imm. des ménages (-LmOPQ)
Part des salaires dans la VAN : 76.7%"
ES	2012-01-01	521328	619728	387913.06740160607	415266.1366195069	322254	418344.97858907934	-3113.0000000000005	mdhimfi	0.12549569732497512	0.027016691193555882	16743	16743	0.7440863859251874	0.8024602142779197	0.6181405947886935	0.7965544467581003	0.6259408440503028	0.6750461147294932	0.5199926419332352	0.22379755662153947	0.25591361407481267	0.1713294957886265	0.20344555324189967	0.16542372826880708	0.19753978572208025	"<b>Espagne</b>
2012
NA
Part des salaires dans la VAN : 80.2%"
ES	2012-01-01	783922	953037	556679.6685797783	586977.88	483951	586977.88	8295	tb	0.08715805667111508	0.020781984330094216	19806	19806	0.7101212474962794	0.7487707705613569	0.6173458583889724	0.7487707705613569	0.5841112869487526	0.6159025095562921	0.5077987528291137	0.26461348376524924	0.2898787525037207	0.2259639607001717	0.2512292294386431	0.2259639607001717	0.2512292294386431	"<b>Espagne</b>
2012
Toutes branches (marchandes et non marchandes)
Part des salaires dans la VAN : 74.9%"
FR	2012-01-01	1103706.8118367556	1449624.7999999998	869076.5336708626	861865.106180848	776046.5	850226.4208494558	48857.229636931144	md	0.2184543290860353	0.0353581147342402	51256	51255.99999999999	0.7874161184387107	0.7703372052533902	0.7031273991219886	0.7808822931395685	0.5995182571868684	0.5865148146261404	0.5353430073768054	0.16614401234031265	0.21258388156128927	0.17267783763945485	0.2191177068604315	0.18322292552563313	0.22966279474660978	"<b>France</b>
2012
Branches marchandes
Part des salaires dans la VAN : 77%"
FR	2012-01-01	1045117.956076991	1373429.2	818858.5592557173	811795.4899466601	727742.4	801076.1524860759	43153.7012157238	mdhfi	0.17156856486567854	0.02826428912389514	38819	38819	0.7835082676499285	0.7664935310202083	0.6963256116387969	0.7767501124886016	0.5962146132146582	0.583267162578221	0.5298725263741298	0.17934855652548515	0.2164917323500715	0.1861067116868121	0.22324988751139846	0.1963632931552053	0.23350646897979166	"<b>France</b>
2012
Branches marchandes hors services financiers (-KOPQ)
Part des salaires dans la VAN : 76.6%"
FR	2012-01-01	956284.9669842212	1191145.5999999999	850223.0577489536	843167.4069524936	759202.6	831745.9181485428	25040.411768522492	mdhi	0.48326491923036563	0.04303084358452905	51256	51256	0.8890896407482503	0.8697678483554647	0.793908328805222	0.8817114521956151	0.7137860037840493	0.6982739290213915	0.6373717872945172	0.05731127344614209	0.11091035925174979	0.06468946199877716	0.11828854780438486	0.07663306583892755	0.13023215164453525	"<b>France</b>
2012
Branches marchandes hors services immobiliers (-LOPQ)
Part des salaires dans la VAN : 87%"
FR	2012-01-01	897696.1112244567	1114950	800005.0833338083	793097.7907183059	710898.5000000001	782595.6497851631	19336.883347315146	mdhifi	0.39736504813371937	0.03481680792860666	38819	38819	0.8911758370464612	0.8717823771317259	0.791914425284003	0.8834813705904565	0.7175255243139229	0.7019109823625841	0.6376057222296965	0.06558124420339412	0.10882416295353878	0.07327571065939886	0.11651862940954352	0.0849747041181294	0.12821762286827404	"<b>France</b>
2012
Branches marchandes hors services immobilier et financiers (-KLOPQ)
Part des salaires dans la VAN : 87.2%"
FR	2012-01-01	1007103.2270288953	1290093.4	869076.5336708626	861865.106180848	776046.5	861229.8095871333	39773.61176852249	mdhim	0.3713484598739542	0.03973045672507123	51256	51256.00000000001	0.8629468264487326	0.8551554463070183	0.7705729454263124	0.8557862620731328	0.6736539646438487	0.667571673172759	0.601542880538727	0.08615868863216655	0.1370531735512675	0.09331925300776624	0.14421373792686717	0.09395006877388073	0.1448445536929817	"<b>France</b>
2012
Branches marchandes hors imm. des ménages (-LmOPQ)
Part des salaires dans la VAN : 85.5%"
FR	2012-01-01	897696.1112244567	1114950	800005.0833338083	793097.7907183059	710898.5000000001	793486.5779928099	19336.883347315146	mdhimfi	0.39736504813371937	0.03481680792860666	38819	38819	0.8911758370464612	0.8839144651194879	0.791914425284003	0.8834813705904565	0.7175255243139229	0.711679069010099	0.6376057222296965	0.06558124420339412	0.10882416295353878	0.07327571065939886	0.11651862940954352	0.07284261613036747	0.11608553488051213	"<b>France</b>
2012
NA
Part des salaires dans la VAN : 88.4%"
FR	2012-01-01	1451578.1977823116	1866453.8	1198428.0132009997	1189928.3599999999	1088779.4	1192105.1599852445	58060.377936856006	tb	0.20247269455786854	0.027461703043493494	51256	51256	0.8256034811158854	0.8212476336490283	0.7500659638339929	0.8197480244729121	0.6420882280616855	0.6387005989568263	0.5833412003018772	0.1390859857841357	0.17439651888411456	0.1449414424271091	0.180251975527088	0.14344183325099286	0.17875236635097175	"<b>France</b>
2012
Toutes branches (marchandes et non marchandes)
Part des salaires dans la VAN : 82.1%"
IT	2012-01-01	894098.5498317411	1197899	650442.9013654654	646866.7025010863	457905.1	651283.7431505283	31905.870027518744	md	0.15147606974154926	0.03081061091127048	36908	36908	0.7274845725763353	0.7284250078171944	0.5121416426479747	0.7234847910477196	0.5429864298788674	0.5436883603296507	0.382256851370608	0.23123586153358963	0.27251542742366475	0.23523564306220532	0.2765152089522805	0.23029542629273037	0.2715749921828055	"<b>Italie</b>
2012
Branches marchandes
Part des salaires dans la VAN : 72.8%"
IT	2012-01-01	826769.2498317412	1119076.4	607068.5362449394	603640.7913574148	422523.30000000005	612016.9080440318	26547.070027518745	mdhfi	0.13924852359622847	0.02733772242896017	30593	30593	0.7342659833665635	0.740251174276965	0.5110534772380435	0.7301200322584129	0.5424728251305626	0.5468946606719898	0.37756430213343795	0.2287309471479349	0.26573401663343654	0.23287689825608535	0.269879967741587	0.2227457562375334	0.2597488257230351	"<b>Italie</b>
2012
Branches marchandes hors services financiers (-KOPQ)
Part des salaires dans la VAN : 74%"
IT	2012-01-01	788935.5029950035	1000087.5	644332.7016553205	640828.8002583708	455687.30000000005	645262.5660171675	15903.578117185882	mdhi	0.25523710231104235	0.03690477083255215	36908	36908	0.8167115045643993	0.8178901362248038	0.5775976594665763	0.8122702018423796	0.6442763274766663	0.6452061104825003	0.4556474308498007	0.13650647097366725	0.18328849543560066	0.1409477736956869	0.1877297981576203	0.13532783931326275	0.18210986377519617	"<b>Italie</b>
2012
Branches marchandes hors services immobiliers (-LOPQ)
Part des salaires dans la VAN : 81.8%"
IT	2012-01-01	721606.2029950036	921264.9	600958.3365347945	597602.8891146992	420305.5	605995.730910671	10544.778117185884	mdhifi	0.2535726565052015	0.03320760402355501	30593	30593	0.8328065003329186	0.839787308362241	0.5824582691439395	0.8281565300220085	0.652318715859895	0.6577866267461953	0.45622654244181016	0.12479779980609806	0.1671934996670814	0.12944777011700814	0.17184346997799152	0.11781699177677561	0.16021269163775897	"<b>Italie</b>
2012
Branches marchandes hors services immobilier et financiers (-KLOPQ)
Part des salaires dans la VAN : 84%"
IT	2012-01-01	822865.1476819683	1063909.1	650442.9013654654	646866.7025010863	457905.1	651283.7431505283	21066.53311921812	mdhim	0.21405590513100428	0.034690933652132494	36908	36908	0.7904611140692729	0.7914829604646775	0.5564764789102201	0.7861150813390577	0.6113707471488544	0.6121610795043751	0.43039870605486874	0.1646858500426831	0.20953888593072717	0.16903188277289816	0.21388491866094222	0.16366400364727848	0.20851703953532252	"<b>Italie</b>
2012
Branches marchandes hors imm. des ménages (-LmOPQ)
Part des salaires dans la VAN : 79.1%"
IT	2012-01-01	721606.2029950036	921264.9	600958.3365347945	597602.8891146992	420305.5	605995.730910671	10544.778117185884	mdhimfi	0.2535726565052015	0.03320760402355501	30593	30593	0.8328065003329186	0.839787308362241	0.5824582691439395	0.8281565300220085	0.652318715859895	0.6577866267461953	0.45622654244181016	0.12479779980609806	0.1671934996670814	0.12944777011700814	0.17184346997799152	0.11781699177677561	0.16021269163775897	"<b>Italie</b>
2012
NA
Part des salaires dans la VAN : 84%"
IT	2012-01-01	1103093.4498317412	1456228	850046.9611895609	846148.3999999999	640153.6	846148.3999999999	41588.870027518744	tb	0.14585462220023004	0.025344932249620252	36908	36908	0.7706028544718688	0.7670686469301998	0.5803258102000741	0.7670686469301998	0.5837320537646309	0.5810548897562744	0.4395970960591336	0.19593851153331443	0.2293971455281312	0.19947271907498346	0.23293135306980023	0.19947271907498346	0.23293135306980023	"<b>Italie</b>
2012
Toutes branches (marchandes et non marchandes)
Part des salaires dans la VAN : 76.7%"
NL	2012-01-01	375553.1249736697	461557	273634.9504416819	263934.65581151284	223524	264181.1038327526	-518.3824035268581	md	0.13388191127498472	0.02956297922033465	13645	13645	0.728618488957765	0.7034453616948988	0.5951861005434889	0.7027891349060602	0.5928519130718024	0.5723694014666718	0.48428254798432263	0.23504843565920722	0.271381511042235	0.260877789710912	0.2972108650939398	0.2602215629220734	0.2965546383051012	"<b>Pays-Bas</b>
2012
Branches marchandes
Part des salaires dans la VAN : 70.3%"
NL	2012-01-01	326289.63884893124	407467	255335.23857727507	245722.7718314937	205678	246131.81831358885	-1151.2365050134272	mdhfi	0.1248689294262031	0.02174409215961047	8860	8860	0.7825416690460486	0.7543353787815045	0.6303540643386069	0.7530817487749307	0.6266402888510605	0.6040533793254149	0.5047721655986865	0.19030454197292251	0.2174583309539514	0.21976446224404042	0.24691825122506927	0.21851083223746662	0.2456646212184955	"<b>Pays-Bas</b>
2012
Branches marchandes hors services financiers (-KOPQ)
Part des salaires dans la VAN : 75.4%"
NL	2012-01-01	371719.4878127865	429860	269370.78377501515	259788.40940166544	219869	260153.4137142857	-2591.186220561558	mdhi	0.13331873743085573	0.031742893034941606	13645	13644.999999999998	0.7246614519997444	0.6998648772627973	0.5914917221416577	0.6988829424313254	0.6266477080328832	0.6052049823530584	0.511489787372633	0.23863076041481643	0.2753385480002556	0.2644092699832354	0.3011170575686745	0.2634273351517635	0.30013512273720266	"<b>Pays-Bas</b>
2012
Branches marchandes hors services immobiliers (-LOPQ)
Part des salaires dans la VAN : 70%"
NL	2012-01-01	322456.0016880479	375770	251071.07191060844	241576.52542164642	202023	242104.12819512194	-3224.0403220481276	mdhifi	0.12411583267817575	0.023578252654549325	8860	8860	0.7786211780716086	0.750812907583403	0.6265133814920963	0.7491767067661953	0.6681509218687187	0.6442880703492081	0.5376240785586928	0.19390220510743555	0.22137882192839145	0.22334667641284883	0.25082329323380476	0.2217104755956411	0.249187092416597	"<b>Pays-Bas</b>
2012
Branches marchandes hors services immobilier et financiers (-KLOPQ)
Part des salaires dans la VAN : 75.1%"
NL	2012-01-01	383815.4878127865	454191	273634.9504416819	263934.65581151284	223524	264181.1038327526	-1478.186220561558	mdhim	0.12384219868198312	0.030042427084640604	13645	13645	0.7129335817088046	0.6883023541812157	0.582373580789497	0.6876602539297532	0.6024666945000713	0.5816520006621722	0.4921365680958011	0.2515154818822519	0.28706641829119545	0.2767888096613033	0.3123397460702468	0.2761467094098409	0.31169764581878434	"<b>Pays-Bas</b>
2012
Branches marchandes hors imm. des ménages (-LmOPQ)
Part des salaires dans la VAN : 68.8%"
NL	2012-01-01	322456.0016880479	375770	251071.07191060844	241576.52542164642	202023	242104.12819512194	-3224.0403220481276	mdhimfi	0.12411583267817575	0.023578252654549325	8860	8860	0.7786211780716086	0.750812907583403	0.6265133814920963	0.7491767067661953	0.6681509218687187	0.6442880703492081	0.5376240785586928	0.19390220510743555	0.22137882192839145	0.22334667641284883	0.25082329323380476	0.2217104755956411	0.249187092416597	"<b>Pays-Bas</b>
2012
NA
Part des salaires dans la VAN : 75.1%"
NL	2012-01-01	483523.42579987674	592746	384432.79891348555	372762.12	324143	372762.12	-1538.2813379943204	tb	0.13770222702944634	0.023019978203142662	13645	13645	0.795065509551127	0.7709287701694122	0.6703770338816181	0.7709287701694122	0.6485624515618588	0.6288732779301758	0.5468497467718044	0.1767145547189184	0.20493449044887302	0.2008512941006332	0.22907122983058784	0.2008512941006332	0.22907122983058784	"<b>Pays-Bas</b>
2012
Toutes branches (marchandes et non marchandes)
Part des salaires dans la VAN : 77.1%"
BE	2013-01-01	208567.3972883279	274404.39999999997	166409.36493974752	157595.04301885306	134708.3	157884.57801040137	578.4948111412596	md	0.28919755787441426	0.04443077443364611	12192	12192	0.7978685408328693	0.756995484735989	0.6458741958302162	0.7556072764382749	0.6064383987273803	0.5753718891184011	0.4909115888812279	0.14367553480640458	0.20213145916713066	0.18593679920099912	0.2443927235617252	0.18454859090328493	0.243004515264011	"<b>Belgique</b>
2013
Branches marchandes
Part des salaires dans la VAN : 75.7%"
BE	2013-01-01	192975.09728832787	254082.3	156040.7603178988	147349.36336709908	124781.79999999999	147779.27994132548	-1058.5051888587404	mdhfi	0.2548035452087518	0.0370391798248048	9411	9411	0.8086056828604948	0.7657945611527562	0.6466212571125748	0.7635667266794612	0.6141347127206374	0.5816197347919374	0.49110780247187624	0.14262636659955105	0.19139431713950514	0.18766532278058473	0.23643327332053882	0.18543748830728968	0.23420543884724376	"<b>Belgique</b>
2013
Branches marchandes hors services financiers (-KOPQ)
Part des salaires dans la VAN : 76.6%"
BE	2013-01-01	194510.9972883279	241395.8	165306.41893974756	156538.87697431268	133773.59999999998	156828.4302653687	-2960.005188858741	mdhi	0.4174687904916341	0.050506263986365964	12192	12192	0.8498564155460591	0.8062702492491902	0.687743119231991	0.8047816275512262	0.6847940972450538	0.6496734005536496	0.5541670567590653	0.0874633238518757	0.15014358445394096	0.13253811184670852	0.19521837244877377	0.13104949014874456	0.1937297507508098	"<b>Belgique</b>
2013
Branches marchandes hors services immobiliers (-LOPQ)
Part des salaires dans la VAN : 80.6%"
BE	2013-01-01	178918.6972883279	221073.7	154937.8143178988	146293.19732255867	123847.09999999999	146723.13219629283	-4597.00518885874	mdhifi	0.3924375933782225	0.04256951414844914	9411	9411	0.8659677086079838	0.8200547758284209	0.6921976399169736	0.8176518135877484	0.7008423630576536	0.6636842473631772	0.560207297385442	0.08143298152316475	0.13403229139201625	0.12974887654340014	0.18234818641225164	0.12734591430272765	0.17994522417157915	"<b>Belgique</b>
2013
Branches marchandes hors services immobilier et financiers (-KLOPQ)
Part des salaires dans la VAN : 82%"
BE	2013-01-01	200458.6628954727	254848.19999999998	166409.36493974755	157595.0430188531	134708.3	157884.57801040137	-1737.005188858741	mdhim	0.35806905669107947	0.047840243721556604	12192	12192	0.830143045633903	0.7876166374148111	0.6720003917727536	0.7861722748346853	0.6529744567148112	0.6195240068809643	0.5285825051932876	0.10903643494380895	0.16985695436609705	0.1530072057430266	0.2138277251653147	0.15156284316290078	0.21238336258518886	"<b>Belgique</b>
2013
Branches marchandes hors imm. des ménages (-LmOPQ)
Part des salaires dans la VAN : 78.8%"
BE	2013-01-01	178918.6972883279	221073.7	154937.8143178988	146293.19732255867	123847.09999999999	146723.13219629283	-4597.00518885874	mdhimfi	0.3924375933782225	0.04256951414844914	9411	9411	0.8659677086079838	0.8200547758284209	0.6921976399169736	0.8176518135877484	0.7008423630576536	0.6636842473631772	0.560207297385442	0.08143298152316475	0.13403229139201625	0.12974887654340014	0.18234818641225164	0.12734591430272765	0.17994522417157915	"<b>Belgique</b>
2013
NA
Part des salaires dans la VAN : 82%"
BE	2013-01-01	282038.9039349868	353107	238736.79654624435	228993.74	203695.5	228993.74	-2977.000671224657	tb	0.2815567355774846	0.034527777699111036	12191.999999999998	12192	0.8464676086008188	0.8119225284352463	0.7222248319577719	0.8119225284352463	0.6761032676957532	0.6485109046266428	0.5768662190214298	0.11030431247142301	0.15353239139918115	0.14484939263699567	0.1880774715647538	0.14484939263699567	0.1880774715647538	"<b>Belgique</b>
2013
Toutes branches (marchandes et non marchandes)
Part des salaires dans la VAN : 81.2%"
DE	2013-01-01	1666843.4564663062	2088469	1241084.6903174988	1299828.3811301915	1107803	1302800.8449055767	-18374.084538292962	md	0.1578076726587399	0.0321709347852422	67188	67188	0.744571834567229	0.7815975998534999	0.664611302100638	0.7798143107486629	0.5942557396434894	0.6238066473122544	0.5304378470544691	0.2151196411143338	0.25542816543277097	0.1798771649328999	0.2201856892513371	0.17809387582806294	0.21840240014650011	"<b>Allemagne</b>
2013
Branches marchandes
Part des salaires dans la VAN : 78.2%"
DE	2013-01-01	1557006.5646641268	1969105	1159402.446507975	1213751.3276362373	1036092	1223716.1890246612	-19433.652652291286	mdhfi	0.14550151107157214	0.029379845158079433	57852.00000000001	57852	0.7446355544159687	0.7859415732705263	0.6654384275017511	0.7795415608270504	0.5887966596539925	0.6214580680180393	0.5261740740082423	0.21820853287760045	0.25536444558403126	0.18330252646651876	0.22045843917294958	0.17690251402304297	0.21405842672947376	"<b>Allemagne</b>
2013
Branches marchandes hors services financiers (-KOPQ)
Part des salaires dans la VAN : 78.6%"
DE	2013-01-01	1522919.2260728711	1797765	1225445.5778174987	1283225.7430590808	1094350	1286065.052903799	-24819.011272067884	mdhi	0.22586202305328595	0.03737307156385846	67188	67188	0.8046687945345182	0.8444735813206297	0.7185870276403193	0.8426091949525883	0.6816494802254459	0.7153688345828287	0.608728059562846	0.15121330423361096	0.19533120546548174	0.1132729038155409	0.15739080504741168	0.11140851744749958	0.15552641867937034	"<b>Allemagne</b>
2013
Branches marchandes hors services immobiliers (-LOPQ)
Part des salaires dans la VAN : 84.4%"
DE	2013-01-01	1413082.3342706915	1678401	1143763.3340079752	1197148.6895651268	1022639	1206980.3970228839	-25878.57938606621	mdhifi	0.2148084611318411	0.034468520931529474	57852	57852	0.8094102560543898	0.8541472550825007	0.7236938536407336	0.8471896226648318	0.6814601123378592	0.7191251655729971	0.6092936074275456	0.14964945434114207	0.19058974394561023	0.11187008773070008	0.15281037733516825	0.10491245531303112	0.14585274491749928	"<b>Allemagne</b>
2013
Branches marchandes hors services immobilier et financiers (-KLOPQ)
Part des salaires dans la VAN : 85.4%"
DE	2013-01-01	1610740.5137343393	1975150	1241084.6903174988	1299828.3811301915	1107803	1302800.8449055767	-20886.374195623583	mdhim	0.181758261993443	0.03401665696276232	67188	67188	0.7705056647766121	0.8088210570212606	0.6877600647367282	0.80697565501514	0.6283495887995842	0.6595959015292897	0.5608703136470647	0.18778184371584433	0.2294943352233879	0.15131185347731646	0.19302434498486	0.1494664514711958	0.19117894297873936	"<b>Allemagne</b>
2013
Branches marchandes hors imm. des ménages (-LmOPQ)
Part des salaires dans la VAN : 80.9%"
DE	2013-01-01	1413082.3342706915	1678401	1143763.3340079752	1197148.6895651268	1022639	1206980.3970228839	-25878.57938606621	mdhimfi	0.2148084611318411	0.034468520931529474	57852	57852	0.8094102560543898	0.8541472550825007	0.7236938536407336	0.8471896226648318	0.6814601123378592	0.7191251655729971	0.6092936074275456	0.14964945434114207	0.19058974394561023	0.11187008773070008	0.15281037733516825	0.10491245531303112	0.14585274491749928	"<b>Allemagne</b>
2013
NA
Part des salaires dans la VAN : 85.4%"
DE	2013-01-01	2071756.9836414438	2563610	1629223.610317499	1698764.72	1471444	1698764.72	-23332.589144516154	tb	0.15182583743987327	0.02620835462492345	67188	67188	0.7863970645118223	0.8199633129818873	0.7102396717464913	0.8199633129818873	0.6355192912796794	0.6626455350072749	0.5739734202940385	0.18117249092806986	0.21360293548817766	0.14760624245800488	0.18003668701811268	0.14760624245800488	0.18003668701811268	"<b>Allemagne</b>
2013
Toutes branches (marchandes et non marchandes)
Part des salaires dans la VAN : 82%"
ES	2013-01-01	619608	762104	401443.8288174123	428223.2924332342	332745	429770.7420379966	9835.999999999998	md	0.08502312684733106	0.02433919779977536	18549	18549	0.6478996862813461	0.6936171612341941	0.5370250222721462	0.6911196957321956	0.5267572782945796	0.5639266321105736	0.4366136380336542	0.3221636440823677	0.35210031371865386	0.2789436346315183	0.30888030426780444	0.27644616912951964	0.3063828387658058	"<b>Espagne</b>
2013
Branches marchandes
Part des salaires dans la VAN : 69.4%"
ES	2013-01-01	592672	728434	378655.32266626996	404770.3534053862	311661	407679.7059067358	7344	mdhfi	0.06973755590423676	0.02048915893546979	14925	14925	0.6388952450364956	0.6878673294954643	0.5258574725986718	0.6829584549386275	0.519821044413454	0.5596659490176678	0.42785070438776884	0.3359221919269512	0.36110475496350436	0.29185898202481947	0.31704154506137255	0.28695010746798266	0.31213267050453575	"<b>Espagne</b>
2013
Branches marchandes hors services financiers (-KOPQ)
Part des salaires dans la VAN : 68.8%"
ES	2013-01-01	532009	639651	396680.6059962084	422908.7919667337	329396	424706.86166954524	790.9999999999998	mdhi	0.13706657894336866	0.028998625813138727	18549	18549	0.74562762283384	0.7983076633469457	0.619154939108173	0.7949278902551155	0.620151623301157	0.6639665406128423	0.5149620652512072	0.21950642565030218	0.25437237716616	0.17020615822902677	0.20507210974488457	0.16682638513719647	0.2016923366530543	"<b>Espagne</b>
2013
Branches marchandes hors services immobiliers (-LOPQ)
Part des salaires dans la VAN : 79.8%"
ES	2013-01-01	505073	605981	373892.09984506597	399455.8529388856	308312	402615.82553828444	-1701.0000000000005	mdhifi	0.11377418497946352	0.024629485082865634	14925	14925	0.7402733859166218	0.7971438297796248	0.6104305714223488	0.790887362695859	0.6170030080894714	0.6644033815223322	0.5087816284668991	0.2301764302485661	0.2597266140833781	0.17956245346932895	0.20911263730414092	0.17330598638556322	0.2028561702203752	"<b>Espagne</b>
2013
Branches marchandes hors services immobilier et financiers (-KLOPQ)
Part des salaires dans la VAN : 79.7%"
ES	2013-01-01	562106	677718	401443.8288174123	428223.2924332342	332745	429770.7420379966	2070.9999999999995	mdhim	0.115453437878165	0.027369790975007306	18549	18549	0.714178160022153	0.7645724152348429	0.5919613026724497	0.7618194654268665	0.592346416676866	0.6341439094697154	0.4909785485998601	0.2528227259317419	0.28582183997784705	0.2051814205270283	0.23818053457313348	0.20242847071905193	0.23542758476515713	"<b>Espagne</b>
2013
Branches marchandes hors imm. des ménages (-LmOPQ)
Part des salaires dans la VAN : 76.5%"
ES	2013-01-01	505073	605981	373892.09984506597	399455.8529388856	308312	402615.82553828444	-1701.0000000000005	mdhimfi	0.11377418497946352	0.024629485082865634	14925	14925	0.7402733859166218	0.7971438297796248	0.6104305714223488	0.790887362695859	0.6170030080894714	0.6644033815223322	0.5087816284668991	0.2301764302485661	0.2597266140833781	0.17956245346932895	0.20911263730414092	0.17330598638556322	0.2028561702203752	"<b>Espagne</b>
2013
NA
Part des salaires dans la VAN : 79.7%"
ES	2013-01-01	768581	937641	543115.6269142266	571557.16	470153	571557.16	9925	tb	0.0822698392490781	0.019782624693246136	18549	18549	0.70664721989514	0.7436524712424586	0.6117156161809881	0.7436524712424586	0.5792362182479505	0.6095692914452333	0.5014211195969459	0.26921869404236304	0.29335278010486004	0.23221344269504446	0.25634752875754147	0.23221344269504446	0.25634752875754147	"<b>Espagne</b>
2013
Toutes branches (marchandes et non marchandes)
Part des salaires dans la VAN : 74.4%"
FR	2013-01-01	1126815.7327090302	1469847.4000000001	887357.88298072	872051.4049818139	788153.7000000001	858993.580693703	42087.29412036789	md	0.22607319017280827	0.03683035395375057	54135	54135	0.7874915633697993	0.7623194775853516	0.6994521616282043	0.7739077292480417	0.6037074889411784	0.5844100419497309	0.5362146437786671	0.16446597642257518	0.21250843663020072	0.17804981054433275	0.22609227075195829	0.18963806220702287	0.23768052241464843	"<b>France</b>
2013
Branches marchandes
Part des salaires dans la VAN : 76.2%"
FR	2013-01-01	1064194.1370184806	1388921.9	837379.2307556423	822377.319110656	740149	810127.08384156	35931.25588853971	mdhfi	0.18247037058507876	0.029797931762757864	41387	41387	0.7868669837833363	0.7612587362220089	0.695501858404945	0.7727700148909717	0.6028987164473699	0.5832776370230465	0.5328946141608106	0.1742425557636935	0.21313301621666372	0.18833952465605805	0.22722998510902828	0.19985080332502084	0.23874126377799107	"<b>France</b>
2013
Branches marchandes hors services financiers (-KOPQ)
Part des salaires dans la VAN : 76.1%"
FR	2013-01-01	977265.5908928474	1207449.2000000002	868068.3262505417	853083.2949184615	770947.5	840448.7917049346	16852.42331917629	mdhi	0.49575417641942277	0.044834184328417286	54135	54135	0.8882624481411024	0.8600003924594187	0.788882272316217	0.8729288157368451	0.718927410155675	0.6960531272909324	0.6384927001483788	0.05634319386196725	0.11173755185889753	0.07167682626622457	0.12707118426315486	0.08460524954365094	0.13999960754058122	"<b>France</b>
2013
Branches marchandes hors services immobiliers (-LOPQ)
Part des salaires dans la VAN : 86%"
FR	2013-01-01	914643.9952022978	1126523.7000000002	818089.674025464	803409.2090473037	722942.8	791582.2948527916	10696.385087348108	mdhifi	0.42863954192378434	0.036738685568710176	41387	41387	0.8944350789123388	0.8654539897544641	0.7904089501403243	0.8783846100357422	0.7262072462616311	0.7026770008059231	0.6417466405722311	0.060315621669425716	0.10556492108766129	0.07636609054602218	0.12161538996425776	0.0892967108273003	0.13454601024553586	"<b>France</b>
2013
Branches marchandes hors services immobilier et financiers (-KLOPQ)
Part des salaires dans la VAN : 86.5%"
FR	2013-01-01	1028859.7380094894	1306828.2000000002	887357.88298072	872051.4049818139	788153.7000000001	871256.1375905368	31455.223319176286	mdhim	0.3825744898467485	0.04142472591270987	54135	54135	0.8624673025863276	0.8468172146342664	0.7660458183783364	0.847590174603344	0.6790164789684825	0.6666952378212658	0.6031042948109017	0.08491619586338944	0.13753269741367238	0.09979332384637306	0.152409825396656	0.10056628381545067	0.1531827853657336	"<b>France</b>
2013
Branches marchandes hors imm. des ménages (-LmOPQ)
Part des salaires dans la VAN : 84.7%"
FR	2013-01-01	914643.9952022978	1126523.7000000002	818089.674025464	803409.2090473037	722942.8	803530.0393666971	10696.385087348108	mdhimfi	0.42863954192378434	0.036738685568710176	41387	41387	0.8944350789123388	0.8785167164290791	0.7904089501403243	0.8783846100357422	0.7262072462616311	0.7132828535846134	0.6417466405722311	0.060315621669425716	0.10556492108766129	0.07636609054602218	0.12161538996425776	0.07623398415268529	0.12148328357092086	"<b>France</b>
2013
NA
Part des salaires dans la VAN : 87.9%"
FR	2013-01-01	1483610.6604788592	1896804	1224982.0759753906	1206919.5	1107915.1	1208859.1911703164	51562.39737883043	tb	0.2093156102753753	0.02854011273700393	54135	54135	0.8256762428358447	0.8148089140719289	0.7467694385819543	0.8135015015397957	0.6458137350909164	0.6373137083063493	0.5840957210128195	0.13783507354784374	0.1743237571641552	0.15000981484389284	0.1864984984602043	0.14870240231175966	0.18519108592807113	"<b>France</b>
2013
Toutes branches (marchandes et non marchandes)
Part des salaires dans la VAN : 81.5%"
IT	2013-01-01	891221.0986084634	1189167.4	642972.2930417976	637031.1050720939	452812.19999999995	641241.9038000684	26702.118179827907	md	0.15943279126622537	0.033282950743520216	39579	39579	0.7214509329342886	0.7195093392664199	0.50808065552646	0.714784587199229	0.5406911533580534	0.5392360266519822	0.3807808723986211	0.234139211798822	0.27854906706571136	0.24080555753388164	0.285215412800771	0.23608080546669066	0.28049066073358003	"<b>Italie</b>
2013
Branches marchandes
Part des salaires dans la VAN : 72%"
IT	2013-01-01	822833.6316483008	1107246.7	600934.3115948462	595235.5537643286	418533.7	603167.5445737762	19173.39979932486	mdhfi	0.1496219095759375	0.029985187582857554	33201	33201	0.7303229820480894	0.733037058008325	0.5086492383175844	0.7233972104080777	0.5427284737853327	0.544745398269217	0.37799498521874125	0.22932742755720134	0.26967701795191057	0.23625319919721302	0.27660278959192225	0.22661335159696577	0.26696294199167503	"<b>Italie</b>
2013
Branches marchandes hors services financiers (-KOPQ)
Part des salaires dans la VAN : 73.3%"
IT	2013-01-01	785354.2986084635	990902.7	637148.971090578	631324.7860360926	450733.8	635467.7001711742	11957.51817982791	mdhi	0.26705517718466354	0.03994236770169261	39579	39579	0.8112885766583511	0.8091477964749578	0.573924152193012	0.8038725797448497	0.6429985215405892	0.64130181517436	0.45487190619220236	0.13831506074437477	0.1887114233416489	0.14573105765787622	0.19612742025515031	0.1404558409277681	0.1908522035250422	"<b>Italie</b>
2013
Branches marchandes hors services immobiliers (-LOPQ)
Part des salaires dans la VAN : 80.9%"
IT	2013-01-01	716966.8316483009	908982	595110.9896436268	589529.2347283275	416455.3	597393.3409448819	4428.799799324859	mdhifi	0.272461290766236	0.036525475751995086	33201	33201	0.8300397778171572	0.8332231207564784	0.5808571353887776	0.8222545433140953	0.6547005217304929	0.6572114089661643	0.45815571705490316	0.12365264066798916	0.16996022218284274	0.1314378751710511	0.1777454566859047	0.12046929772866803	0.1667768792435216	"<b>Italie</b>
2013
Branches marchandes hors services immobilier et financiers (-KLOPQ)
Part des salaires dans la VAN : 83.3%"
IT	2013-01-01	818158.7726510942	1052338.1	642972.2930417976	637031.1050720939	452812.19999999995	641241.9038000684	16526.36174522306	mdhim	0.22592496914299345	0.03761053600549101	39579	39579	0.7858771604420536	0.7837621806855911	0.5534527223032085	0.7786155039417482	0.6109940265792881	0.6093496983527141	0.43029155743767133	0.16574714363800727	0.21412283955794648	0.17300880013831266	0.22138449605825186	0.16786212339446965	0.21623781931440886	"<b>Italie</b>
2013
Branches marchandes hors imm. des ménages (-LmOPQ)
Part des salaires dans la VAN : 78.4%"
IT	2013-01-01	716966.8316483009	908982	595110.9896436268	589529.2347283275	416455.3	597393.3409448819	4428.799799324859	mdhimfi	0.272461290766236	0.036525475751995086	33201	33201	0.8300397778171572	0.8332231207564784	0.5808571353887776	0.8222545433140953	0.6547005217304929	0.6572114089661643	0.45815571705490316	0.12365264066798916	0.16996022218284274	0.1314378751710511	0.1777454566859047	0.12046929772866803	0.1667768792435216	"<b>Italie</b>
2013
NA
Part des salaires dans la VAN : 83.3%"
IT	2013-01-01	1099898.3174532587	1446300.9	841425.8453182048	834945.7	634015.2999999999	834945.7	35985.21456960349	tb	0.15312655801628142	0.027365674736149304	39579	39579	0.7650033025475212	0.7591117167387447	0.5764308299589185	0.7591117167387447	0.5817778619360638	0.5772973659907147	0.43837025891361886	0.19901246202638723	0.23499669745247873	0.20490404783516383	0.24088828326125533	0.20490404783516383	0.24088828326125533	"<b>Italie</b>
2013
Toutes branches (marchandes et non marchandes)
Part des salaires dans la VAN : 75.9%"
NL	2013-01-01	376641.88650637347	465286	274589.2168597757	264269.3004990016	223619	264551.4786685159	795.6543517716642	md	0.1382717380041653	0.0303275834647937	14110.999999999998	14111	0.7290458833636103	0.7023952676172655	0.5937178205914067	0.7016460727464248	0.5901514699771231	0.5685782049503229	0.48060547706142026	0.23348882000969276	0.2709541166363897	0.26088863062687834	0.29835392725357524	0.2601394357560376	0.29760473238273455	"<b>Pays-Bas</b>
2013
Branches marchandes
Part des salaires dans la VAN : 70.2%"
NL	2013-01-01	329469.0216030633	413220	255310.13893769783	245089.04348928592	204828	245555.9866851595	103.06906093317284	mdhfi	0.12710547491032037	0.02281109336430957	9426	9426	0.7749139439436877	0.7453082705329417	0.621691226092789	0.7438910107444444	0.6178552319289914	0.594250004078117	0.4956875272252069	0.19647638600558365	0.2250860560563122	0.22749931920482705	0.25610898925555564	0.22608205941632972	0.25469172946705826	"<b>Pays-Bas</b>
2013
Branches marchandes hors services financiers (-KOPQ)
Part des salaires dans la VAN : 74.5%"
NL	2013-01-01	371432.4640264448	431737	270374.74066929956	260181.66665462562	220031	260588.57669902913	-1938.7437749009496	mdhi	0.1396330684210123	0.032684249902139494	14110.999999999998	14110.999999999998	0.7279243654104767	0.7015772769944957	0.5923849456097474	0.7004817614329519	0.6262487131501343	0.6035817562521376	0.5096412862460248	0.23408487888919408	0.27207563458952333	0.26152748286671884	0.29951823856704807	0.2604319673051751	0.2984227230055043	"<b>Pays-Bas</b>
2013
Branches marchandes hors services immobiliers (-LOPQ)
Part des salaires dans la VAN : 70.2%"
NL	2013-01-01	324259.5991231346	379671	251095.66274722168	241001.40964490996	201240	241593.08471567268	-2631.3290657394414	mdhifi	0.12883396474964995	0.02482675790355334	9426	9426	0.774366166572205	0.745060702501917	0.6206138555163665	0.7432360068803757	0.6613506502925471	0.6363221966272712	0.5300378485583571	0.1965645320856301	0.22563383342779503	0.22769469177745935	0.2567639931196243	0.22586999615591805	0.254939297498083	"<b>Pays-Bas</b>
2013
Branches marchandes hors services immobilier et financiers (-KLOPQ)
Part des salaires dans la VAN : 74.5%"
NL	2013-01-01	382787.46402644477	456021	274589.21685977577	264269.30049900163	223619	264551.4786685159	-194.74377490094963	mdhim	0.13041800925169666	0.030943750397459766	14111	14111	0.7173411949582702	0.6911184496110861	0.5841857976429221	0.6903812829166858	0.6021416050133125	0.5801300349512762	0.4903699610324963	0.24579500639072394	0.28265880504172974	0.2727549184323084	0.30961871708331423	0.272017751737908	0.30888155038891385	"<b>Pays-Bas</b>
2013
Branches marchandes hors imm. des ménages (-LmOPQ)
Part des salaires dans la VAN : 69.1%"
NL	2013-01-01	324259.5991231346	379671	251095.66274722168	241001.40964490996	201240	241593.08471567268	-2631.3290657394414	mdhimfi	0.12883396474964995	0.02482675790355334	9426	9426	0.774366166572205	0.745060702501917	0.6206138555163665	0.7432360068803757	0.6613506502925471	0.6363221966272712	0.5300378485583571	0.1965645320856301	0.22563383342779503	0.22769469177745935	0.2567639931196243	0.22586999615591805	0.254939297498083	"<b>Pays-Bas</b>
2013
NA
Part des salaires dans la VAN : 74.5%"
NL	2013-01-01	485765.0376143786	598401	386731.0256576851	374254.24	325108	374254.24	-104.60264229943743	tb	0.14248640160282094	0.023581177170492695	14111	14110.999999999998	0.7961277484212214	0.7704429323237941	0.6692700685018934	0.7704429323237941	0.6462740297186754	0.6254238211500315	0.5432945466334448	0.17482322806465347	0.2038722515787787	0.2005080441620807	0.2295570676762059	0.2005080441620807	0.2295570676762059	"<b>Pays-Bas</b>
2013
Toutes branches (marchandes et non marchandes)
Part des salaires dans la VAN : 77%"
BE	2014-01-01	215804.47090936286	282583.8	168308.80531041394	159860.81113371206	136196.2	160166.7854781114	600.8117214230232	md	0.2649083835616031	0.044524845373301654	12582	12582	0.7799134308996919	0.7421847416005616	0.6311092602766416	0.7407669102502193	0.595606702544215	0.5667939403395078	0.4819674730115457	0.16178379183632643	0.2200865691003081	0.20093031248579898	0.2592330897497807	0.19951248113545672	0.2578152583994384	"<b>Belgique</b>
2014
Branches marchandes
Part des salaires dans la VAN : 74.2%"
BE	2014-01-01	197897.4709093629	260224.5	157920.17203338692	149582.91449230615	126228.49999999999	150025.762372702	-854.6882785769766	mdhfi	0.2287047963986984	0.03513504685377434	9143	9143	0.7979898444771657	0.7580984318966555	0.6378479695569869	0.7558606676727828	0.6068612756807561	0.57652435636422406	0.4850753868294491	0.1558094640335151	0.2020101555228343	0.19793864083789794	0.24413933232721716	0.19570087661402527	0.24190156810334448	"<b>Belgique</b>
2014
Branches marchandes hors services financiers (-KOPQ)
Part des salaires dans la VAN : 75.8%"
BE	2014-01-01	201563.02870824572	248837.19999999998	167195.22895573414	158792.3983785158	135254.3	159096.62638010844	-3167.8994462536243	mdhi	0.3660985018128929	0.05056317946030578	12582	12582	0.8294935337459254	0.789314525583927	0.6710273251339911	0.7878051813180548	0.6719060854073834	0.6393602981391385	0.5435453380764612	0.10808430440904734	0.17050646625407465	0.14977265683691796	0.21219481868194529	0.14826331257104564	0.21068547441607294	"<b>Belgique</b>
2014
Branches marchandes hors services immobiliers (-LOPQ)
Part des salaires dans la VAN : 78.9%"
BE	2014-01-01	183656.02870824572	226477.9	156806.59567870712	148514.50173710988	125286.59999999999	148955.6032746991	-4623.399446253625	mdhifi	0.3405286059463997	0.04037038492497502	9143	9143	0.8538058716700699	0.8110575205311044	0.6821807096734577	0.8086557396546925	0.6923704064666226	0.6577048059642866	0.5531956981233047	0.09641084561218995	0.14619412832993012	0.14156097762756736	0.19134426034530752	0.13915919675115548	0.18894247946889564	"<b>Belgique</b>
2014
Branches marchandes hors services immobilier et financiers (-KLOPQ)
Part des salaires dans la VAN : 81.1%"
BE	2014-01-01	207583.66143667683	262728.9	168308.80531041394	159860.81113371206	136196.2	160166.7854781114	-1774.6994462536243	mdhim	0.3203576343997472	0.047889668780252186	12581.999999999998	12582	0.8107998680896008	0.7715770324581642	0.6561026964135446	0.7701030515953079	0.6406177824762099	0.6096275875174424	0.5183906300372741	0.12858842522346356	0.18920013191039914	0.16928524171775652	0.2298969484046921	0.1678112608549001	0.22842296754183572	"<b>Belgique</b>
2014
Branches marchandes hors imm. des ménages (-LmOPQ)
Part des salaires dans la VAN : 77.2%"
BE	2014-01-01	183656.02870824572	226477.9	156806.59567870712	148514.50173710988	125286.59999999999	148955.6032746991	-4623.399446253625	mdhimfi	0.3405286059463997	0.04037038492497502	9143	9143	0.8538058716700699	0.8110575205311044	0.6821807096734577	0.8086557396546925	0.6923704064666226	0.6577048059642866	0.5531956981233047	0.09641084561218995	0.14619412832993012	0.14156097762756736	0.19134426034530752	0.13915919675115548	0.18894247946889564	"<b>Belgique</b>
2014
NA
Part des salaires dans la VAN : 81.1%"
BE	2014-01-01	290835.57090936287	362940	241884.46018651	232527.82	206317.9	232527.82	-3004.5882785769772	tb	0.25703196136315826	0.034666887088775	12582.000000000002	12582	0.8316880202452671	0.7995164390413093	0.7093970636222408	0.7995164390413093	0.6664585336047556	0.6406784041439356	0.5684628313219816	0.12505042147745773	0.16831197975473292	0.1572220026814155	0.2004835609586907	0.1572220026814155	0.2004835609586907	"<b>Belgique</b>
2014
Toutes branches (marchandes et non marchandes)
Part des salaires dans la VAN : 80%"
DE	2014-01-01	1742164.1905290144	2175740	1289524.8412598325	1349524.1060987997	1153332	1352374.071724138	-20645.807310518972	md	0.15019684017698984	0.03124684015553329	67985	67985	0.7401855968973071	0.7762609741814775	0.6620110815443787	0.7746250975856712	0.5926833359040292	0.6215697058123388	0.5300872346879683	0.2207911007241977	0.2598144031026929	0.18635160003583362	0.22537490241432878	0.1847157234400273	0.22373902581852248	"<b>Allemagne</b>
2014
Branches marchandes
Part des salaires dans la VAN : 77.6%"
DE	2014-01-01	1631891.794507209	2055602	1205182.9716529292	1260674.623252731	1079222	1270755.0179310346	-21718.655498276457	mdhfi	0.14028770157499826	0.02912139606791587	59862	59862	0.7385189236868887	0.7787005377490553	0.6613318380744101	0.7725234157657026	0.5862919824231194	0.6181911760793357	0.5250150564165631	0.22479849711178826	0.26148107631311135	0.19079400503297433	0.22747658423429745	0.18461688304962154	0.22129946225094466	"<b>Allemagne</b>
2014
Branches marchandes hors services financiers (-KOPQ)
Part des salaires dans la VAN : 77.9%"
DE	2014-01-01	1597665.6459545465	1876629	1273189.6864686776	1332250.9598463026	1139126	1334987.1531034482	-27581.118625720126	mdhi	0.20952245617124302	0.03622719248183844	67985	67985	0.7969062173255866	0.8355860667616987	0.7129939877498048	0.8338734473133969	0.6784450663762936	0.7113751056300677	0.6070064994199706	0.16054107449536165	0.20309378267441336	0.12357384450755145	0.16612655268660317	0.12186122505924955	0.16441393323830128	"<b>Allemagne</b>
2014
Branches marchandes hors services immobiliers (-LOPQ)
Part des salaires dans la VAN : 83.6%"
DE	2014-01-01	1487393.2499327413	1756491	1188847.8168617743	1243401.477000234	1065016	1253368.0993103448	-28653.966813477608	mdhifi	0.20051219469088397	0.03408044789298664	59862	59862	0.7992827834303625	0.8426608762457548	0.7160285284662675	0.8359601450769388	0.6768311462237918	0.7135636330105561	0.6063316009020256	0.16047096696301402	0.20071721656963748	0.12379360531643768	0.16403985492306117	0.11709287414762169	0.15733912375424516	"<b>Allemagne</b>
2014
Branches marchandes hors services immobilier et financiers (-KLOPQ)
Part des salaires dans la VAN : 84.3%"
DE	2014-01-01	1684765.4503502331	2056925	1289524.8412598325	1349524.1060987997	1153332	1352374.071724138	-23400.701025279126	mdhim	0.17200914692561428	0.03305176416252416	67985	67985	0.7654031847529654	0.8027076240452362	0.6845653202113342	0.8010160143171605	0.6269187458268204	0.6574736909338639	0.5607068804161551	0.1942440171849262	0.23459681524703457	0.1586311876207311	0.19898398568283948	0.15693957789265545	0.1972923759547638	"<b>Allemagne</b>
2014
Branches marchandes hors imm. des ménages (-LmOPQ)
Part des salaires dans la VAN : 80.3%"
DE	2014-01-01	1487393.2499327413	1756491	1188847.8168617743	1243401.477000234	1065016	1253368.0993103448	-28653.966813477608	mdhimfi	0.20051219469088397	0.03408044789298664	59862	59862	0.7992827834303625	0.8426608762457548	0.7160285284662675	0.8359601450769388	0.6768311462237918	0.7135636330105561	0.6063316009020256	0.16047096696301402	0.20071721656963748	0.12379360531643768	0.16403985492306117	0.11709287414762169	0.15733912375424516	"<b>Allemagne</b>
2014
NA
Part des salaires dans la VAN : 84.3%"
DE	2014-01-01	2164698.0645565395	2670566	1693536.3249301277	1764756.96	1531872	1764756.96	-25782.668945751808	tb	0.14429227647793705	0.025457150282000147	67985	67985	0.7823429755211916	0.815243931195332	0.70766081657389	0.815243931195332	0.6341488377108552	0.6608175794943844	0.5736132340485126	0.18625079692534705	0.21765702447880836	0.15334984125120663	0.18475606880466794	0.15334984125120663	0.18475606880466794	"<b>Allemagne</b>
2014
Toutes branches (marchandes et non marchandes)
Part des salaires dans la VAN : 81.5%"
ES	2014-01-01	626609	771759	406816.0655755938	431008.6400448335	337162	432610.16739121114	10770	md	0.0831964869475326	0.023693925176123634	18286	18286	0.6492343160975884	0.6903989048852014	0.5380739823398643	0.6878430409471193	0.5271283724266174	0.5605508551130743	0.4368747238451382	0.32158321125998224	0.3507656839024116	0.28297448641045136	0.3121569590528807	0.2804186224723693	0.3096010951147986	"<b>Espagne</b>
2014
Branches marchandes
Part des salaires dans la VAN : 69%"
ES	2014-01-01	596728	735077	384551.96056509274	408143.27957947075	316629	411071.24401286175	8013.999999999999	mdhfi	0.07003618334839758	0.02021556925328911	14860	14860	0.6444342490466222	0.688875407242264	0.5306085854861846	0.6839687086569941	0.5231451406656619	0.5592220189352431	0.430742629683693	0.3306632828271964	0.35556575095337783	0.2911288232168245	0.31603129134300595	0.2862221246315545	0.31112459275773596	"<b>Espagne</b>
2014
Branches marchandes hors services financiers (-KOPQ)
Part des salaires dans la VAN : 68.9%"
ES	2014-01-01	539702	649908	401584.59483091295	425160.8518565199	333705	427080.46406002145	2067.999999999999	mdhi	0.1323946100610114	0.028136290059516116	18286	18286	0.7440858007398767	0.7913264432224106	0.6183134396389118	0.7877696429817194	0.6179099116042778	0.6571398783520459	0.513464982736018	0.2220325386400033	0.25591419926012327	0.1783486963981607	0.2122303570182807	0.1747918961574694	0.2086735567775894	"<b>Espagne</b>
2014
Branches marchandes hors services immobiliers (-LOPQ)
Part des salaires dans la VAN : 79.1%"
ES	2014-01-01	509821	613226	379320.4898204119	402295.4913911571	313172	405541.54068167205	-688.0000000000007	mdhifi	0.11386928663765705	0.024232501557337752	14860	14860	0.7440268051343744	0.7954586819328197	0.6142783447523739	0.7890916446971723	0.6185655693340006	0.6613247655540895	0.5106958935204965	0.22682570976791483	0.2559731948656256	0.18176087020511691	0.21090835530282767	0.1753938329694696	0.20454131806718034	"<b>Espagne</b>
2014
Branches marchandes hors services immobilier et financiers (-KLOPQ)
Part des salaires dans la VAN : 79.5%"
ES	2014-01-01	569713	688010	406816.06557559385	431008.64004483353	337162	432610.16739121114	3316.999999999999	mdhim	0.11225502839948034	0.02657810206247002	18286	18286	0.7140719372308405	0.7593475440988904	0.5918102623601709	0.7565364315801703	0.5912938265077453	0.62878470863971625	0.4900539236348309	0.25383119996279907	0.2859280627691595	0.21136670561346935	0.24346356841982975	0.20855559309474922	0.24065245590110962	"<b>Espagne</b>
2014
Branches marchandes hors imm. des ménages (-LmOPQ)
Part des salaires dans la VAN : 75.9%"
ES	2014-01-01	509821	613226	379320.4898204119	402295.4913911571	313172	405541.54068167205	-688.0000000000007	mdhimfi	0.11386928663765705	0.024232501557337752	14860	14860	0.7440268051343744	0.7954586819328197	0.6142783447523739	0.7890916446971723	0.6185655693340006	0.6613247655540895	0.5106958935204965	0.22682570976791483	0.2559731948656256	0.18176087020511691	0.21090835530282767	0.1753938329694696	0.20454131806718034	"<b>Espagne</b>
2014
NA
Part des salaires dans la VAN : 79.5%"
ES	2014-01-01	774870.9999999999	946493	550669.5342968685	576499.56	476301	576499.56	10910.999999999998	tb	0.0815605729545621	0.019319741403264472	18286	18286	0.710659625017414	0.7439942390410793	0.614684250668821	0.7439942390410793	0.5817999016335762	0.6090901464670104	0.5032271765348503	0.2657416082201185	0.289340374982586	0.23240699419645316	0.25600576095892075	0.23240699419645316	0.25600576095892075	"<b>Espagne</b>
2014
Toutes branches (marchandes et non marchandes)
Part des salaires dans la VAN : 74.4%"
FR	2014-01-01	1146769.1750151634	1489871.2	903385.6772085952	885915.9092854192	801460.3	872719.0998134571	37331.55961458239	md	0.2182769188493696	0.03565744475092881	53125	53125	0.7877659226379624	0.7610242050689211	0.6988854579121405	0.7725320217764878	0.606351527037099	0.5857681521821867	0.5379393198553003	0.16590827688061324	0.21223407736203756	0.18114217774208788	0.2274679782235122	0.19264999444965464	0.23897579493107896	"<b>France</b>
2014
Branches marchandes
Part des salaires dans la VAN : 76.1%"
FR	2014-01-01	1082002.701773274	1406832.2999999998	852382.2589775971	835264.2535318526	752509.2	822904.4343661785	31476.685564302617	mdhfi	0.17536330611395423	0.028622459123237364	40267	40267	0.7877820060713746	0.7605382435899058	0.6954781155044499	0.7719613381398712	0.605887609331686	0.5849342770749425	0.5348961635299389	0.17500274489643053	0.21221799392862534	0.19082341282793397	0.22803866186012875	0.20224650737789937	0.23946175641009418	"<b>France</b>
2014
Branches marchandes hors services financiers (-KOPQ)
Part des salaires dans la VAN : 76.1%"
FR	2014-01-01	995944.5738541458	1223011.5999999999	884361.7098837546	867254.6480212676	784552.5	854544.803069327	10750.636455859014	mdhi	0.4761035710115564	0.043437854555099895	53125	53125.00000000001	0.8879627773475551	0.858024457889635	0.7877471503900138	0.8707860565624964	0.7231016532335055	0.6987217480760829	0.6414922802040472	0.058695900861399	0.11203722265244483	0.07587262164645776	0.1292139434375036	0.08863422031931917	0.141975542110365	"<b>France</b>
2014
Branches marchandes hors services immobiliers (-LOPQ)
Part des salaires dans la VAN : 85.8%"
FR	2014-01-01	931178.1006122564	1139972.7	833358.2916527565	816602.9922677011	735601.4	804730.1376220485	4895.762405579246	mdhifi	0.41164463955017166	0.03532277571208504	40267	40267	0.8949504838062851	0.8642064682287228	0.7899685350378587	0.8769568267668436	0.7310335516392248	0.7059205344321391	0.6452798387189448	0.06180644596523322	0.10504951619371491	0.07980010300467466	0.12304317323315636	0.09255046154279545	0.13579353177127715	"<b>France</b>
2014
Branches marchandes hors services immobilier et financiers (-KLOPQ)
Part des salaires dans la VAN : 86.4%"
FR	2014-01-01	1047696.1492642055	1323490.4	903385.6772085952	885915.9092854192	801460.3	885020.166812433	25796.33645585901	mdhim	0.3681299024476075	0.040140072039812305	53125	53125	0.8622592321667316	0.8447298078111489	0.7649739865540822	0.8455847717943755	0.682578186595532	0.6687016141654167	0.6055656316056393	0.08703427240774876	0.1377407678332684	0.10370873278010484	0.1544152282056245	0.10456369676333145	0.15527019218885113	"<b>France</b>
2014
Branches marchandes hors imm. des ménages (-LmOPQ)
Part des salaires dans la VAN : 84.5%"
FR	2014-01-01	931178.1006122564	1139972.7	833358.2916527565	816602.9922677011	735601.4	816647.784874598	4895.762405579246	mdhimfi	0.41164463955017166	0.03532277571208504	40267	40267	0.8949504838062851	0.8770049299244109	0.7899685350378587	0.8769568267668436	0.7310335516392248	0.7163748613230808	0.6452798387189448	0.06180644596523322	0.10504951619371491	0.07980010300467466	0.12304317323315636	0.07975199984710737	0.12299507007558907	"<b>France</b>
2014
NA
Part des salaires dans la VAN : 87.7%"
FR	2014-01-01	1510030.4206948653	1924143.9	1247629.6344738207	1226929.08	1126854.6	1229067.1159238077	47199.542583154034	tb	0.20245747265119804	0.027609681375701682	53125	53125	0.8262281457215301	0.8139353347320197	0.7462462905094717	0.8125194454264097	0.6484076552038653	0.6387604980707564	0.5856394628281181	0.13859044384333855	0.1737718542784698	0.15229914413845902	0.1874805545735903	0.150883254832849	0.1860646652679803	"<b>France</b>
2014
Toutes branches (marchandes et non marchandes)
Part des salaires dans la VAN : 81.4%"
IT	2014-01-01	898468.7872262634	1197895	646554.525822306	637102.3847804145	455824.80000000005	641242.8266957375	26527.87539091964	md	0.13470456103152134	0.02832802541124222	33934	33934	0.7196182382899883	0.7137062920965466	0.5073351534082938	0.7090979607063095	0.539742236024281	0.535308041769719	0.3805214981279662	0.24261305957761994	0.28038176171001167	0.2531333371612987	0.29090203929369046	0.24852500577106165	0.2862937079034534	"<b>Italie</b>
2014
Branches marchandes
Part des salaires dans la VAN : 71.4%"
IT	2014-01-01	821714.4088647985	1111828.9	603812.0449916351	594764.9387035614	421255.29999999993	602784.626937752	23106.06743933835	mdhfi	0.13037031583804082	0.025550693996171537	28408	28408	0.7348198333601131	0.7335694986418715	0.5126541477859269	0.7238097960643424	0.5430800053781973	0.5421559260941607	0.3788850064969529	0.23060854456106047	0.2651801666398868	0.2416185818568313	0.27619020393565763	0.2318588792793022	0.2664305013581285	"<b>Italie</b>
2014
Branches marchandes hors services financiers (-KOPQ)
Part des salaires dans la VAN : 73.4%"
IT	2014-01-01	794645.7390628319	997605.8	640910.3170124143	631636.9560842882	453788.1	635663.6386809114	8601.78434102331	mdhi	0.22072987179799947	0.03401543976588749	33934	33934	0.8065359008509554	0.7999333633004607	0.5710571109777502	0.7948660957135583	0.6424484671324228	0.637189197056504	0.4548771669130231	0.15076079334636053	0.19346409914904458	0.1624305984837576	0.20513390428644168	0.1573633308968552	0.20006663669953928	"<b>Italie</b>
2014
Branches marchandes hors services immobiliers (-LOPQ)
Part des salaires dans la VAN : 80%"
IT	2014-01-01	717891.360701367	911539.7	598167.8361817433	589299.510007435	419218.6	597205.438922926	5179.976389442023	mdhifi	0.2372800175569813	0.031164852172648104	28408	28408	0.8332289102871276	0.8318883212906573	0.5839582741188456	0.8208756119194691	0.656216987786427	0.6551611947597301	0.4599016367581138	0.12719964261780514	0.1667710897128724	0.1395529409854636	0.17912438808053088	0.1285402316142754	0.16811167870934268	"<b>Italie</b>
2014
Branches marchandes hors services immobilier et financiers (-KLOPQ)
Part des salaires dans la VAN : 83.2%"
IT	2014-01-01	827024.7776408787	1060069.5	646554.525822306	637102.3847804145	455824.80000000005	641242.8266957375	14192.350250285563	mdhim	0.18803098936280072	0.03201110870560845	33934	33934	0.7817837425217522	0.7753610823183659	0.5511622049586695	0.770354652006648	0.6099171099841152	0.6049064016045529	0.4299952031446995	0.17718483868956522	0.21821625747824783	0.18861392920466943	0.22964534799335204	0.18360749889295155	0.22463891768163416	"<b>Italie</b>
2014
Branches marchandes hors imm. des ménages (-LmOPQ)
Part des salaires dans la VAN : 77.5%"
IT	2014-01-01	717891.360701367	911539.7	598167.8361817433	589299.510007435	419218.6	597205.438922926	5179.976389442023	mdhimfi	0.2372800175569813	0.031164852172648104	28408	28408	0.8332289102871276	0.8318883212906573	0.5839582741188456	0.8208756119194691	0.656216987786427	0.6551611947597301	0.4599016367581138	0.12719964261780514	0.1667710897128724	0.1395529409854636	0.17912438808053088	0.1285402316142754	0.16811167870934268	"<b>Italie</b>
2014
NA
Part des salaires dans la VAN : 83.2%"
IT	2014-01-01	1108144.3872262633	1455765.2	845096.6181818512	834747.1200000001	636259.6000000001	834747.1200000001	35820.075390919636	tb	0.12900318494725838	0.023310077751549495	33934	33934	0.7626231995788628	0.7532837143085757	0.5741666946421913	0.7532837143085757	0.580517117857915	0.5734077995544887	0.43706196576206113	0.2067544371342208	0.23737680042113718	0.21609392240450798	0.24671628569142437	0.21609392240450798	0.24671628569142437	"<b>Italie</b>
2014
Toutes branches (marchandes et non marchandes)
Part des salaires dans la VAN : 75.3%"
NL	2014-01-01	382573.7458333529	474619	279769.33192539494	269353.39748215344	226819	269690.12929979607	3340.697024560727	md	0.15954567879434545	0.034558245666524094	16402	16402	0.7312820991309241	0.704936322047754	0.5928765433339515	0.7040561471238079	0.5894608768831314	0.5682244691000489	0.477897007915823	0.22584512097072754	0.2687179008690759	0.25307107297784365	0.295943852876192	0.2521908980538976	0.295063677952246	"<b>Pays-Bas</b>
2014
Branches marchandes
Part des salaires dans la VAN : 70.5%"
NL	2014-01-01	333174.7579461157	419369	260475.60219566524	250159.54398336407	208033	250694.83167912986	1663.1201202859543	mdhfi	0.15279407147628637	0.026487413232737757	11108.000000000002	11108	0.7817987286953831	0.7524424515967524	0.6243960415321894	0.7508358241947679	0.6211131537993158	0.597790565538058	0.4960619406775417	0.18486141066068268	0.21820127130461686	0.2158243151612979	0.2491641758052321	0.21421768775931338	0.2475575484032476	"<b>Pays-Bas</b>
2014
Branches marchandes hors services financiers (-KOPQ)
Part des salaires dans la VAN : 75.2%"
NL	2014-01-01	376054.20238908223	438811	275613.5858936489	265319.16914322006	223281	265768.4169952413	-504.4439180347607	mdhi	0.1633004711868305	0.03737827903129137	16402	16402	0.7329092033612935	0.7067290175373857	0.5937468550583664	0.7055343816333933	0.6280917887054994	0.6056557766219199	0.5088318205332136	0.22347474369793977	0.26709079663870644	0.25084956542584	0.29446561836660673	0.24965492952184756	0.29327098246261424	"<b>Pays-Bas</b>
2014
Branches marchandes hors services immobiliers (-LOPQ)
Part des salaires dans la VAN : 70.7%"
NL	2014-01-01	326655.21450184495	383561	256319.85616391918	246125.3156444307	204495	246773.11937457512	-2182.020822309534	mdhifi	0.15792910226790466	0.028960191468892824	11108	11108	0.7846801299492847	0.7554544009068049	0.6260270490763741	0.7534712587392067	0.6682636038698386	0.6433738554612568	0.5331485734993913	0.1813145962731639	0.21531987005071526	0.2125234674832419	0.24652874126079327	0.21054032531564376	0.24454559909319512	"<b>Pays-Bas</b>
2014
Branches marchandes hors services immobilier et financiers (-KLOPQ)
Part des salaires dans la VAN : 75.5%"
NL	2014-01-01	386757.2023890822	463567.00000000006	279769.33192539494	269353.39748215344	226819	269690.12929979607	2345.556081965239	mdhim	0.15330709854223154	0.03538215619317164	16402	16402	0.7233720023756501	0.6973112010167162	0.586463545084333	0.6964405467262141	0.6035143397295211	0.5817716302061968	0.4892906526996097	0.23421896193301348	0.27662799762434986	0.2611504175824495	0.30355945327378586	0.2602797632919474	0.3026887989832838	"<b>Pays-Bas</b>
2014
Branches marchandes hors imm. des ménages (-LmOPQ)
Part des salaires dans la VAN : 69.7%"
NL	2014-01-01	326655.21450184495	383561	256319.85616391918	246125.3156444307	204495	246773.11937457512	-2182.020822309534	mdhimfi	0.15792910226790466	0.028960191468892824	11108	11108	0.7846801299492847	0.7554544009068049	0.6260270490763741	0.7534712587392067	0.6682636038698386	0.6433738554612568	0.5331485734993913	0.1813145962731639	0.21531987005071526	0.2125234674832419	0.24652874126079327	0.21054032531564376	0.24454559909319512	"<b>Pays-Bas</b>
2014
NA
Part des salaires dans la VAN : 75.5%"
NL	2014-01-01	492899.01931321673	609430	392572.4125991538	380006.8	328694	380006.8	2665.6769959271996	tb	0.16348604360503013	0.02691367343255173	16402	16402	0.7964560634471266	0.7709627836741982	0.6668587015206227	0.7709627836741982	0.644163255171478	0.6235446236647358	0.5393466025630507	0.17026734366605087	0.20354393655287342	0.19576062343897918	0.22903721632580173	0.19576062343897918	0.22903721632580173	"<b>Pays-Bas</b>
2014
Toutes branches (marchandes et non marchandes)
Part des salaires dans la VAN : 77.1%"
BE	2015-01-01	222981.65346698902	291588	170155.66057014436	161859.3752980021	137606.5	162172.83815476968	662.7081287662193	md	0.2582819413663111	0.04679204905551669	13644	13644	0.7630926487650913	0.7272922934835906	0.6171202781056233	0.7258865147933093	0.583548227533864	0.5561711666967423	0.471920998120636	0.17571846063400592	0.2369073512349087	0.21292459460578794	0.2741134852066907	0.21151881591550664	0.2727077065164094	"<b>Belgique</b>
2015
Branches marchandes
Part des salaires dans la VAN : 72.7%"
BE	2015-01-01	204024.75346698903	267794.4	159847.23567634655	151649.7755741845	127685.80000000002	152090.72527730654	-1180.6918712337806	mdhfi	0.22812508497556838	0.03763334856890211	10078	10078	0.7834698141282629	0.7454523173920397	0.6258348451853879	0.7432910614874055	0.5969028317109937	0.5679384082613622	0.4768053402162256	0.16713421881997148	0.21653018587173714	0.20731297146082886	0.2567089385125945	0.20515171555619474	0.2545476826079604	"<b>Belgique</b>
2015
Branches marchandes hors services financiers (-KOPQ)
Part des salaires dans la VAN : 74.5%"
BE	2015-01-01	208386.71134047298	256942.5	168976.9419987158	160727.71318849997	136612.4	161041.8881064857	-3098.1027263545184	mdhi	0.3462085728460052	0.05310137482121486	13644	13644	0.8108815620331593	0.7728030596124105	0.6555715531053974	0.7712954062886224	0.6576449672542137	0.6267623616431136	0.5316847154519007	0.123644013459475	0.18911843796684066	0.16323016920401198	0.22870459371137766	0.16172251588022385	0.22719694038758953	"<b>Belgique</b>
2015
Branches marchandes hors services immobiliers (-LOPQ)
Part des salaires dans la VAN : 77.3%"
BE	2015-01-01	189429.81134047295	233148.9	158668.517104918	150518.11346468236	126691.70000000001	150959.77522902258	-4941.502726354518	mdhifi	0.32761950530519296	0.043225595316984125	10078	10078	0.8376111235191702	0.7969166741009629	0.6688055016445633	0.7945851415865458	0.6805458533362928	0.6474822537400887	0.5433939426692557	0.10918711310111427	0.16238887648082984	0.15221309503373862	0.2054148584134542	0.1498815625193215	0.20308332589903708	"<b>Belgique</b>
2015
Branches marchandes hors services immobilier et financiers (-KLOPQ)
Part des salaires dans la VAN : 79.7%"
BE	2015-01-01	214682.65166934778	271377.2	170155.66057014436	161859.3752980021	137606.5	162172.83815476968	-1746.3027263545182	mdhim	0.3064208845731795	0.05027688398288434	13644	13644	0.7925915729428222	0.7554072809038468	0.6409763384697719	0.7539471589315768	0.6270079452884928	0.5975919795574929	0.5070672849450875	0.14385415337038554	0.20740842705717774	0.182498567381631	0.24605284106842318	0.1810384454093611	0.24459271909615327	"<b>Belgique</b>
2015
Branches marchandes hors imm. des ménages (-LmOPQ)
Part des salaires dans la VAN : 75.5%"
BE	2015-01-01	189429.81134047295	233148.9	158668.517104918	150518.11346468236	126691.70000000001	150959.77522902258	-4941.502726354518	mdhimfi	0.32761950530519296	0.043225595316984125	10078	10078	0.8376111235191702	0.7969166741009629	0.6688055016445633	0.7945851415865458	0.6805458533362928	0.6474822537400887	0.5433939426692557	0.10918711310111427	0.16238887648082984	0.15221309503373862	0.2054148584134542	0.1498815625193215	0.20308332589903708	"<b>Belgique</b>
2015
NA
Part des salaires dans la VAN : 79.7%"
BE	2015-01-01	298511.74675836	372549.5	244325.31155765854	235127.18000000002	208237.90000000002	235127.18000000002	-3018.3964179683985	tb	0.25179733543024013	0.03662332119624372	13643.999999999998	13644	0.8184780472154604	0.7876647487186872	0.697586953482822	0.7876647487186872	0.6558197274661717	0.6311300377533724	0.5589536424018823	0.13581520875129865	0.18152195278453961	0.16662850724807188	0.2123352512813128	0.16662850724807188	0.2123352512813128	"<b>Belgique</b>
2015
Toutes branches (marchandes et non marchandes)
Part des salaires dans la VAN : 78.8%"
DE	2015-01-01	1796379.264247907	2246213	1338124.0127543919	1389456.9318135262	1199455	1391905.9831626643	-18740.539601737226	md	0.1526245466299686	0.03113729641846076	69941	69941	0.7449006116838174	0.7748397072181835	0.66770699477105	0.7734763807771141	0.5957244538939058	0.619667851251268	0.5339898754036237	0.2161649598288429	0.25509938831618256	0.18758919073554625	0.22652361922288594	0.18622586429447677	0.22516029278181643	"<b>Allemagne</b>
2015
Branches marchandes
Part des salaires dans la VAN : 77.5%"
DE	2015-01-01	1684488.4269305526	2121457	1252735.6046696953	1300244.3816834916	1124397	1309515.0520163118	-22396.312544572396	mdhfi	0.14123358749733472	0.028743453202209612	60978	60978	0.7436890539832379	0.7773962890338694	0.6675005788249064	0.7718927366291116	0.5905071866503517	0.6172715506448219	0.5300116853652937	0.22011123159597906	0.2563109460167621	0.19190754895010534	0.22810726337088832	0.18640399654534764	0.22260371096613063	"<b>Allemagne</b>
2015
Branches marchandes hors services financiers (-KOPQ)
Part des salaires dans la VAN : 77.7%"
DE	2015-01-01	1645929.5969442185	1934089	1321165.5601996474	1371733.8837178806	1184562	1374090.0665518804	-26092.12149191986	mdhi	0.21535943665772647	0.036162244860500216	69941	69941	0.8026865563706261	0.8348413377479651	0.7196917791618918	0.8334098167167046	0.6830945009250595	0.7104585500211626	0.6124650933850511	0.1548201315643558	0.19731344362937384	0.12409687121827741	0.16659018328329542	0.12266535018701685	0.16515866225203485	"<b>Allemagne</b>
2015
Branches marchandes hors services immobiliers (-LOPQ)
Part des salaires dans la VAN : 83.5%"
DE	2015-01-01	1534038.7596268635	1809333	1235777.1521149506	1282521.3335878458	1109504	1291699.135405528	-29747.894434755035	mdhifi	0.2044446836744299	0.03370192220005936	60978	60978	0.8055710094414684	0.8420250970188773	0.7232568232303814	0.836042326531439	0.6830014995111185	0.7139090125507731	0.6132116089188668	0.15467901708665388	0.19442899055853158	0.12420769999668337	0.16395767346856108	0.11822492950924504	0.15797490298112274	"<b>Allemagne</b>
2015
Branches marchandes hors services immobilier et financiers (-KLOPQ)
Part des salaires dans la VAN : 84.2%"
DE	2015-01-01	1735138.2809188426	2119162	1338124.0127543919	1389456.9318135262	1199455	1391905.9831626643	-21733.022815875178	mdhim	0.17616747207440192	0.03300408368968488	69941	69941	0.7711915686891468	0.8021873521374794	0.6912734352012732	0.8007759076571921	0.6314401696304445	0.6568190554392087	0.5660043923022402	0.1884998283775107	0.22880843131085313	0.15891548940946545	0.19922409234280788	0.15750404492917813	0.19781264786252056	"<b>Allemagne</b>
2015
Branches marchandes hors imm. des ménages (-LmOPQ)
Part des salaires dans la VAN : 80.2%"
DE	2015-01-01	1534038.7596268635	1809333	1235777.1521149506	1282521.3335878458	1109504	1291699.135405528	-29747.894434755035	mdhimfi	0.2044446836744299	0.03370192220005936	60978	60978	0.8055710094414684	0.8420250970188773	0.7232568232303814	0.836042326531439	0.6830014995111185	0.7139090125507731	0.6132116089188668	0.15467901708665388	0.19442899055853158	0.12420769999668337	0.16395767346856108	0.11822492950924504	0.15797490298112274	"<b>Allemagne</b>
2015
NA
Part des salaires dans la VAN : 84.2%"
DE	2015-01-01	2233817.6274513137	2757468	1759199.3941620402	1820351.56	1594005	1820351.56	-24721.755219546263	tb	0.14736264874462143	0.025364210935539415	69941	69941	0.7875304467756431	0.8149060772149694	0.7135788438641201	0.8149060772149694	0.6379763588052664	0.6601532855503672	0.5780683583635422	0.1811594770836293	0.21246955322435687	0.153783846644303	0.18509392278503056	0.153783846644303	0.18509392278503056	"<b>Allemagne</b>
2015
Toutes branches (marchandes et non marchandes)
Part des salaires dans la VAN : 81.5%"
ES	2015-01-01	656781	808098	424395.07376371225	452027.6454913742	352727	453966.3269734065	12726	md	0.09186873037351041	0.026418825439488775	21349	21349	0.6461744078524078	0.6911989338507151	0.5370542083281946	0.6882471409668888	0.5251777306263749	0.5617713779435247	0.43649037616724706	0.32132008422333735	0.3538255921475922	0.2792473511088564	0.31175285903311123	0.27629555822503016	0.30880106614928493	"<b>Espagne</b>
2015
Branches marchandes
Part des salaires dans la VAN : 69.1%"
ES	2015-01-01	627506	770960	402124.1797544957	429012.2698126195	332387	432465.63566905865	9007	mdhfi	0.08023273563192682	0.023455172771609422	18083	18083	0.6408292187716065	0.6891816742295033	0.5296953335904357	0.683678354968111	0.5215889018295315	0.5609443235304797	0.43113391096814363	0.3303535268913832	0.3591707812283935	0.28750439069487865	0.316321645031889	0.28200107143348646	0.3108183257704968	"<b>Espagne</b>
2015
Branches marchandes hors services financiers (-KOPQ)
Part des salaires dans la VAN : 68.9%"
ES	2015-01-01	574516	688349	418685.36337188946	445552.318250223	349003	447890.89410440414	3886	mdhi	0.13700130129705712	0.031014790462396257	21348.999999999996	21349	0.7287618854338077	0.779596902617863	0.6074730729866531	0.7755263878642596	0.6082457639538802	0.650674140740241	0.5070146103212179	0.2340781399092637	0.2712381145661923	0.18731363747881172	0.22447361213574032	0.18324312272520846	0.22040309738213706	"<b>Espagne</b>
2015
Branches marchandes hors services immobiliers (-LOPQ)
Part des salaires dans la VAN : 78%"
ES	2015-01-01	545241	651211	396414.4693626729	422536.9425714683	328663	426390.20280005626	167.00000000000003	mdhifi	0.12150387382251193	0.02776826558519435	18083	18083	0.7270444984193648	0.7820215332303628	0.6027848235917695	0.774954456050569	0.6087342955857209	0.65476504973051175	0.5046950988235764	0.23979035075742125	0.2729555015806352	0.19188039312621702	0.225045543949431	0.18481331594642322	0.21797846676963717	"<b>Espagne</b>
2015
Branches marchandes hors services immobilier et financiers (-KLOPQ)
Part des salaires dans la VAN : 78.2%"
ES	2015-01-01	601792	725482	424395.07376371225	452027.6454913742	352727	453966.3269734065	5390	mdhim	0.12034594089620092	0.029427332449323346	21349	21349	0.705218869250027	0.7543575304646896	0.5861277650749761	0.7511360162504224	0.5849836022998672	0.6257444388329504	0.48619676297964665	0.25930541821142145	0.294781130749973	0.21338827121102608	0.2488639837495776	0.21016675699675888	0.2456424695353104	"<b>Espagne</b>
2015
Branches marchandes hors imm. des ménages (-LmOPQ)
Part des salaires dans la VAN : 75.4%"
ES	2015-01-01	545241	651211	396414.4693626729	422536.9425714683	328663	426390.20280005626	167.00000000000003	mdhimfi	0.12150387382251193	0.02776826558519435	18083	18083	0.7270444984193648	0.7820215332303628	0.6027848235917695	0.774954456050569	0.6087342955857209	0.65476504973051175	0.5046950988235764	0.23979035075742125	0.2729555015806352	0.19188039312621702	0.225045543949431	0.18481331594642322	0.21797846676963717	"<b>Espagne</b>
2015
NA
Part des salaires dans la VAN : 78.2%"
ES	2015-01-01	810026	987936	574087.73287364	603802.6	497019	603802.6	13013	tb	0.09048553361022292	0.021609699413727205	21349	21349	0.7087275382193164	0.7454113818568786	0.6135840084145447	0.7454113818568786	0.5810981003563389	0.6111758251546658	0.5030882567291808	0.2649165176504951	0.29127246178068356	0.22823267401293296	0.25458861814312134	0.22823267401293296	0.25458861814312134	"<b>Espagne</b>
2015
Toutes branches (marchandes et non marchandes)
Part des salaires dans la VAN : 74.5%"
FR	2015-01-01	1175310.7078488169	1523573.5000000002	916703.0451767216	897596.1262222333	814503.4999999999	883761.305188525	38811.74038816205	md	0.21229842701766213	0.03603501898661272	54902	54902	0.7799665561241865	0.7519384442655869	0.6930112135971209	0.763709647353688	0.6016795679215485	0.5800582021074302	0.5346007265156553	0.17332068984969923	0.22003344387581344	0.18957759862019782	0.23629035264631207	0.2013488017082989	0.24806155573441316	"<b>France</b>
2015
Branches marchandes
Part des salaires dans la VAN : 75.2%"
FR	2015-01-01	1111658.8885795278	1439998.4000000001	864698.0232472526	845981.9793636234	764589.2	832980.8303218244	31800.07247583395	mdhfi	0.16144663222796565	0.02768822520913912	39871	39871	0.7778447436804642	0.7493133360236098	0.6877911991303269	0.7610086043971771	0.6004854055721538	0.5784595526785477	0.5309653121836801	0.18628903835500624	0.22215525631953578	0.2031251776382934	0.23899139560282295	0.21482044601186062	0.25068666397639017	"<b>France</b>
2015
Branches marchandes hors services financiers (-KOPQ)
Part des salaires dans la VAN : 74.9%"
FR	2015-01-01	1020988.2447466129	1251468	897676.2951767215	878971.4926559433	797627.6	865748.3430436202	10899.355035318582	mdhi	0.44522854590732414	0.043870078979246774	54902	54902	0.8792229487416923	0.8479513329347687	0.7812309339545372	0.8609026569880683	0.7172986406178357	0.6917862406738489	0.6373535719650841	0.06700366034759704	0.12077705125830776	0.08532395210122089	0.1390973430119316	0.09827527615452057	0.1520486670652313	"<b>France</b>
2015
Branches marchandes hors services immobiliers (-LOPQ)
Part des salaires dans la VAN : 84.8%"
FR	2015-01-01	957336.4254773238	1167892.9	845671.2732472526	827357.3457973336	747713.3	814967.8681769194	3887.6871229904837	mdhifi	0.3570585738140677	0.03413926054349676	39871	39871	0.8833585046402099	0.8512868062766753	0.7810350469294985	0.8642284193718178	0.7241000208557246	0.6978104483526867	0.6402242020651039	0.07499364937908322	0.11664149535979004	0.09412373464747535	0.13577158062818218	0.10706534774261783	0.14871319372332464	"<b>France</b>
2015
Branches marchandes hors services immobilier et financiers (-KLOPQ)
Part des salaires dans la VAN : 85.1%"
FR	2015-01-01	1073905.7456657956	1353422.8	916703.0451767216	897596.1262222333	814503.4999999999	896596.2331714284	26263.15503531858	mdhim	0.3492433643264025	0.04056529858962033	54902	54902	0.8536159238149786	0.834892854228618	0.7584497087265581	0.8358239350565587	0.677322005493569	0.6624657373670877	0.6018100921604098	0.09526040893435209	0.14638407618502136	0.11305239769277196	0.16417606494344122	0.11398347852071272	0.165107145771382	"<b>France</b>
2015
Branches marchandes hors imm. des ménages (-LmOPQ)
Part des salaires dans la VAN : 83.5%"
FR	2015-01-01	957336.4254773238	1167892.9	845671.2732472526	827357.3457973336	747713.3	827326.8531714287	3887.6871229904837	mdhimfi	0.3570585738140677	0.03413926054349676	39871	39871	0.8833585046402099	0.864196567845966	0.7810350469294985	0.8642284193718178	0.7241000208557246	0.7083927414674999	0.6402242020651039	0.07499364937908322	0.11664149535979004	0.09412373464747535	0.13577158062818218	0.09415558617332716	0.13580343215403398	"<b>France</b>
2015
NA
Part des salaires dans la VAN : 86.4%"
FR	2015-01-01	1543297.112064896	1961564.2000000002	1265061.7226141933	1242258.5	1143091.3	1244272.5020119927	48065.26226224144	tb	0.19732213112209965	0.027988887643850758	54901.99999999999	54902	0.8197136589736567	0.8062430055008558	0.7406812927101057	0.8049380059669047	0.6449249647878939	0.6343266776646885	0.5827447809253452	0.1447118560028196	0.1802863410263433	0.1594875090095716	0.1950619940330953	0.15818250947562051	0.19375699449914421	"<b>France</b>
2015
Toutes branches (marchandes et non marchandes)
Part des salaires dans la VAN : 80.6%"
IT	2015-01-01	916974.5145097036	1222017	660442.2553816895	651051.8856501733	468635	655046.4273684211	29022.98744702446	md	0.12651430315360215	0.02655855033113287	32454.999999999996	32454.999999999996	0.7202405791341113	0.7143561974769467	0.5110665482895935	0.7099999785689614	0.5404525922157298	0.5360370824370047	0.38349302832939314	0.24436585268438543	0.2797594208658887	0.25460645324953546	0.29000002143103865	0.25025023434155014	0.2856438025230534	"<b>Italie</b>
2015
Branches marchandes
Part des salaires dans la VAN : 71.4%"
IT	2015-01-01	844635.4585542954	1137229.9	617089.2316302813	608107.2601532625	433623.9	616068.6612383901	22505.564386595237	mdhfi	0.11744426774839081	0.023499206273067567	26724	26724	0.7305983017650132	0.7293900048819554	0.5133858584888259	0.7199641620470423	0.5426248743814082	0.5417274565489266	0.38129836368178505	0.2377620130556059	0.2694016982349869	0.2483961527735768	0.2800358379529578	0.2389703099386636	0.27060999511804457	"<b>Italie</b>
2015
Branches marchandes hors services financiers (-KOPQ)
Part des salaires dans la VAN : 72.9%"
IT	2015-01-01	807452.8145097035	1015556.8	654766.737425485	645549.8194722708	466502.4	649356.6437151703	11500.187447024457	mdhi	0.2125603108009546	0.03195783830111718	32454.999999999996	32455.000000000004	0.8109040251758468	0.8042038272037836	0.5777457104824963	0.7994892182823804	0.6447366975687475	0.6394094783424918	0.4593562861279645	0.14890167564432166	0.18909597482415313	0.16031648253778813	0.2005107817176196	0.15560187361638494	0.19579617279621644	"<b>Italie</b>
2015
Branches marchandes hors services immobiliers (-LOPQ)
Part des salaires dans la VAN : 80.4%"
IT	2015-01-01	735113.7585542955	930769.7	611413.713674077	602605.1939753601	431491.30000000005	610378.8775851394	4982.76438659524	mdhifi	0.21603872517489728	0.028711721062686078	26724	26724	0.8317266634711176	0.8303189410922401	0.586972145438535	0.8197441375066464	0.6568904355976317	0.6557786287898493	0.46358546050650346	0.13191977942425617	0.1682733365288824	0.1439023053887273	0.18025586249335354	0.1333275018031336	0.16968105890775984	"<b>Italie</b>
2015
Branches marchandes hors services immobilier et financiers (-KLOPQ)
Part des salaires dans la VAN : 83%"
IT	2015-01-01	842319.1513221256	1081283.6	660442.2553816894	651051.8856501731	468635	655046.4273684211	17078.5874051762	mdhim	0.17844487521179633	0.030015252242797354	32455	32455	0.7840760290740658	0.7776701103616647	0.5563627507037191	0.7729277965819316	0.610794666063269	0.6058044599663039	0.4334061850193603	0.17739344487882028	0.21592397092593416	0.18854167737095462	0.2270722034180685	0.18379936359122148	0.22232988963833533	"<b>Italie</b>
2015
Branches marchandes hors imm. des ménages (-LmOPQ)
Part des salaires dans la VAN : 77.8%"
IT	2015-01-01	735113.7585542955	930769.7	611413.713674077	602605.1939753601	431491.30000000005	610378.8775851394	4982.76438659524	mdhimfi	0.21603872517489728	0.028711721062686078	26724	26724	0.8317266634711176	0.8303189410922401	0.586972145438535	0.8197441375066464	0.6568904355976317	0.6557786287898493	0.46358546050650346	0.13191977942425617	0.1682733365288824	0.1439023053887273	0.18025586249335354	0.1333275018031336	0.16968105890775984	"<b>Italie</b>
2015
NA
Part des salaires dans la VAN : 83%"
IT	2015-01-01	1126514.6145097036	1479425.4	859145.2260658055	848854.4199999999	648945.7	848854.4199999999	37998.68744702446	tb	0.1213863718239757	0.021937571167833136	32455	32455.000000000004	0.7626578608034605	0.7535227764172855	0.5760650520121682	0.7535227764172855	0.5807289952340994	0.5737730472925502	0.4386471261072035	0.20853203803853052	0.23734213919653946	0.2176671224247056	0.2464772235827145	0.2176671224247056	0.2464772235827145	"<b>Italie</b>
2015
Toutes branches (marchandes et non marchandes)
Part des salaires dans la VAN : 75.4%"
NL	2015-01-01	400463.8032864237	492199	282055.4403092221	273667.82943911036	229271	274158.7772972973	2019.612591226817	md	0.15890769475144964	0.03822844012279586	18816	18816	0.7043219337041745	0.6846031402773518	0.5725136657008137	0.6833771921288351	0.5730516321837754	0.5570079933061574	0.4658095607670881	0.24869254639218955	0.29567806629582544	0.269637287967529	0.3166228078711649	0.2684113398190123	0.3153968597226482	"<b>Pays-Bas</b>
2015
Branches marchandes
Part des salaires dans la VAN : 68.5%"
NL	2015-01-01	350694.70959617506	437285	263295.11007666396	254988.4333562762	211020	255689.69902702703	974.6316206359036	mdhfi	0.15275813703264762	0.030531575517111265	13351	13351	0.7507815284121288	0.7290948281525368	0.6017199410934643	0.7270951810191131	0.6021132901349554	0.5847209463554136	0.4825685765576226	0.21114832215398419	0.24921847158787122	0.2348346695469999	0.2729048189808869	0.23283502241357623	0.27090517184746327	"<b>Pays-Bas</b>
2015
Branches marchandes hors services financiers (-KOPQ)
Part des salaires dans la VAN : 72.9%"
NL	2015-01-01	393018.47230536124	455935	277967.4403092221	269677.7137448967	225799	270286.96713513514	-1541.1109526163891	mdhi	0.16354481723059575	0.04126904054305987	18816	18816	0.7072630420619298	0.687720771875404	0.5745251582591321	0.686170581660006	0.60966462392495	0.5928190797704391	0.4952438395823966	0.24486134565544793	0.2927369579380702	0.2659538060573717	0.31382941833999395	0.26440361584197364	0.31227922812459596	"<b>Pays-Bas</b>
2015
Branches marchandes hors services immobiliers (-LOPQ)
Part des salaires dans la VAN : 68.8%"
NL	2015-01-01	343249.3786151127	401021	259207.110076664	250998.31766206256	207548	251817.88886486486	-2586.0919232073024	mdhifi	0.15886053806236822	0.033292520840554486	13351	13351	0.7551568224900249	0.7336295549342554	0.6046565935162979	0.7312418704871372	0.6463679210731208	0.6279419004612349	0.5175489562890722	0.20594725858984056	0.24484317750997514	0.22986221059272818	0.26875812951286276	0.22747452614560998	0.26637044506574453	"<b>Pays-Bas</b>
2015
Branches marchandes hors services immobilier et financiers (-KLOPQ)
Part des salaires dans la VAN : 73.4%"
NL	2015-01-01	404297.47230536124	480928	282055.4403092221	273667.82943911036	229271	274158.7772972973	983.8890473836107	mdhim	0.15392414288887377	0.03912435957149511	18816	18816	0.6976433434048008	0.6781115294488617	0.5670849206468307	0.6768972061057363	0.5864816361476606	0.5700619995036623	0.4767262459245459	0.25581666738203757	0.30235665659519917	0.27656280468110206	0.3231027938942636	0.27534848133797674	0.3218884705511383	"<b>Pays-Bas</b>
2015
Branches marchandes hors imm. des ménages (-LmOPQ)
Part des salaires dans la VAN : 67.8%"
NL	2015-01-01	343249.3786151127	401021	259207.110076664	250998.31766206256	207548	251817.88886486486	-2586.0919232073024	mdhimfi	0.15886053806236822	0.033292520840554486	13351	13351	0.7551568224900249	0.7336295549342554	0.6046565935162979	0.7312418704871372	0.6463679210731208	0.6279419004612349	0.5175489562890722	0.20594725858984056	0.24484317750997514	0.22986221059272818	0.26875812951286276	0.22747452614560998	0.26637044506574453	"<b>Pays-Bas</b>
2015
NA
Part des salaires dans la VAN : 73.4%"
NL	2015-01-01	510985.98641280946	627498	394904.3416545136	384741.64	330949	384741.64	1369.6173953657674	tb	0.16209281010084328	0.02998575294263886	18816	18816	0.7728281247530786	0.7529397091707705	0.6476674679932156	0.7529397091707705	0.6293316339725602	0.6131360418678625	0.5274104459297081	0.19034894761226975	0.22717187524692145	0.21023736319457786	0.24706029082922956	0.21023736319457786	0.24706029082922956	"<b>Pays-Bas</b>
2015
Toutes branches (marchandes et non marchandes)
Part des salaires dans la VAN : 75.3%"
BE	2016-01-01	229190.88487852685	299653.8	172959.10076739482	164325.67563280027	139756.5	164673.44464739884	798.6001660906797	md	0.26029762760279124	0.04884636870949075	14636.999999999998	14637	0.7546508704264772	0.7184991005845507	0.6097821040050182	0.7169817234219166	0.577196420560643	0.5495456578471517	0.46639321777331044	0.18148533321112498	0.24534912957352278	0.21915448021568557	0.28301827657808337	0.2176371030530515	0.2815008994154493	"<b>Belgique</b>
2016
Branches marchandes
Part des salaires dans la VAN : 71.8%"
BE	2016-01-01	209635.38487852685	275004.6	162801.95403199963	154256.2726602313	129936.79999999999	154713.44653564546	-1127.7998339093203	mdhfi	0.24670411266392944	0.04201384267754067	11554	11554	0.7765957742598425	0.7380120804762713	0.6198228418131406	0.73583127557218	0.5919972030722382	0.5625849405269784	0.47248955108387275	0.1682894844635598	0.22340422574015753	0.20905398315122226	0.26416872442782	0.20687317824713097	0.26198791952372874	"<b>Belgique</b>
2016
Branches marchandes hors services financiers (-KOPQ)
Part des salaires dans la VAN : 73.8%"
BE	2016-01-01	214040.68487852684	263809.6	171710.22405506604	163126.95121630406	138700.5	163477.14653564547	-3155.999833909321	mdhi	0.34577936822005345	0.05548319697236189	14637	14637	0.802231707268717	0.76376669523564	0.6480099803395594	0.7621305795619299	0.6508869429128661	0.6196785353362633	0.5257598662065369	0.1293840974167014	0.19776829273128305	0.16948522512348846	0.2378694204380701	0.16784910944977832	0.23623330476435997	"<b>Belgique</b>
2016
Branches marchandes hors services immobiliers (-LOPQ)
Part des salaires dans la VAN : 76.4%"
BE	2016-01-01	194485.18487852684	239160.4	161553.07731967082	153057.54824373507	128880.8	153517.1484238921	-5082.3998339093205	mdhifi	0.35084301784666455	0.04831067350614901	11554	11554	0.8306703537370982	0.789351376660269	0.6626766973561377	0.7869882137260636	0.6755009496541686	0.641900366548526	0.5388885450935857	0.10992152215711719	0.16932964626290187	0.15360366216815172	0.21301178627393638	0.15124049923394628	0.21064862333973097	"<b>Belgique</b>
2016
Branches marchandes hors services immobilier et financiers (-KLOPQ)
Part des salaires dans la VAN : 78.9%"
BE	2016-01-01	220646.2287561974	278956.89999999997	172959.10076739482	164325.67563280027	139756.5	164673.44464739884	-1688.0998339093208	mdhim	0.3069381742477113	0.052470471244841055	14637	14637	0.7838751731329413	0.7463234045543303	0.6333962777783239	0.7447472660607836	0.620020873358554	0.5903185927553642	0.5009967489601441	0.14978786709888098	0.21612482686705867	0.18891577417103872	0.25525273393921644	0.18733963567749196	0.2536765954456697	"<b>Belgique</b>
2016
Branches marchandes hors imm. des ménages (-LmOPQ)
Part des salaires dans la VAN : 74.6%"
BE	2016-01-01	194485.18487852684	239160.4	161553.07731967082	153057.54824373507	128880.8	153517.1484238921	-5082.3998339093205	mdhimfi	0.35084301784666455	0.04831067350614901	11554	11554	0.8306703537370982	0.789351376660269	0.6626766973561377	0.7869882137260636	0.6755009496541686	0.641900366548526	0.5388885450935857	0.10992152215711719	0.16932964626290187	0.15360366216815172	0.21301178627393638	0.15124049923394628	0.21064862333973097	"<b>Belgique</b>
2016
NA
Part des salaires dans la VAN : 78.9%"
BE	2016-01-01	306683.7848785268	382874.79999999993	249186.37614360204	239591.42	212285.90000000002	239591.42	-2720.8998339093205	tb	0.25456799396786156	0.03822920704104841	14637	14636.999999999998	0.8125189150195903	0.7812327609524542	0.6921979917656341	0.7812327609524542	0.6508299218010747	0.6257696249531179	0.554452525995443	0.1397544012700286	0.1874810849804097	0.17104055533716478	0.21876723904754586	0.17104055533716478	0.21876723904754586	"<b>Belgique</b>
2016
Toutes branches (marchandes et non marchandes)
Part des salaires dans la VAN : 78.1%"
DE	2016-01-01	1860317.6568406117	2323838	1383618.8971852001	1436472.5504550426	1243622	1438994.7454678898	-20009.653342261852	md	0.17087101308776254	0.035051496705019884	81454	81454	0.7437541067771233	0.7735209845353739	0.6684998099260373	0.772165197257017	0.5954024752092014	0.6192319539778116	0.5351586470313335	0.21246089784830513	0.2562458932228767	0.18404980736841142	0.22783480274298298	0.18269402009005453	0.2264790154646261	"<b>Allemagne</b>
2016
Branches marchandes
Part des salaires dans la VAN : 77.4%"
DE	2016-01-01	1750727.3336850833	2201574	1296175.8863903033	1344991.8045128954	1166874	1354736.4775045873	-23162.08053212492	mdhfi	0.1568557320064192	0.03238546603475513	71299	71298.99999999999	0.7403642254570844	0.7738135182096118	0.6665081292492658	0.7682474470092607	0.5887496338484662	0.6153490536791347	0.5300180688907118	0.21891041507193296	0.2596357745429156	0.1910271935197566	0.23175255299073924	0.1854611223194056	0.22618648179038825	"<b>Allemagne</b>
2016
Branches marchandes hors services financiers (-KOPQ)
Part des salaires dans la VAN : 77.4%"
DE	2016-01-01	1708562.5497304355	2002625	1365635.4395580813	1417704.0259112788	1227718	1420234.7280733944	-27901.393323960652	mdhi	0.2375256944808518	0.0406736158791586	81454	81454	0.7992891098856997	0.8312453812694587	0.7185677809651747	0.8297641933770313	0.6819226962402254	0.7091865566810533	0.6130543661444354	0.15303689655003117	0.2007108901143003	0.12256181305869955	0.17023580662296867	0.12108062516627216	0.16875461873054126	"<b>Allemagne</b>
2016
Branches marchandes hors services immobiliers (-LOPQ)
Part des salaires dans la VAN : 83.1%"
DE	2016-01-01	1598972.2265749068	1880361	1278192.4287631847	1326223.2799691318	1150970	1335976.4601100916	-31053.820513823724	mdhifi	0.2222677378263331	0.037917718991193713	71299	71299	0.7993837588418584	0.835521992131053	0.7198186315377384	0.8294223363778997	0.6797590615648722	0.7104893475827735	0.6121005487776018	0.15602572306469936	0.2006162411581416	0.12598714552865797	0.1705776636221002	0.11988748977550477	0.164478007868947	"<b>Allemagne</b>
2016
Branches marchandes hors services immobilier et financiers (-KLOPQ)
Part des salaires dans la VAN : 83.6%"
DE	2016-01-01	1798242.3142068442	2192446	1383618.8971852001	1436472.5504550426	1243622	1438994.7454678898	-23237.765217171553	mdhim	0.19645296588674815	0.037152112298318864	81454	81454	0.7694285059661032	0.8002229366416568	0.6915764300366427	0.7988203475729196	0.6310845955545542	0.6563421609781449	0.5672303901669642	0.18527504018199908	0.23057149403389676	0.1558831985751827	0.20117965242708039	0.15448060950644552	0.19977706335834317	"<b>Allemagne</b>
2016
Branches marchandes hors imm. des ménages (-LmOPQ)
Part des salaires dans la VAN : 80%"
DE	2016-01-01	1598972.2265749068	1880361	1278192.4287631847	1326223.2799691318	1150970	1335976.4601100916	-31053.820513823724	mdhimfi	0.2222677378263331	0.037917718991193713	71299	71299	0.7993837588418584	0.835521992131053	0.7198186315377384	0.8294223363778997	0.6797590615648722	0.7104893475827735	0.6121005487776018	0.15602572306469936	0.2006162411581416	0.12598714552865797	0.1705776636221002	0.11988748977550477	0.164478007868947	"<b>Allemagne</b>
2016
NA
Part des salaires dans la VAN : 83.6%"
DE	2016-01-01	2316130.659051152	2856099	1824798.3238531926	1887996.96	1657400	1887996.96	-25666.65523164468	tb	0.16578188359449603	0.028519319533391523	81454	81454	0.7878650182027109	0.815151318265203	0.7155900266347608	0.815151318265203	0.638912840154768	0.661040447127358	0.580302013340574	0.1769668449386504	0.2121349817972891	0.14968054487615828	0.184848681734797	0.14968054487615828	0.184848681734797	"<b>Allemagne</b>
2016
Toutes branches (marchandes et non marchandes)
Part des salaires dans la VAN : 81.5%"
ES	2016-01-01	681432.9999999999	835266	432508.73623866565	463227.5262574928	360204	465409.4490347196	10840	md	0.08900297490180371	0.02652448441574301	22155	22155	0.6347047123321966	0.6829863670158617	0.5285978225298746	0.679784404714026	0.5178095795096002	0.5571990827289984	0.43124465739057977	0.33278292034775875	0.3652952876678034	0.28770322796592934	0.32021559528597404	0.2845012656640936	0.3170136329841383	"<b>Espagne</b>
2016
Branches marchandes
Part des salaires dans la VAN : 68.3%"
ES	2016-01-01	649748	796230	410540.329855687	440476.7952446125	340077	444121.5560015262	7781	mdhfi	0.0770084002276628	0.02313527498335908	18421	18421	0.6318454690983073	0.6835289312187589	0.5233983021109723	0.6779194322177405	0.5156052018332479	0.557780485540015	0.4271090011680042	0.33980353944038766	0.3681545309016927	0.2937295763209544	0.3220805677822594	0.28812007731993605	0.31647106878124104	"<b>Espagne</b>
2016
Branches marchandes hors services financiers (-KOPQ)
Part des salaires dans la VAN : 68.4%"
ES	2016-01-01	597653.9999999999	713392	426443.02783668874	456237.46444494656	356314	458900.6903319344	1879.9999999999995	mdhi	0.1294017534043744	0.031055857088388993	22155	22155	0.7135282752841758	0.7678367254831968	0.5961877608114395	0.7633805921903755	0.5977681665012906	0.6432658206595174	0.499464530019961	0.24940178123682127	0.28647172471582416	0.19954946433062165	0.23661940780962457	0.19509333103780027	0.23216327451680316	"<b>Espagne</b>
2016
Branches marchandes hors services immobiliers (-LOPQ)
Part des salaires dans la VAN : 76.8%"
ES	2016-01-01	565969	674356	404474.62145370996	433486.7334320661	336187	437612.79729874094	-1179.0000000000002	mdhifi	0.11406588988309513	0.027316432270195565	18421	18421	0.7146586146126553	0.7732098353421141	0.594002498370052	0.7659195705631688	0.5997939092314889	0.6489343867315497	0.49853044979209793	0.2527936663426619	0.2853413853873446	0.2015327103921485	0.23408042943683116	0.1942424456132033	0.22679016465788596	"<b>Espagne</b>
2016
Branches marchandes hors services immobilier et financiers (-KLOPQ)
Part des salaires dans la VAN : 77.3%"
ES	2016-01-01	625056.9999999999	750476	432508.73623866565	463227.5262574928	360204	465409.4490347196	3401.999999999999	mdhim	0.11506206063463327	0.029521263837884223	22155	22155	0.6919508720623331	0.7445872121018078	0.5762738438254432	0.7410964540153824	0.5763125486206963	0.6201523420265533	0.4799673807023809	0.27260436050045717	0.3080491279376669	0.2234587785474079	0.2589035459846176	0.21996802046098243	0.25541278789819216	"<b>Espagne</b>
2016
Branches marchandes hors imm. des ménages (-LmOPQ)
Part des salaires dans la VAN : 74.5%"
ES	2016-01-01	565969	674356	404474.62145370996	433486.7334320661	336187	437612.79729874094	-1179.0000000000002	mdhimfi	0.11406588988309513	0.027316432270195565	18421	18421	0.7146586146126553	0.7732098353421141	0.594002498370052	0.7659195705631688	0.5997939092314889	0.6489343867315497	0.49853044979209793	0.2527936663426619	0.2853413853873446	0.2015327103921485	0.23408042943683116	0.1942424456132033	0.22679016465788596	"<b>Espagne</b>
2016
NA
Part des salaires dans la VAN : 77.3%"
ES	2016-01-01	838767	1019400	586064.7286941354	619220.04	508025	619220.04	11209.000000000002	tb	0.08767234218161869	0.021733372572101235	22155	22155	0.6987217292694341	0.7382503603503715	0.6056807194369831	0.7382503603503715	0.5749114466295226	0.6074357857563273	0.49835687659407496	0.27486449908718935	0.3012782707305659	0.235335868006252	0.2617496396496285	0.235335868006252	0.2617496396496285	"<b>Espagne</b>
2016
Toutes branches (marchandes et non marchandes)
Part des salaires dans la VAN : 73.8%"
FR	2016-01-01	1181206.7739678535	1538892.6999999997	935346.4248907381	914776.5521255668	832824.9000000001	900475.1246532766	42115.58489638257	md	0.2163830003483544	0.03457031149735132	53200	53200.00000000001	0.7918566380624172	0.762334880309265	0.7050627530710939	0.7744423519115904	0.607804835834713	0.5851448412571434	0.5411845153336553	0.16310467677893511	0.20814336193758273	0.18051896292976205	0.22555764808840967	0.1926264345320874	0.237665119690735	"<b>France</b>
2016
Branches marchandes
Part des salaires dans la VAN : 76.2%"
FR	2016-01-01	1121380.1066715126	1457307.9	882471.7726939016	862331.2589775679	782090.2000000002	848897.0437401804	33929.242921853016	mdhfi	0.16950015650686734	0.027787538927086033	40495	40495	0.7869515139815167	0.7570109712931166	0.6974354149382989	0.7689910440244432	0.6055492958584123	0.582510424694864	0.5366677831088408	0.17693673429479922	0.21304848601848328	0.1948972042518728	0.23100895597555685	0.20687727698319935	0.2429890287068834	"<b>France</b>
2016
Branches marchandes hors services financiers (-KOPQ)
Part des salaires dans la VAN : 75.7%"
FR	2016-01-01	1023101.1389743935	1259968.0999999999	915575.3831072986	895447.768424782	815258.1	881090.2885986855	12357.516616869914	mdhi	0.49476518040716533	0.042223291208721876	53200	53200	0.8949021247548566	0.8611956873412666	0.796849958369956	0.8752289820754403	0.7266655267758753	0.6992957112157725	0.6470466196723552	0.05309910603907023	0.10509787524514333	0.07277224871848663	0.12477101792455972	0.0868055434526603	0.1388043126587334	"<b>France</b>
2016
Branches marchandes hors services immobiliers (-LOPQ)
Part des salaires dans la VAN : 86.1%"
FR	2016-01-01	963274.4716780523	1178383.2999999998	862700.7309104621	843002.4752767831	764523.4	829512.2076855893	4171.174642340364	mdhifi	0.40263989079990015	0.03436487940723532	40495	40495	0.8955918134190893	0.8611379540044851	0.7936714015354086	0.8751425476980077	0.7321053607179109	0.7039409058882534	0.6487900838377463	0.06236928573735719	0.10440818658091067	0.08281855145843879	0.12485745230199227	0.09682314515196142	0.13886204599551488	"<b>France</b>
2016
Branches marchandes hors services immobilier et financiers (-KLOPQ)
Part des salaires dans la VAN : 86.1%"
FR	2016-01-01	1078052.7211777417	1365290.0999999999	935346.4248907381	914776.5521255668	832824.9000000001	913688.7730132877	28343.316616869917	mdhim	0.3727936424963822	0.03896607761236971	53200	53200	0.8676258651514733	0.8475362615059391	0.7725270607268286	0.8485452836909494	0.6850898756906962	0.6692268353907259	0.6099984904307152	0.08302589894603717	0.13237413484852673	0.10210648040656105	0.1514547163090506	0.10311550259157135	0.15246373849406092	"<b>France</b>
2016
Branches marchandes hors imm. des ménages (-LmOPQ)
Part des salaires dans la VAN : 84.8%"
FR	2016-01-01	963274.4716780523	1178383.2999999998	862700.7309104621	843002.4752767831	764523.4	842902.6190398629	4171.174642340364	mdhimfi	0.40263989079990015	0.03436487940723532	40495	40495	0.8955918134190893	0.8750388843706216	0.7936714015354086	0.8751425476980077	0.7321053607179109	0.7153042809074628	0.6487900838377463	0.06236928573735719	0.10440818658091067	0.08281855145843879	0.12485745230199227	0.08292221478582489	0.12496111562937837	"<b>France</b>
2016
NA
Part des salaires dans la VAN : 87.5%"
FR	2016-01-01	1554958.1271269456	1982737.2999999998	1288243.837156274	1263513.44	1164986	1265312.5754727013	50774.82006667035	tb	0.19946437817729953	0.026831592869110802	53200	53200	0.8284749374804886	0.8137277482902935	0.7492073128377504	0.8125707168298865	0.6497299653142522	0.6381645089708563	0.5875644746280811	0.13731192258223465	0.17152506251951144	0.15321614323283678	0.18742928317011354	0.15205911177242978	0.18627225170970654	"<b>France</b>
2016
Toutes branches (marchandes et non marchandes)
Part des salaires dans la VAN : 81.4%"
IT	2016-01-01	966035.4349308036	1257036	673037.0353535236	665697.92463678075	482683.69999999995	669735.3219274455	13427.384804070134	md	0.11990850479281702	0.027949080217273013	35133	35133	0.6967001530349999	0.6932823556057425	0.4996542389095429	0.6891030086121678	0.5354158793809594	0.5327892931685692	0.3839855819562844	0.26693161581153674	0.3032998469650001	0.2745287602343689	0.3108969913878323	0.27034941324079415	0.3067176443942575	"<b>Italie</b>
2016
Branches marchandes
Part des salaires dans la VAN : 69.3%"
IT	2016-01-01	892970.4009843139	1174648.4	628772.4895850868	621757.4255136317	446823.89999999997	629937.0287669508	10053.197090583079	mdhfi	0.10991002860776192	0.024720588731061994	29038	29038	0.7041358693322826	0.7054399877897144	0.5003792953355113	0.6962799940829769	0.535285698754697	0.5362770925895365	0.38038948505782666	0.26334569560201804	0.29586413066771744	0.2712015708513236	0.30372000591702303	0.2620415771445861	0.29456001221028555	"<b>Italie</b>
2016
Branches marchandes hors services financiers (-KOPQ)
Part des salaires dans la VAN : 70.5%"
IT	2016-01-01	852398.1349308037	1048496.1000000001	667057.8009911075	659858.0609324053	480319.3	663779.2936569864	-1004.2151959298683	mdhi	0.18955938652528354	0.03350799301971652	35133	35133	0.7825660024998273	0.7787197865125209	0.5634917303508549	0.7741195503506956	0.636204370231904	0.6330775037284224	0.45810308688797213	0.1762173423242999	0.21743399750017264	0.18466379447343165	0.2258804496493044	0.1800635583116063	0.2212802134874791	"<b>Italie</b>
2016
Branches marchandes hors services immobiliers (-LOPQ)
Part des salaires dans la VAN : 77.9%"
IT	2016-01-01	779333.100984314	966108.5	622793.2552226707	615917.5618092562	444459.5	623981.0004964918	-4378.402909416922	mdhifi	0.1854990967872484	0.030056665478049308	29038	29038	0.7991361517123677	0.8006602051271667	0.5703074839739751	0.7903136169005776	0.644641109381266	0.6458705212680478	0.46005132963844125	0.1636037858530656	0.2008638482876323	0.1724263206648558	0.2096863830994225	0.1620797324382666	0.19933979487283326	"<b>Italie</b>
2016
Branches marchandes hors services immobilier et financiers (-KLOPQ)
Part des salaires dans la VAN : 80.1%"
IT	2016-01-01	888217.3875935315	1114229.2999999998	673037.0353535236	665697.92463678075	482683.69999999995	669735.3219274455	3544.72363601548	mdhim	0.1632723417090299	0.031531211753271976	35133	35133	0.7577390904010546	0.7540218546520185	0.5434296904587135	0.7494763488478557	0.6040381771988258	0.6010749510243947	0.43319961160597736	0.20270640358416595	0.24226090959894536	0.2109691451373648	0.2505236511521442	0.206423639333202	0.2459781453479814	"<b>Italie</b>
2016
Branches marchandes hors imm. des ménages (-LmOPQ)
Part des salaires dans la VAN : 75.4%"
IT	2016-01-01	779333.100984314	966108.5	622793.2552226707	615917.5618092562	444459.5	623981.0004964918	-4378.402909416922	mdhimfi	0.1854990967872484	0.030056665478049308	29038	29038	0.7991361517123677	0.8006602051271667	0.5703074839739751	0.7903136169005776	0.644641109381266	0.6458705212680478	0.46005132963844125	0.1636037858530656	0.2008638482876323	0.1724263206648558	0.2096863830994225	0.1620797324382666	0.19933979487283326	"<b>Italie</b>
2016
NA
Part des salaires dans la VAN : 80.1%"
IT	2016-01-01	1178183.2349308038	1517155.5	873987.0179708479	865948.96	665505.2	865948.96	22580.68480407013	tb	0.11549453294031227	0.023157151656504556	35133	35133	0.7418090769405477	0.7349866593975583	0.5648571294083012	0.7349866593975583	0.5760695050512936	0.5707713942308484	0.43865325604395855	0.22837128299127282	0.2581909230594524	0.23519370053426225	0.2650133406024418	0.23519370053426225	0.2650133406024418	"<b>Italie</b>
2016
Toutes branches (marchandes et non marchandes)
Part des salaires dans la VAN : 73.5%"
NL	2016-01-01	411225.1657506138	505339	292749.2314510861	286074.21664445644	238518	286720.37990672886	2366.6707728354168	md	0.20144175389799096	0.047227702591725554	23866	23866	0.7118952239139542	0.6972345172099937	0.5800180044055195	0.6956632046637565	0.5793125633507133	0.5673822521252642	0.4719960264297828	0.2300684446848848	0.28810477608604584	0.24630046393508245	0.30433679533624347	0.2447291513888452	0.30276548279000626	"<b>Pays-Bas</b>
2016
Branches marchandes
Part des salaires dans la VAN : 69.7%"
NL	2016-01-01	364519.28925834014	452948	273822.48859394324	267212.18449481565	220117	268087.8232378414	834.55950891548855	mdhfi	0.2004150076611842	0.04013043439865062	18177	18177	0.7511879252016243	0.7354557938025706	0.6038555612457586	0.7330536198468183	0.6045340493697803	0.5918732906157913	0.4859652763672651	0.19894640092146415	0.24881207479837578	0.21708070627627013	0.2669463801531818	0.2146785323205177	0.2645442061974293	"<b>Pays-Bas</b>
2016
Branches marchandes hors services financiers (-KOPQ)
Part des salaires dans la VAN : 73.5%"
NL	2016-01-01	403167.8051538374	467793	288629.8981177528	282030.2519494009	235011	282788.85934710194	-1413.43670018976	mdhi	0.2083676978005293	0.05101829227884983	23866	23866	0.7159051254293973	0.701417265297753	0.5829111278127143	0.6995356482936085	0.6170034569088311	0.6045170820151262	0.5023824640385812	0.22489867959939605	0.2840948745706027	0.24126815673518495	0.3004643517063916	0.23938653973104046	0.2985827347022471	"<b>Pays-Bas</b>
2016
Branches marchandes hors services immobiliers (-LOPQ)
Part des salaires dans la VAN : 70.1%"
NL	2016-01-01	356461.9286615638	415402	269703.1552606099	263168.21979976003	216610	264156.3026782145	-2945.5479641096877	mdhifi	0.20951195236469486	0.043757613107303285	18177	18177	0.7566113898145758	0.7410505342605965	0.607666576942236	0.7382786172646792	0.6492582011174957	0.6359052259695777	0.5214466950086903	0.19239578728214635	0.24338861018542424	0.2107285598320429	0.2617213827353208	0.20795664283612553	0.2589494657394034	"<b>Pays-Bas</b>
2016
Branches marchandes hors services immobilier et financiers (-KLOPQ)
Part des salaires dans la VAN : 74.1%"
NL	2016-01-01	414486.8051538374	493132.99999999994	292749.2314510861	286074.21664445644	238518	286720.37990672886	1296.56329981024	mdhim	0.19604464976666955	0.04839668000316345	23866	23866	0.7062932470007864	0.691747906909394	0.5754537829291663	0.6901889591835849	0.5936516750067146	0.5814260653956009	0.48367884526081206	0.23612711547337706	0.2937067529992136	0.25223140329057847	0.30981104081641503	0.25067245556476947	0.30825209309060597	"<b>Pays-Bas</b>
2016
Branches marchandes hors imm. des ménages (-LmOPQ)
Part des salaires dans la VAN : 69.2%"
NL	2016-01-01	356461.9286615638	415402	269703.1552606099	263168.21979976003	216610	264156.3026782145	-2945.5479641096877	mdhimfi	0.20951195236469486	0.043757613107303285	18177	18177	0.7566113898145758	0.7410505342605965	0.607666576942236	0.7382786172646792	0.6492582011174957	0.6359052259695777	0.5214466950086903	0.19239578728214635	0.24338861018542424	0.2107285598320429	0.2617213827353208	0.20795664283612553	0.2589494657394034	"<b>Pays-Bas</b>
2016
NA
Part des salaires dans la VAN : 74.1%"
NL	2016-01-01	525027.8605226178	644219	408675.52991817356	400544.76	342617	400544.76	1816.7737201523069	tb	0.2051183665683135	0.03704640813139631	23866	23866	0.778388273550615	0.7629019145789594	0.6525691792030917	0.7629019145789594	0.634373605743037	0.6217524785825939	0.5318331188617536	0.17615509110770325	0.22161172644938504	0.1916414500793588	0.23709808542104055	0.1916414500793588	0.23709808542104055	"<b>Pays-Bas</b>
2016
Toutes branches (marchandes et non marchandes)
Part des salaires dans la VAN : 76.3%"
BE	2017-01-01	236599.2361664731	310213	178908.69808841904	169532.33407591752	144528.1	169887.7458283837	550.7058743516577	md	0.3136562875443778	0.05833088877642136	18095	18095	0.7561676909326007	0.718040128028348	0.6108561563500099	0.716537960235143	0.5767285642072352	0.5476486988887754	0.46589955933503757	0.16735277222194547	0.24383230906739925	0.20698250291940318	0.28346203976485695	0.2054803351261982	0.281959871971652	"<b>Belgique</b>
2017
Branches marchandes
Part des salaires dans la VAN : 71.8%"
BE	2017-01-01	216311.73616647313	284585.5	168753.36825464823	159463.84723499394	134691.2	159920.68812334136	-1282.5941256483422	mdhfi	0.30293301962571867	0.05062450476218922	14407.000000000002	14407	0.780139678250171	0.7393065718832134	0.6226717162324559	0.7371946157940817	0.5929795026614084	0.5619425027745313	0.47328904670125505	0.1532573705862712	0.21986032174982897	0.19620243304236049	0.26280538420591826	0.19409047695322884	0.2606934281167866	"<b>Belgique</b>
2017
Branches marchandes hors services financiers (-KOPQ)
Part des salaires dans la VAN : 73.9%"
BE	2017-01-01	220937.79425050097	272849.1	177548.93879638365	168231.85356194127	143385.7	168594.08146846964	-3454.1048440442223	mdhi	0.4170425748873471	0.06631870876612751	18095	18095	0.8036150600611016	0.7630839351881841	0.6489867452801136	0.7614444334100606	0.6507220980255521	0.6179022817684561	0.5255128200899326	0.11448405891768319	0.19638493993889838	0.15665468556872414	0.23855556658993932	0.1550151837906007	0.2369160648118159	"<b>Belgique</b>
2017
Branches marchandes hors services immobiliers (-LOPQ)
Part des salaires dans la VAN : 76.3%"
BE	2017-01-01	200650.29425050094	247221.59999999998	167393.60896261287	158163.3667210177	133548.8	158627.02376342728	-5287.404844044222	mdhifi	0.4332061320990087	0.05827565228928217	14407	14407	0.8342554870795807	0.7905646206797489	0.6655798861339899	0.7882538488757926	0.6770994482788433	0.6416390144041916	0.5401987528597825	0.09394297356153025	0.16574451292041922	0.13994461176531836	0.21174615112420736	0.1376338399613621	0.2094353793202511	"<b>Belgique</b>
2017
Branches marchandes hors services immobilier et financiers (-KLOPQ)
Part des salaires dans la VAN : 79.1%"
BE	2017-01-01	227825.16435311365	288760.7	178908.69808841904	169532.33407591752	144528.1	169887.7458283837	-1966.5048440442224	mdhim	0.36991633659891004	0.06266434455935312	18095	18094.999999999996	0.7852894503397466	0.7456935071714428	0.6343816338742598	0.7441334874366812	0.619574263701463	0.588334028239936	0.5005116693511271	0.13528560970079412	0.21471054966025344	0.17644157260385954	0.2558665125633188	0.1748815528690979	0.2543064928285572	"<b>Belgique</b>
2017
Branches marchandes hors imm. des ménages (-LmOPQ)
Part des salaires dans la VAN : 74.6%"
BE	2017-01-01	200650.29425050094	247221.59999999998	167393.60896261287	158163.3667210177	133548.8	158627.02376342728	-5287.404844044222	mdhimfi	0.4332061320990087	0.05827565228928217	14407	14407	0.8342554870795807	0.7905646206797489	0.6655798861339899	0.7882538488757926	0.6770994482788433	0.6416390144041916	0.5401987528597825	0.09394297356153025	0.16574451292041922	0.13994461176531836	0.21174615112420736	0.1376338399613621	0.2094353793202511	"<b>Belgique</b>
2017
NA
Part des salaires dans la VAN : 79.1%"
BE	2017-01-01	316433.7292579352	395972.2	257803.8708907789	247365.56000000003	219529.40000000002	247365.56000000003	-3041.998314941373	tb	0.30863113955834814	0.04569765251196927	18095	18095	0.8147167860245226	0.7817294337746293	0.6937610618021527	0.7817294337746293	0.6510655821059632	0.6247043605586453	0.5544060921448526	0.12809904450519258	0.18528321397547742	0.16108639675508585	0.2182705662253707	0.16108639675508585	0.2182705662253707	"<b>Belgique</b>
2017
Toutes branches (marchandes et non marchandes)
Part des salaires dans la VAN : 78.2%"
DE	2017-01-01	1951315.4037718363	2436693	1440050.794519921	1498357.8901689595	1297938	1500871.4271791289	-21089.061095721907	md	0.1700821813722563	0.035686481637202554	86957	86957	0.7379897641028941	0.7691588065558176	0.6651605360625572	0.7678706821422497	0.5909857312841302	0.6159460494937724	0.5326637372865601	0.21744696343386666	0.26201023589710587	0.187566045394511	0.2321293178577502	0.18627792098094323	0.23084119344418244	"<b>Allemagne</b>
2017
Branches marchandes
Part des salaires dans la VAN : 76.9%"
DE	2017-01-01	1843264.5160056155	2315460	1355020.2899790532	1409035.9822131763	1223367	1418521.1259166084	-24249.48551375063	mdhfi	0.1595820203222662	0.03364990109956553	77915	77915.00000000001	0.7351198258378046	0.7695700283921089	0.6636958447239338	0.7644241887033015	0.5852056567503016	0.6126303740581174	0.5283472830452697	0.22261006082607854	0.26488017416219545	0.1933056979605816	0.2355758112966985	0.1881598582717742	0.23042997160789108	"<b>Allemagne</b>
2017
Branches marchandes hors services financiers (-KOPQ)
Part des salaires dans la VAN : 77%"
DE	2017-01-01	1800331.77107616	2106008	1421141.4356682466	1478560.9323370955	1281192	1481103.2525879338	-29292.048261863918	mdhi	0.2293228278259153	0.04128996660981345	86957	86957	0.7893775239098014	0.8226835055533096	0.7116421653960809	0.8212713656957107	0.6748034364865881	0.7032752262042375	0.6083509654284314	0.16232193426949804	0.2106224760901986	0.13042809248358875	0.1787286343042893	0.12901595262598983	0.1773164944466904	"<b>Allemagne</b>
2017
Branches marchandes hors services immobiliers (-LOPQ)
Part des salaires dans la VAN : 82.3%"
DE	2017-01-01	1692280.8833099392	1984775	1336110.9311273787	1389239.0243813123	1206621	1398752.9513254135	-32452.472679892642	mdhifi	0.21875792587933823	0.03925633887972188	77915	77915	0.7895326031894149	0.8265489287981478	0.7130146135315107	0.8209269738154188	0.6731800486842986	0.7047413189532383	0.6079384313083347	0.16442598561907787	0.21046739681058513	0.13303161499307392	0.17907302618458115	0.12740966001034498	0.17345107120185221	"<b>Allemagne</b>
2017
Branches marchandes hors services immobilier et financiers (-KLOPQ)
Part des salaires dans la VAN : 82.7%"
DE	2017-01-01	1888361.0023717792	2298810	1440050.7945199213	1498357.8901689597	1297938	1500871.4271791289	-24509.393071557395	mdhim	0.1939661387963188	0.0378269626458907	86957	86957	0.7625929537367162	0.7948011133962395	0.6873357363183159	0.7934700453393307	0.6264331521613015	0.6528905943419112	0.5646129954193692	0.1913581181765556	0.23740704626328377	0.16048102657394103	0.20652995466066923	0.15914995851703237	0.20519888660376054	"<b>Allemagne</b>
2017
Branches marchandes hors imm. des ménages (-LmOPQ)
Part des salaires dans la VAN : 79.5%"
DE	2017-01-01	1692280.8833099392	1984775	1336110.9311273787	1389239.0243813123	1206621	1398752.9513254135	-32452.472679892642	mdhimfi	0.21875792587933823	0.03925633887972188	77915	77915	0.7895326031894149	0.8265489287981478	0.7130146135315107	0.8209269738154188	0.6731800486842986	0.7047413189532383	0.6079384313083347	0.16442598561907787	0.21046739681058513	0.13303161499307392	0.17907302618458115	0.12740966001034498	0.17345107120185221	"<b>Allemagne</b>
2017
NA
Part des salaires dans la VAN : 82.7%"
DE	2017-01-01	2428016.883042991	2993896	1902751.4746408141	1972649.88	1732387	1972649.88	-26262.05049561165	tb	0.16554868949873836	0.029044763077942588	86957	86957	0.7836648451373736	0.812453115040828	0.713498745457169	0.812453115040828	0.6355436109473456	0.6588905827056116	0.5786396721863418	0.18052115348261202	0.21633515486262644	0.1517328835791576	0.18754688495917202	0.1517328835791576	0.18754688495917202	"<b>Allemagne</b>
2017
Toutes branches (marchandes et non marchandes)
Part des salaires dans la VAN : 81.2%"
ES	2017-01-01	713208	872446	449969.6229674337	485820.01445254334	377354	488082.48709666164	10555	md	0.08689842361841503	0.02621938779018988	22875	22875	0.6309093882393828	0.6843480262373132	0.5290938968715999	0.681175778247781	0.5157564169787399	0.5594414864606654	0.43252419060893166	0.33701721942626317	0.36909061176061725	0.286750829417865	0.3188242217522191	0.28357858142833275	0.31565197376268683	"<b>Espagne</b>
2017
Branches marchandes
Part des salaires dans la VAN : 68.4%"
ES	2017-01-01	679491	831895	428632.0789307364	463594.527777831	357815	467313.8514347508	8185	mdhfi	0.07645333049449163	0.02305459222618239	19179	19179	0.6308134749845641	0.6877410465109188	0.5265926995353876	0.6822673556792231	0.5152478124411571	0.5617461956554022	0.4301203877893244	0.3409609856043179	0.369186525015436	0.2895071049096588	0.31773264432077686	0.2840334140779631	0.3122589534890811	"<b>Espagne</b>
2017
Branches marchandes hors services financiers (-KOPQ)
Part des salaires dans la VAN : 68.8%"
ES	2017-01-01	627454	747711	443423.93252737296	478168.0933393787	373049	480975.0616346322	1288.0000000000002	mdhi	0.12430034023327448	0.030593370968194932	22875	22875	0.706703491454948	0.7665503154568019	0.5945439825070842	0.7620767312653656	0.593041873835443	0.6432633218377584	0.49892137470225795	0.2568396527436705	0.29329650854505196	0.20146641293325293	0.2379232687346344	0.19699282874181664	0.23344968454319812	"<b>Espagne</b>
2017
Branches marchandes hors services immobiliers (-LOPQ)
Part des salaires dans la VAN : 76.7%"
ES	2017-01-01	593737	707160	422086.3884906757	455942.6066646665	353510	460206.42597272125	-1081.9999999999998	mdhifi	0.1117327799263807	0.027121160699134568	19179	19179	0.710897903433129	0.775101477544302	0.595398299246973	0.7679201509501118	0.596875372604044	0.650781189508345	0.49990101250070706	0.25679991563490956	0.28910209656687097	0.1997776681179268	0.23207984904988826	0.19259634152373653	0.22489852245569797	"<b>Espagne</b>
2017
Branches marchandes hors services immobilier et financiers (-KLOPQ)
Part des salaires dans la VAN : 77.5%"
ES	2017-01-01	656704	787220	449969.6229674337	485820.01445254334	377354	488082.48709666164	3174.0000000000005	mdhim	0.11064923177433894	0.029057950763446052	22875	22875	0.6851939731864488	0.7432305682570255	0.5746180927784816	0.7397853743125417	0.5715932305676097	0.6200077323958507	0.47935011813724243	0.2799729817886998	0.31480602681355113	0.225381580662607	0.26021462568745835	0.22193638671812316	0.25676943174297456	"<b>Espagne</b>
2017
Branches marchandes hors imm. des ménages (-LmOPQ)
Part des salaires dans la VAN : 74.3%"
ES	2017-01-01	593737	707160	422086.3884906757	455942.6066646665	353510	460206.42597272125	-1081.9999999999998	mdhimfi	0.1117327799263807	0.027121160699134568	19179	19179	0.710897903433129	0.775101477544302	0.595398299246973	0.7679201509501118	0.596875372604044	0.650781189508345	0.49990101250070706	0.25679991563490956	0.28910209656687097	0.1997776681179268	0.23207984904988826	0.19259634152373653	0.22489852245569797	"<b>Espagne</b>
2017
NA
Part des salaires dans la VAN : 77.5%"
ES	2017-01-01	874508	1061122	606542.2607739298	645249.52	528140	645249.52	11129	tb	0.08536539061324339	0.021557370406041908	22875	22875	0.6935811459402655	0.737842901379976	0.6039281516006715	0.737842901379976	0.5716046418544991	0.608082312872601	0.4977184527321081	0.2802612888916628	0.3064188540597344	0.2359995334519524	0.26215709862002406	0.2359995334519524	0.26215709862002406	"<b>Espagne</b>
2017
Toutes branches (marchandes et non marchandes)
Part des salaires dans la VAN : 73.8%"
FR	2017-01-01	1210459.4699721686	1577508.3	966513.9471861504	944533.0522207252	861924.7	930048.089655705	39701.83542074176	md	0.2563605156010856	0.039643531511054486	62538	62537.99999999999	0.7984686568715703	0.7683430240560546	0.7120640726779706	0.7803095234923003	0.6126839061234418	0.5895677947657739	0.5463836228310177	0.14986666409424615	0.20153134312842966	0.16802579747351618	0.2196904765076997	0.17999229690976185	0.23165697594394538	"<b>France</b>
2017
Branches marchandes
Part des salaires dans la VAN : 76.8%"
FR	2017-01-01	1158022.7942216408	1502166.3	911651.4315081267	890149.0832747971	809339.2	876638.868243032	31308.240416776753	mdhfi	0.19592780373638857	0.03213425837072766	48271	48271	0.7872482614825286	0.7570134824783483	0.6988974690640638	0.7686801051900765	0.6068911488083089	0.5835831014469117	0.5387813586285353	0.17106775764864482	0.21275173851747142	0.18963591394109697	0.23131989480992357	0.2013025366528251	0.2429865175216517	"<b>France</b>
2017
Branches marchandes hors services financiers (-KOPQ)
Part des salaires dans la VAN : 75.7%"
FR	2017-01-01	1050544.3375630311	1291134	945751.0393803729	924254.1957894856	843465	909722.5765297374	8527.011402512135	mdhi	0.5967748041577444	0.04843649071281524	62538	62537.99999999999	0.9002485716826104	0.8659535290438471	0.8028837716231976	0.879785995452126	0.7324964251428379	0.7045919141853111	0.6532745632908745	0.040222289218824155	0.09975142831738963	0.06068486544930855	0.12021400454787402	0.07451733185758737	0.13404647095615285	"<b>France</b>
2017
Branches marchandes hors services immobiliers (-LOPQ)
Part des salaires dans la VAN : 86.6%"
FR	2017-01-01	998107.6618125034	1215792	890888.5237023492	869870.2268435574	790879.5	856313.3551170644	133.4163985471314	mdhifi	0.4502088046110538	0.03970333741297854	48271	48271	0.8925775823467273	0.8579368618031155	0.7923789489440553	0.8715194363541159	0.732763929769524	0.7043255385107522	0.6505055963520076	0.05905989941316343	0.10742241765327269	0.08011804540577486	0.12848056364588412	0.09370061995677524	0.1420631381968845	"<b>France</b>
2017
Branches marchandes hors services immobilier et financiers (-KLOPQ)
Part des salaires dans la VAN : 85.8%"
FR	2017-01-01	1106755.7292998647	1400062.2	966513.9471861504	944533.0522207252	861924.7	943469.93598513	25000.511402512137	mdhim	0.44592987237777226	0.044668015463884395	62538	62538.00000000001	0.8732856958396488	0.852464469808501	0.7787849452067032	0.853425039704324	0.6903364344713759	0.6738771577327993	0.615633148298697	0.07020861067768756	0.1267143041603512	0.09006926681301228	0.1465749602956759	0.09102983670883538	0.147535530191499	"<b>France</b>
2017
Branches marchandes hors imm. des ménages (-LmOPQ)
Part des salaires dans la VAN : 85.2%"
FR	2017-01-01	998107.6618125034	1215792	890888.5237023492	869870.2268435574	790879.5	869860.0866666667	133.4163985471314	mdhimfi	0.4502088046110538	0.03970333741297854	48271	48271	0.8925775823467273	0.8715092769522009	0.7923789489440553	0.8715194363541159	0.732763929769524	0.7154678486670966	0.6505055963520076	0.05905989941316343	0.10742241765327269	0.08011804540577486	0.12848056364588412	0.08012820480768983	0.1284907230477991	"<b>France</b>
2017
NA
Part des salaires dans la VAN : 87.2%"
FR	2017-01-01	1593086.3037426234	2032086.3	1328700.3983598417	1302114.3999999997	1202199.1999999997	1303812.7181208848	48796.24317671322	tb	0.23654059738720404	0.030775267762988216	62538	62538	0.8340416933083523	0.8184193882389481	0.7546353246372679	0.8173533329242452	0.6538602215662994	0.6416128675838644	0.5916083386812852	0.12670242968543655	0.1659583066916477	0.14339079006954364	0.1826466670757548	0.14232473475484078	0.18158061176105195	"<b>France</b>
2017
Toutes branches (marchandes et non marchandes)
Part des salaires dans la VAN : 81.8%"
IT	2017-01-01	988859.7425092433	1291516.2999999998	686251.3574825432	682993.3151774637	498206.1	687298.7132830527	20241.897831457558	md	0.11573373948943913	0.02711696321602755	35022	35022	0.6939825012404411	0.6950416563010483	0.5038187708357872	0.6906877546095264	0.5313532299070042	0.5321641804157274	0.3857528549968746	0.2706009492789104	0.3060174987595589	0.27389569590982504	0.30931224539047364	0.2695417942183031	0.30495834369895164	"<b>Italie</b>
2017
Branches marchandes
Part des salaires dans la VAN : 69.5%"
IT	2017-01-01	920564.8993824433	1211901.6	642919.8804771956	639805.1207494165	463144.4999999999	648231.051297178	14930.671146804174	mdhfi	0.10400330650215826	0.02382701697893624	28876	28876	0.6983971264910225	0.7041665956762427	0.5031090152478095	0.6950135956504825	0.5305050182929006	0.5348875282425388	0.38216345287439163	0.2702351774134917	0.3016028735089775	0.2736187082540317	0.3049864043495175	0.26446570822827137	0.29583340432375727	"<b>Italie</b>
2017
Branches marchandes hors services financiers (-KOPQ)
Part des salaires dans la VAN : 70.4%"
IT	2017-01-01	874378.8425092434	1080669.2999999998	680415.9220685305	677216.6773523659	495764.3	681317.9548809562	5608.99783145756	mdhi	0.18056028399873927	0.03240769400962904	35022	35022	0.7781706155147933	0.7792022425036591	0.5669902745785607	0.7745117384232759	0.6296245503305503	0.6304592486165346	0.4587567167865323	0.18177580782329225	0.2218293844852067	0.1854346849148096	0.22548826157672405	0.18074418083442648	0.22079775749634092	"<b>Italie</b>
2017
Branches marchandes hors services immobiliers (-LOPQ)
Part des salaires dans la VAN : 77.9%"
IT	2017-01-01	806083.9993824434	1001054.6000000001	637084.4450631829	634028.4829243188	460702.69999999995	642250.2928950816	297.7711468041746	mdhifi	0.17086435592279584	0.028845579451910013	28876	28876	0.7903449833407754	0.7967535559409714	0.5715318755278026	0.7865538621409931	0.6364132836142832	0.6415736892823644	0.4602173547776514	0.1738324472717631	0.20965501665922456	0.17762356847154542	0.21344613785900687	0.16742387467156714	0.20324644405902859	"<b>Italie</b>
2017
Branches marchandes hors services immobilier et financiers (-KLOPQ)
Part des salaires dans la VAN : 79.7%"
IT	2017-01-01	910233.7280739894	1146705.6	686251.3574825431	682993.3151774636	498206.1	687298.7132830527	10191.954071147951	mdhim	0.15636052028345424	0.030541404873229882	35022	35022	0.7539287287613675	0.7550793736652053	0.5473386501005407	0.7503493818259673	0.5984547014356109	0.5993680621103208	0.434467312272653	0.20759543924094892	0.24607127123863248	0.2111747861763491	0.24965061817403267	0.2064447943371112	0.24492062633479475	"<b>Italie</b>
2017
Branches marchandes hors imm. des ménages (-LmOPQ)
Part des salaires dans la VAN : 75.5%"
IT	2017-01-01	806083.9993824434	1001054.6000000001	637084.4450631829	634028.4829243188	460702.69999999995	642250.2928950816	297.7711468041746	mdhimfi	0.17086435592279584	0.028845579451910013	28876	28876	0.7903449833407754	0.7967535559409714	0.5715318755278026	0.7865538621409931	0.6364132836142832	0.6415736892823644	0.4602173547776514	0.1738324472717631	0.20965501665922456	0.17762356847154542	0.21344613785900687	0.16742387467156714	0.20324644405902859	"<b>Italie</b>
2017
NA
Part des salaires dans la VAN : 79.7%"
IT	2017-01-01	1204353.6242236185	1555232.2999999998	889985.8115730598	886406.62	683404.7	886406.6199999999	29462.501327871687	tb	0.11140453504039022	0.022518822429292398	35022	35022	0.7389738310014929	0.7360019533892449	0.5674452139757157	0.736001953389245	0.5722526542003146	0.5699512670872383	0.4394229080761762	0.2319466700078541	0.2610261689985071	0.23491854762010198	0.263998046610755	0.23491854762010209	0.2639980466107551	"<b>Italie</b>
2017
Toutes branches (marchandes et non marchandes)
Part des salaires dans la VAN : 73.6%"
NL	2017-01-01	433598.6014712272	529848	302956.0670613988	297433.5768085413	247638	298134.7520737327	2150.633444937786	md	0.18674622403960794	0.04604528091075176	24397	24397	0.698701670239364	0.6875823654922845	0.5711226908014665	0.6859652586501215	0.5717792028306209	0.5626797724512176	0.4673755492141142	0.24503200436839653	0.3012983297606359	0.2577684159576391	0.31403474134987847	0.2561513091154761	0.31241763450771554	"<b>Pays-Bas</b>
2017
Branches marchandes
Part des salaires dans la VAN : 68.8%"
NL	2017-01-01	388482.7816832413	478863	284245.7387031899	278777.3899493246	229470	279726.2913495721	514.1890986480331	mdhfi	0.17355634314628632	0.03777907251134458	18091	18091	0.7316816911977232	0.720048106476064	0.5906825497020453	0.7176055235740986	0.5935846759995863	0.5841468047219603	0.4791975993133736	0.22174996432735763	0.2683183088022768	0.2358261319509823	0.28239447642590143	0.23338354904901681	0.27995189352393596	"<b>Pays-Bas</b>
2017
Branches marchandes hors services financiers (-KOPQ)
Part des salaires dans la VAN : 72%"
NL	2017-01-01	422343.07683326665	488334	298749.0358113988	293288.1447655427	244048	294103.90741277154	-1764.5925978081718	mdhi	0.19739624821947016	0.04995965875814504	24397	24397	0.707361034662679	0.6963625629144109	0.5778430223833069	0.6944310463536437	0.6117719343961281	0.6022597390572263	0.49975631432585077	0.23487313149690628	0.29263896533732103	0.24780311980594152	0.3055689536463563	0.24587160324517432	0.30363743708558905	"<b>Pays-Bas</b>
2017
Branches marchandes hors services immobiliers (-LOPQ)
Part des salaires dans la VAN : 69.6%"
NL	2017-01-01	377227.25704528077	437349	280038.7074531899	274631.957906326	225880	275695.44668861094	-3401.036944097925	mdhifi	0.1861433273356744	0.04136513402340008	18091	18091	0.7423607446785724	0.7308470995655482	0.598790240581386	0.7280278738536656	0.6403094724194862	0.6303785916707503	0.5164754006525681	0.2096814270836117	0.25763925532142756	0.22401429790851843	0.2719721261463343	0.22119507219663595	0.26915290043445184	"<b>Pays-Bas</b>
2017
Branches marchandes hors services immobilier et financiers (-KLOPQ)
Part des salaires dans la VAN : 73.1%"
NL	2017-01-01	433817.07683326665	514170	302956.0670613988	297433.5768085413	247638	298134.7520737327	1079.407402191828	mdhim	0.1864344470712223	0.04744928720073128	24397	24397	0.698349795892975	0.6872360909580282	0.570835066723704	0.6856197985098152	0.5892138146165642	0.579836925673868	0.48162669934068497	0.24541221509541045	0.301650204107025	0.2581422124785702	0.31438020149018475	0.2565259200303573	0.3127639090419718	"<b>Pays-Bas</b>
2017
Branches marchandes hors imm. des ménages (-LmOPQ)
Part des salaires dans la VAN : 68.7%"
NL	2017-01-01	377227.25704528077	437349	280038.7074531899	274631.957906326	225880	275695.44668861094	-3401.036944097925	mdhimfi	0.1861433273356744	0.04136513402340008	18091	18091	0.7423607446785724	0.7308470995655482	0.598790240581386	0.7280278738536656	0.6403094724194862	0.6303785916707503	0.5164754006525681	0.2096814270836117	0.25763925532142756	0.22401429790851843	0.2719721261463343	0.22119507219663595	0.26915290043445184	"<b>Pays-Bas</b>
2017
NA
Part des salaires dans la VAN : 73.1%"
NL	2017-01-01	550150.5216162646	672090	422111.0559404024	415359.64	354483	415359.64	1705.839828275335	tb	0.19054281327416756	0.03630019789016352	24397	24397	0.7672646654960894	0.7549927223184885	0.6443382057669944	0.7549927223184885	0.6280573374702828	0.6180119329256498	0.5274338258268981	0.188389289119231	0.23273533450391057	0.20066123229683203	0.2450072776815116	0.20066123229683203	0.2450072776815116	"<b>Pays-Bas</b>
2017
Toutes branches (marchandes et non marchandes)
Part des salaires dans la VAN : 75.5%"
BE	2018-01-01	244976.50000000003	321345.8	185056.38021153165	175184.97944760785	149399.8	175546.76308266004	300.3999999999993	md	0.33025634911711893	0.06158163573321948	19789	19789	0.7554046213066626	0.7165861341094351	0.6098535982022765	0.7151093245581018	0.5758792559651679	0.5462861599020745	0.46491909961169553	0.16381620191515667	0.24459537869333742	0.20411149866371742	0.28489067544189817	0.2026346891123842	0.28341386589056494	"<b>Belgique</b>
2018
Branches marchandes
Part des salaires dans la VAN : 71.7%"
BE	2018-01-01	224428.5	294831.1	174685.0040424669	164901.21861009023	139344.90000000002	165366.92878806713	-1623.2000000000003	mdhfi	0.32460525118268685	0.05476694961962968	16147	16147	0.7783548169794251	0.7368356906010918	0.620887721479224	0.7347605968497327	0.5924917827273545	0.5608869918677749	0.4726261917416447	0.1496979927127486	0.22164518302057493	0.193292212842441	0.26523940315026734	0.19121711909108188	0.26316430939890817	"<b>Belgique</b>
2018
Branches marchandes hors services financiers (-KOPQ)
Part des salaires dans la VAN : 73.7%"
BE	2018-01-01	228396.8	282531.39999999997	183652.98021153163	173846.33385268494	148230.3	174213.0637240522	-3652.8	mdhi	0.44227337079299023	0.07004177234813547	19789	19789	0.8040961178594955	0.7627649061810506	0.6490034010984392	0.7611592362620008	0.650026794230771	0.6166148743964466	0.5246507113899552	0.10926081183479086	0.19590388214050444	0.15219769343228562	0.23884076373799917	0.15059202351323575	0.2372350938189493	"<b>Belgique</b>
2018
Branches marchandes hors services immobiliers (-LOPQ)
Part des salaires dans la VAN : 76.3%"
BE	2018-01-01	207848.8	256016.69999999998	173281.60404246688	163562.5730151673	138175.4	164033.2294294593	-5576.4000000000005	mdhifi	0.46711917332945074	0.06307010441115755	16147	16147	0.8336906638020853	0.7891949793766396	0.6647880574725473	0.7869305620969055	0.6768371127448596	0.6407130059463281	0.539712448445746	0.08862305655617504	0.1663093361979146	0.13538315826135489	0.21306943790309446	0.1331187409816208	0.21080502062336037	"<b>Belgique</b>
2018
Branches marchandes hors services immobilier et financiers (-KLOPQ)
Part des salaires dans la VAN : 78.9%"
BE	2018-01-01	235772.9345271343	299219.3	185056.38021153165	175184.97944760785	149399.8	175546.76308266004	-2201.0000000000005	mdhim	0.39018817952133694	0.06613543979282085	19789	19789	0.7848923820822791	0.7445585874168986	0.6336596704775971	0.7430241295463302	0.6184640503187183	0.5866826206820885	0.49929867491836255	0.13117516808123408	0.21510761791772096	0.17304342061718295	0.2569758704536698	0.1715089627466145	0.2554414125831014	"<b>Belgique</b>
2018
Branches marchandes hors imm. des ménages (-LmOPQ)
Part des salaires dans la VAN : 74.5%"
BE	2018-01-01	207848.8	256016.69999999998	173281.60404246688	163562.5730151673	138175.4	164033.2294294593	-5576.4000000000005	mdhimfi	0.46711917332945074	0.06307010441115755	16147	16147	0.8336906638020853	0.7891949793766396	0.6647880574725473	0.7869305620969055	0.6768371127448596	0.6407130059463281	0.539712448445746	0.08862305655617504	0.1663093361979146	0.13538315826135489	0.21306943790309446	0.1331187409816208	0.21080502062336037	"<b>Belgique</b>
2018
NA
Part des salaires dans la VAN : 78.9%"
BE	2018-01-01	327848.9	410351.2	266440.25182006584	255446.44	226729.4	255446.44	-3378.2000000000016	tb	0.3222510279336556	0.048224545218827186	19789	19789	0.8126922244365188	0.7791590577244578	0.6915667552948934	0.7791590577244578	0.6492980934869104	0.6225068672883131	0.5525252515406315	0.1269476523481829	0.18730777556348116	0.16048081906024397	0.22084094227554224	0.16048081906024397	0.22084094227554224	"<b>Belgique</b>
2018
Toutes branches (marchandes et non marchandes)
Part des salaires dans la VAN : 77.9%"
DE	2018-01-01	1998423.6193784454	2512120	1506697.519519379	1565086.2383339189	1362373	1567444.8672783165	-20077.607072468523	md	0.1924689375388561	0.03767415569319937	94642	94642	0.753943010335314	0.7843406433345834	0.681723828115947	0.7831603986049243	0.5997713164655267	0.6239530226574831	0.5423200324825247	0.1986986622899146	0.246056989664686	0.16948127402030427	0.2168396013950757	0.1683010292906452	0.2156593566654166	"<b>Allemagne</b>
2018
Branches marchandes
Part des salaires dans la VAN : 78.4%"
DE	2018-01-01	1892061.0960235808	2391568	1420875.986117529	1475144.798832127	1286735	1484277.6030929298	-23684.77881748289	mdhfi	0.18098619461256604	0.03565777765884139	85278	85277.99999999999	0.7509672859421346	0.7844765722482945	0.6800705340352093	0.7796496645548818	0.5941189989653353	0.6206294795267916	0.5380298615803523	0.20396123080649306	0.2490327140578654	0.17527885219374578	0.22035033544511812	0.17045194450033319	0.21552342775170552	"<b>Allemagne</b>
2018
Branches marchandes hors services financiers (-KOPQ)
Part des salaires dans la VAN : 78.4%"
DE	2018-01-01	1852105.8526792128	2173612	1486736.2635952085	1544223.9115430831	1344639	1546664.6764246868	-28551.19959165903	mdhi	0.2590308630701071	0.04354134960609345	94642	94642	0.8027274798816335	0.8350843847220276	0.7260054807638974	0.8337665524404262	0.6839934006599193	0.7115642885780382	0.6186196064431002	0.14617284897209093	0.19727252011836646	0.11513377641329829	0.1662334475595738	0.11381594413169684	0.16491561527797235	"<b>Allemagne</b>
2018
Branches marchandes hors services immobiliers (-LOPQ)
Part des salaires dans la VAN : 83.5%"
DE	2018-01-01	1745743.3293243484	2053060	1400914.7301933584	1454282.4720412907	1269001	1463497.4122393	-32158.371336673397	mdhifi	0.24730547354514948	0.041537022785500664	85278	85278	0.8024746288078625	0.8383233592567784	0.726911556059698	0.8330448397612602	0.6823545002062085	0.7128371368782696	0.6181022473770859	0.14867626573228457	0.1975253711921376	0.11810605477888676	0.16695516023873977	0.1128275352833686	0.1616766407432216	"<b>Allemagne</b>
2018
Branches marchandes hors services immobilier et financiers (-KLOPQ)
Part des salaires dans la VAN : 83.8%"
DE	2018-01-01	1936860.9554535015	2369694	1506697.519519379	1565086.2383339189	1362373	1567444.8672783165	-23642.840059985	mdhim	0.22001405069326707	0.03993848994849124	94642	94642	0.7779069092580252	0.8092707237785745	0.7033922575412805	0.8080529652514296	0.6358194431514698	0.6614545453034513	0.5749151578220648	0.17322949021684564	0.22209309074197486	0.14308343422344127	0.1919470347485705	0.1418656756962963	0.19072927622142552	"<b>Allemagne</b>
2018
Branches marchandes hors imm. des ménages (-LmOPQ)
Part des salaires dans la VAN : 80.9%"
DE	2018-01-01	1745743.3293243484	2053060	1400914.7301933584	1454282.4720412907	1269001	1463497.4122393	-32158.371336673397	mdhimfi	0.24730547354514948	0.041537022785500664	85278	85278	0.8024746288078625	0.8383233592567784	0.726911556059698	0.8330448397612602	0.6823545002062085	0.7128371368782696	0.6181022473770859	0.14867626573228457	0.1975253711921376	0.11810605477888676	0.16695516023873977	0.1128275352833686	0.1616766407432216	"<b>Allemagne</b>
2018
NA
Part des salaires dans la VAN : 83.8%"
DE	2018-01-01	2491645.485458228	3090682	1989156.1240212945	2059167.04	1816104	2059167.04	-25139.818191554645	tb	0.18834627608703788	0.030621720384044687	94642	94642	0.7983303144971594	0.8264285798351877	0.7288773666234497	0.8264285798351877	0.6435977962214471	0.6662500509596264	0.5876062305989422	0.16368595123873644	0.20166968550284056	0.1355876859007082	0.1735714201648123	0.1355876859007082	0.1735714201648123	"<b>Allemagne</b>
2018
Toutes branches (marchandes et non marchandes)
Part des salaires dans la VAN : 82.6%"
ES	2018-01-01	738946	903711	469274.35268574103	505505.94441081095	394747	507763.88362308254	11298	md	0.09789312396358898	0.02921177234757572	26399	26399	0.6350590607239786	0.6871461292477157	0.5342027698911693	0.684090507846055	0.5192748043187934	0.5618653348505026	0.43680667824116337	0.3292157306680853	0.3649409392760215	0.28018428354600883	0.31590949215394504	0.2771286621443481	0.31285387075228427	"<b>Espagne</b>
2018
Branches marchandes
Part des salaires dans la VAN : 68.7%"
ES	2018-01-01	701553	859172	447652.0155830516	483008.85669735837	374924	486700.86683502037	8709	mdhfi	0.0849819469961838	0.025113714134073272	21577	21577	0.6380872372907701	0.6937478235215592	0.5344200651982103	0.688485198833671	0.5210272396947894	0.566476638944263	0.4363782804840009	0.3311567114914317	0.36191276270922995	0.2807587499485308	0.311514801166329	0.27549612526064265	0.3062521764784409	"<b>Espagne</b>
2018
Branches marchandes hors services financiers (-KOPQ)
Part des salaires dans la VAN : 69.4%"
ES	2018-01-01	649191	773972	462098.1727426401	497110.8949277874	390078	499942.65239417023	1890.0000000000002	mdhi	0.14110108007340247	0.034108469040223674	26399	26398.999999999996	0.7118061906937097	0.7701010217242232	0.6008678493694459	0.7657390427898529	0.5970476615984042	0.6459441070144272	0.5039949765624596	0.24752935154270458	0.28819380930629035	0.1935964994465613	0.23426095721014706	0.18923452051219097	0.2298989782757767	"<b>Espagne</b>
2018
Branches marchandes hors services immobiliers (-LOPQ)
Part des salaires dans la VAN : 77%"
ES	2018-01-01	611798.0000000001	729433	440475.8356399505	474613.80721433467	370255	478879.635606108	-699	mdhifi	0.12594400777387982	0.029580509793222954	21577	21577	0.7199693945386393	0.7827414205442121	0.6051915828427029	0.7757688112977398	0.6038605816297734	0.6565094197905881	0.5075928837878187	0.2447624287102108	0.2800306054613607	0.18896301195111037	0.22423118870226028	0.18199040270463795	0.21725857945578783	"<b>Espagne</b>
2018
Branches marchandes hors services immobilier et financiers (-KLOPQ)
Part des salaires dans la VAN : 78.3%"
ES	2018-01-01	681161	816672	469274.35268574103	505505.94441081095	394747	507763.88362308254	3866	mdhim	0.12459020110335887	0.03232509501978763	26399	26399	0.6889330902470062	0.7454388663224737	0.5795208474942047	0.7421240270814256	0.5746179037431687	0.6217476338396352	0.48336051682927783	0.2723110209102679	0.3110669097529937	0.21912008407584851	0.2578759729185744	0.21580524483480037	0.25456113367752625	"<b>Espagne</b>
2018
Branches marchandes hors imm. des ménages (-LmOPQ)
Part des salaires dans la VAN : 74.5%"
ES	2018-01-01	611798.0000000001	729433	440475.8356399505	474613.80721433467	370255	478879.635606108	-699	mdhimfi	0.12594400777387982	0.029580509793222954	21577	21577	0.7199693945386393	0.7827414205442121	0.6051915828427029	0.7757688112977398	0.6038605816297734	0.6565094197905881	0.5075928837878187	0.2447624287102108	0.2800306054613607	0.18896301195111037	0.22423118870226028	0.18199040270463795	0.21725857945578783	"<b>Espagne</b>
2018
NA
Part des salaires dans la VAN : 78.3%"
ES	2018-01-01	905093	1097845	631415.4036623966	670680.12	550649	670680.12	11880	tb	0.09646021579141137	0.0240461996001257	26399	26399	0.6976248890030048	0.7410068578588057	0.6083894141265042	0.7410068578588057	0.5751407563566775	0.6109060204309351	0.5015726263725754	0.2732079425402731	0.3023751109969952	0.22982597368447222	0.25899314214119434	0.22982597368447222	0.25899314214119434	"<b>Espagne</b>
2018
Toutes branches (marchandes et non marchandes)
Part des salaires dans la VAN : 74.1%"
FR	2018-01-01	1235259.3337192826	1623522.1	995527.5264474906	971721.873335762	888354.7	957289.3150287466	47775.712754482935	md	0.23993478652078748	0.035429145066765644	57520	57520	0.805925929294559	0.7749703150563639	0.7191645314876706	0.7866541436363592	0.613190006127721	0.5896373785295232	0.5471774606579115	0.14750894998151085	0.19407407070544108	0.16678073563971058	0.21334585636364078	0.17846456421970588	0.22502968494363612	"<b>France</b>
2018
Branches marchandes
Part des salaires dans la VAN : 77.5%"
FR	2018-01-01	1178382.630691888	1542431.5	939285.9360868615	916013.7115350702	834514.5999999999	902642.2281666255	38976.47060806757	mdhfi	0.18804525957279708	0.02914943062301308	44961	44961	0.7970975739309389	0.7660009615354213	0.708186439840864	0.7773482803265966	0.6089644409407234	0.5852073354094658	0.5410383540533241	0.1647475866909542	0.20290242606906106	0.18449688029529648	0.22265171967340333	0.19584419908647185	0.2339990384645787	"<b>France</b>
2018
Branches marchandes hors services financiers (-KOPQ)
Part des salaires dans la VAN : 76.6%"
FR	2018-01-01	1074373.025577161	1331457	974140.2630928871	950879.0721034528	869418.6	936806.3713428582	15921.226715076717	mdhi	0.5738642592937081	0.04320079431780373	57520	57520	0.9067058087851488	0.8719563401543882	0.809233459238184	0.8850548640614219	0.7316347903784254	0.7035949124476857	0.6529828601299178	0.03975598927693504	0.09329419121485119	0.061406934000661974	0.11494513593857812	0.07450545790769567	0.12804365984561183	"<b>France</b>
2018
Branches marchandes hors services immobiliers (-LOPQ)
Part des salaires dans la VAN : 87.2%"
FR	2018-01-01	1017496.3225497665	1250366.4	917898.672732258	895170.9103027609	815578.5	882159.2844807372	7121.984568661354	mdhifi	0.45142631460061006	0.03595825991485376	44961	44961	0.9021149780984715	0.8669901452519403	0.8015542483300813	0.8797780301156591	0.7341037576923517	0.7055206253788787	0.6522716061468063	0.05369714720992145	0.09788502190152842	0.0760340951927339	0.12022196988434088	0.08882198005645271	0.13300985474805968	"<b>France</b>
2018
Branches marchandes hors services immobilier et financiers (-KLOPQ)
Part des salaires dans la VAN : 86.7%"
FR	2018-01-01	1130971.5141614384	1442627.8	995527.5264474906	971721.873335762	888354.7	970643.6892558984	32687.026715076718	mdhim	0.424677395954111	0.03987168415858893	57520	57520	0.8802410263936903	0.8582388478418791	0.7854792882725015	0.8591921734264434	0.6900792612255847	0.6728302956978219	0.61578925624475	0.06890004455304502	0.11975897360630976	0.08994889752029182	0.14080782657355656	0.09090222310485618	0.14176115215812093	"<b>France</b>
2018
Branches marchandes hors imm. des ménages (-LmOPQ)
Part des salaires dans la VAN : 85.8%"
FR	2018-01-01	1017496.3225497665	1250366.4	917898.672732258	895170.9103027609	815578.5	895203.5587658802	7121.984568661354	mdhimfi	0.45142631460061006	0.03595825991485376	44961	44961	0.9021149780984715	0.8798101171732688	0.8015542483300813	0.8797780301156591	0.7341037576923517	0.715952986873192	0.6522716061468063	0.05369714720992145	0.09788502190152842	0.0760340951927339	0.12022196988434088	0.07600200813512421	0.1201898828267312	"<b>France</b>
2018
NA
Part des salaires dans la VAN : 88%"
FR	2018-01-01	1621401.4787917656	2083228.8000000003	1361948.4273060733	1333080.4799999997	1231985.1999999997	1334401.389695741	56829.320928103094	tb	0.2216971420094165	0.027610985408803867	57520	57520	0.8399822284120332	0.8229925821272279	0.7598273568357969	0.8221779105526555	0.6537680485725202	0.6405448070301931	0.5913825692117926	0.12454228895619897	0.16001777158796682	0.14234660681557657	0.17782208944734443	0.14153193524100421	0.17700741787277208	"<b>France</b>
2018
Toutes branches (marchandes et non marchandes)
Part des salaires dans la VAN : 82.3%"
IT	2018-01-01	1010383.6787657626	1316353.8	704387.8289858112	701638.2634726408	514637.4	706195.2864588837	19090.507720718666	md	0.10422363578765616	0.024227529103497857	31892	31892	0.6971488591801664	0.6989377414741484	0.5093484889113183	0.6944275508584316	0.5351052498088364	0.5364783285913587	0.39095674734254576	0.271286893821151	0.3028511408198335	0.27400820214288596	0.30557244914156845	0.269498011527169	0.3010622585258515	"<b>Italie</b>
2018
Branches marchandes
Part des salaires dans la VAN : 69.9%"
IT	2018-01-01	941099.3129131494	1236560.2000000002	660713.4326057207	658085.8764697699	479383	666929.7911251981	14712.835151944784	mdhfi	0.09412028869308514	0.021341459962887367	26390	26390	0.7020655775005284	0.7086709999402014	0.5093861969955986	0.6992735702172405	0.5343156221635798	0.5393427599604111	0.3876746154372427	0.26989274864221374	0.2979344224994716	0.27268475592550173	0.3007264297827596	0.26328732620254064	0.2913290000597985	"<b>Italie</b>
2018
Branches marchandes hors services financiers (-KOPQ)
Part des salaires dans la VAN : 70.9%"
IT	2018-01-01	895709.5250291212	1102953.5	698352.2224807092	695653.7401784784	512127.10000000003	700047.246786406	4272.300776863881	mdhi	0.16159523659975467	0.028915090255391546	31892	31892	0.7796637224082266	0.781556104099313	0.5717557820805241	0.776651046728415	0.6331656071454592	0.6347024120113912	0.46432338262673817	0.1847309846828216	0.22033627759177346	0.18774366036263315	0.223348953271585	0.18283860299173518	0.21844389590068702	"<b>Italie</b>
2018
Branches marchandes hors services immobiliers (-LOPQ)
Part des salaires dans la VAN : 78.2%"
IT	2018-01-01	826425.1591765082	1023159.9000000001	654677.8261006186	652101.3531756075	476872.69999999995	660781.7514527205	-105.37179191000055	mdhifi	0.15365595219076333	0.025792644922851254	26390	26390	0.7921804156506714	0.7995663540920714	0.5770307144027174	0.7890628037333643	0.6398587611776209	0.6458245201485324	0.4660783715233561	0.1758868682322438	0.20781958434932854	0.1790044801495509	0.21093719626663562	0.16850092979084377	0.20043364590792853	"<b>Italie</b>
2018
Branches marchandes hors services immobilier et financiers (-KLOPQ)
Part des salaires dans la VAN : 80%"
IT	2018-01-01	931372.5456018761	1169319.8	704387.8289858112	701638.2634726408	514637.4	706195.2864588837	8880.680275383565	mdhim	0.14050285180188576	0.027273975861864308	31892.000000000004	31892	0.7562900928442317	0.7582307314013886	0.5525580525539633	0.7533379277560996	0.6023910900899918	0.603936824176657	0.4401168953095637	0.20946797018801014	0.2437099071557684	0.2124201352761421	0.24666207224390035	0.20752733163085316	0.24176926859861142	"<b>Italie</b>
2018
Branches marchandes hors imm. des ménages (-LmOPQ)
Part des salaires dans la VAN : 75.8%"
IT	2018-01-01	826425.1591765082	1023159.9000000001	654677.8261006186	652101.3531756075	476872.69999999995	660781.7514527205	-105.37179191000055	mdhimfi	0.15365595219076333	0.025792644922851254	26390	26390	0.7921804156506714	0.7995663540920714	0.5770307144027174	0.7890628037333643	0.6398587611776209	0.6458245201485324	0.4660783715233561	0.1758868682322438	0.20781958434932854	0.1790044801495509	0.21093719626663562	0.16850092979084377	0.20043364590792853	"<b>Italie</b>
2018
NA
Part des salaires dans la VAN : 80%"
IT	2018-01-01	1228431.460483843	1583183.1	912962.4946611231	909927.7000000001	703528.1000000001	909927.7000000001	28464.811233939858	tb	0.1010939377723828	0.020144227158564287	31892	31892.000000000004	0.7431936774897755	0.7407232143351379	0.57270439795062	0.7407232143351379	0.5766626075411765	0.5747457132406226	0.44437570107967933	0.23084476012282137	0.25680632251022445	0.23331522327745904	0.2592767856648621	0.23331522327745904	0.2592767856648621	"<b>Italie</b>
2018
Toutes branches (marchandes et non marchandes)
Part des salaires dans la VAN : 74.1%"
NL	2018-01-01	454400.9283919921	555493	319328.85254418553	314312.8211919872	261331	315016.56025839795	2388.837608369394	md	0.20326925330544443	0.049426365408745024	27456	27456	0.7027469192772298	0.6932568588122398	0.5751110608967792	0.6917081404394558	0.5748566634398373	0.5670936632115939	0.4704487725317871	0.23683066896150975	0.2972530807227703	0.24786944779928366	0.30829185956054417	0.2463207294264997	0.30674314118776025	"<b>Pays-Bas</b>
2018
Branches marchandes
Part des salaires dans la VAN : 69.3%"
NL	2018-01-01	410045.80936798896	505018	300922.117850308	295953.37166894827	243471	296905.497622739	702.6662138048231	mdhfi	0.18566087453811386	0.0401173819547026	20260	20260	0.7338743890935618	0.7240788488495098	0.5937653658142886	0.7217568498629618	0.5958641431598637	0.5879107232271701	0.482103608188223	0.21671649724855904	0.26612561090643816	0.22883403647915906	0.2782431501370382	0.22651203749261103	0.27592115115049015	"<b>Pays-Bas</b>
2018
Branches marchandes hors services financiers (-KOPQ)
Part des salaires dans la VAN : 72.4%"
NL	2018-01-01	441295.0159143249	510139	314919.08691918553	309958.9920630851	257568	310793.27875968994	-1905.7721364306594	mdhi	0.21725656316287892	0.05382062535897079	27456	27456	0.7136248440665041	0.7042755244261105	0.5836639678930918	0.7023849825742469	0.6173201557206673	0.6092325400718038	0.5048976847486666	0.22415827378015107	0.28637515593349594	0.2353981352724083	0.29761501742575314	0.23350759342054464	0.29572447557388953	"<b>Pays-Bas</b>
2018
Branches marchandes hors services immobiliers (-LOPQ)
Part des salaires dans la VAN : 70.4%"
NL	2018-01-01	396939.89689032175	459664	296512.352225308	291599.54254004615	239708	292682.216124031	-3591.9435309952296	mdhifi	0.2017374821577017	0.04407567266525114	20260	20260	0.7469955893782004	0.7373464305728428	0.6038899135055542	0.7346188801490465	0.6450632466873804	0.636730777533222	0.5214852587977306	0.2019639378481644	0.2530044106217995	0.21434064707731837	0.2653811198509535	0.2116130966535221	0.26265356942715723	"<b>Pays-Bas</b>
2018
Branches marchandes hors services immobilier et financiers (-KLOPQ)
Part des salaires dans la VAN : 73.7%"
NL	2018-01-01	452277.0159143249	536454	319328.85254418553	314312.8211919872	261331	315016.56025839795	1282.2278635693406	mdhim	0.20651657987602343	0.05118052992428055	27456	27456	0.7060470492815761	0.6965124230811492	0.5778118073758232	0.6949564318597337	0.5952585916857467	0.5872200789972634	0.48714521655165216	0.23324679269158974	0.2939529507184239	0.2443374101134322	0.3050435681402664	0.24278141889201657	0.30348757691885075	"<b>Pays-Bas</b>
2018
Branches marchandes hors imm. des ménages (-LmOPQ)
Part des salaires dans la VAN : 69.7%"
NL	2018-01-01	396939.89689032175	459664	296512.352225308	291599.54254004615	239708	292682.216124031	-3591.9435309952296	mdhimfi	0.2017374821577017	0.04407567266525114	20260	20260	0.7469955893782004	0.7373464305728428	0.6038899135055542	0.7346188801490465	0.6450632466873804	0.636730777533222	0.5214852587977306	0.2019639378481644	0.2530044106217995	0.21434064707731837	0.2653811198509535	0.2116130966535221	0.26265356942715723	"<b>Pays-Bas</b>
2018
NA
Part des salaires dans la VAN : 73.7%"
NL	2018-01-01	576329.063542605	703835	443837.6260055561	437705.16000000003	372931	437705.16000000003	1892.1222263971113	tb	0.20722848593383555	0.039009142767836215	27456	27456.000000000004	0.7701114763801001	0.7594709128661576	0.6470799818902958	0.7594709128661576	0.6305989699369257	0.6218860386312133	0.5298557190250556	0.18224907293658324	0.2298885236198999	0.19288963645052568	0.24052908713384233	0.19288963645052568	0.24052908713384233	"<b>Pays-Bas</b>
2018
Toutes branches (marchandes et non marchandes)
Part des salaires dans la VAN : 75.9%"
BE	2019-01-01	257266.515624204	337139.1	192111.85044663213	181320.30471180324	154920.6	181671.38109197508	485.5961465316569	md	0.27209103065274426	0.0525836368430716	17728	17728	0.7467425365501315	0.7061602270749734	0.6021794154754931	0.7047955862886665	0.56982963544315135	0.5388617964868955	0.45951537510778195	0.1843483791992941	0.25325746344986855	0.2262953294607591	0.29520441371133355	0.2249306886744522	0.29383977292502667	"<b>Belgique</b>
2019
Branches marchandes
Part des salaires dans la VAN : 70.6%"
BE	2019-01-01	236156.71562420402	309546.4	181754.89144663213	171050.87616199593	144865.3	171497.71480395747	-1419.3038534683433	mdhfi	0.2591824853882928	0.04555052166654175	14100.000000000002	14100	0.7696367683900996	0.7262029976605097	0.6134286700977161	0.7243108700503315	0.5871652567971462	0.5540291045347562	0.4679921976156078	0.17065711669916747	0.23036323160990038	0.2159830150389356	0.27568912994966854	0.21409088742875748	0.2737970023394904	"<b>Belgique</b>
2019
Branches marchandes hors services financiers (-KOPQ)
Part des salaires dans la VAN : 72.6%"
BE	2019-01-01	240282.27361737774	296707	190626.1751328246	179906.72788031958	153683.4	180262.01194576768	-3776.114393881877	mdhi	0.3570155638690537	0.05974918016764013	17728	17728	0.7933426476410622	0.750209365143658	0.6395952464005871	0.7487307539248635	0.642472793472431	0.6075421609391342	0.5179635128257843	0.1328774611788259	0.20665735235893778	0.17748935489502457	0.25126924607513645	0.1760107436762301	0.249790634856342	"<b>Belgique</b>
2019
Branches marchandes hors services immobiliers (-LOPQ)
Part des salaires dans la VAN : 75%"
BE	2019-01-01	219172.47361737775	269114.30000000005	180269.2161328246	169637.29933051227	143628.09999999998	170088.34565775006	-5681.0143938818765	mdhifi	0.36243751581981326	0.05239409425660397	14100	14100	0.8224993456410551	0.7760479354477847	0.6553199753119544	0.7739899839185922	0.6698611561437819	0.6320301286767371	0.5337066815104212	0.11316775813669763	0.17750065435894494	0.16167711985916053	0.22601001608140786	0.159619168329968	0.2239520645522153	"<b>Belgique</b>
2019
Branches marchandes hors services immobilier et financiers (-KLOPQ)
Part des salaires dans la VAN : 77.6%"
BE	2019-01-01	247984.69681806036	314352.5	192111.85044663213	181320.30471180324	154920.6	181671.38109197508	-2206.3143938818766	mdhim	0.31729187165709877	0.05639528872841794	17728	17728	0.7746923617128656	0.732591097043631	0.6247183878191526	0.7311753791195955	0.611135112482427	0.5779224949442905	0.4928244566211498	0.1538193560363689	0.22530763828713438	0.19733633862963898	0.26882462088040443	0.19592062070560348	0.26740890295636893	"<b>Belgique</b>
2019
Branches marchandes hors imm. des ménages (-LmOPQ)
Part des salaires dans la VAN : 73.3%"
BE	2019-01-01	219172.47361737775	269114.30000000005	180269.2161328246	169637.29933051227	143628.09999999998	170088.34565775006	-5681.0143938818765	mdhimfi	0.36243751581981326	0.05239409425660397	14100	14100	0.8224993456410551	0.7760479354477847	0.6553199753119544	0.7739899839185922	0.6698611561437819	0.6320301286767371	0.5337066815104212	0.11316775813669763	0.17750065435894494	0.16167711985916053	0.22601001608140786	0.159619168329968	0.2239520645522153	"<b>Belgique</b>
2019
NA
Part des salaires dans la VAN : 77.6%"
BE	2019-01-01	343018.6223588249	429083.30000000005	276365.23030491004	264361.3	234995.69999999998	264361.3	-3463.8995579328935	tb	0.26597296032076073	0.041315986895784564	17728	17728	0.8056857916472241	0.7706908102600242	0.6850814640441757	0.7706908102600242	0.644082932859214	0.6161071754598698	0.5476691821844382	0.14263188312480296	0.19431420835277585	0.17762686451200296	0.22930918973997585	0.17762686451200296	0.22930918973997585	"<b>Belgique</b>
2019
Toutes branches (marchandes et non marchandes)
Part des salaires dans la VAN : 77.1%"
DE	2019-01-01	2038642.7822144092	2577496	1565862.9201127428	1634449.431933337	1419930	1637119.39631452	-22555.722353275225	md	0.19440971870378665	0.035659803157793456	91913	91913	0.768090875838422	0.8030437752985113	0.6965075060661914	0.8017340978972145	0.6075132299381814	0.6351588504170403	0.5508951323299823	0.18682373656848417	0.23190912416157808	0.15318051450969158	0.1982659021027855	0.15187083710839477	0.1969562247014887	"<b>Allemagne</b>
2019
Branches marchandes
Part des salaires dans la VAN : 80.3%"
DE	2019-01-01	1927619.262472291	2451434	1478656.4865027843	1542405.6928072087	1343016	1552191.2566907862	-26438.202547639612	mdhfi	0.18306862929229206	0.03352772295725685	82191	82191	0.7670894949484557	0.8052374693019019	0.6967226496157228	0.800160966864887	0.6031802147244365	0.6331768494239642	0.5478491364646162	0.19027189814398265	0.23291050505154434	0.15720042622755132	0.199839033135113	0.1521239237905364	0.1947625306980981	"<b>Allemagne</b>
2019
Branches marchandes hors services financiers (-KOPQ)
Part des salaires dans la VAN : 80.5%"
DE	2019-01-01	1895266.710200918	2228561	1544835.0439445183	1612369.3140457105	1401141	1615162.015533044	-31448.075386501703	mdhi	0.2622850867956385	0.04124320581756569	91912.99999999999	91913	0.8151016612225251	0.852208297037951	0.7392843405408965	0.8507347833249193	0.6931984558396733	0.7247555779415704	0.6287200574720638	0.13640226194285548	0.18489833877747486	0.10076913984046135	0.14926521667508072	0.09929562612742965	0.14779170296204902	"<b>Allemagne</b>
2019
Branches marchandes hors services immobiliers (-LOPQ)
Part des salaires dans la VAN : 85.2%"
DE	2019-01-01	1784243.1904588	2102499	1457628.61033456	1520325.5749195826	1324227	1530233.8759093103	-35330.55558086609	mdhifi	0.2516452265196968	0.03909205188682611	82191	82191	0.816945032005276	0.8576375037283042	0.7421785365813774	0.8520842803545442	0.693283854277486	0.727816696183594	0.6298347823233209	0.13699005910813586	0.183054967994724	0.10185081075886758	0.14791571964545575	0.0962975873851077	0.14236249627169587	"<b>Allemagne</b>
2019
Branches marchandes hors services immobilier et financiers (-KLOPQ)
Part des salaires dans la VAN : 85.8%"
DE	2019-01-01	1977937.3857846982	2429757	1565862.9201127428	1634449.431933337	1419930	1637119.39631452	-26320.74261428615	mdhim	0.2230494914314108	0.037828062641655114	91913	91913	0.791664554887578	0.8276902029762853	0.7178842010899539	0.8263403299214698	0.6444524782160285	0.6737790636325032	0.5843917725105844	0.16186633003295964	0.20833544511242197	0.12719055499906792	0.17365967007853025	0.1258406819442524	0.1723097970237147	"<b>Allemagne</b>
2019
Branches marchandes hors imm. des ménages (-LmOPQ)
Part des salaires dans la VAN : 82.8%"
DE	2019-01-01	1784243.1904588	2102499	1457628.61033456	1520325.5749195826	1324227	1530233.8759093103	-35330.55558086609	mdhimfi	0.2516452265196968	0.03909205188682611	82191	82191	0.816945032005276	0.8576375037283042	0.7421785365813774	0.8520842803545442	0.693283854277486	0.727816696183594	0.6298347823233209	0.13699005910813586	0.183054967994724	0.10185081075886758	0.14791571964545575	0.0962975873851077	0.14236249627169587	"<b>Allemagne</b>
2019
NA
Part des salaires dans la VAN : 85.8%"
DE	2019-01-01	2559478.148740211	3188160	2074282.7783034516	2156633.72	1899063	2156633.7199999997	-27893.087355184187	tb	0.18943503091808658	0.028829481581852855	91913	91913	0.8104319153200916	0.8426068107131551	0.741972734142985	0.8426068107131554	0.6506206646791415	0.676450905851651	0.5956611336946703	0.15365724869748748	0.18956808467990838	0.12148235330442378	0.15739318928684468	0.12148235330442396	0.15739318928684487	"<b>Allemagne</b>
2019
Toutes branches (marchandes et non marchandes)
Part des salaires dans la VAN : 84.3%"
ES	2019-01-01	765039	935096	497677.55582750455	530710.6099922142	420182	533315.7828987199	11159	md	0.08447740125695923	0.02415366978363719	22586	22586	0.6505257324495934	0.6971092753424595	0.5492295164037388	0.6937039941652834	0.5322208156462059	0.5703326534374223	0.44934637727035515	0.3199515896215689	0.3494742675504065	0.276773327905879	0.3062960058347166	0.27336804672870285	0.30289072465754047	"<b>Espagne</b>
2019
Branches marchandes
Part des salaires dans la VAN : 69.7%"
ES	2019-01-01	728427	891245	475513.50345842727	507770.74683181674	399838	511785.85953804443	8580	mdhfi	0.07345199150708985	0.02084387570196747	18577	18577	0.6527949999909768	0.702590457984183	0.5489060674576862	0.6970784262964124	0.5335384809546503	0.5742370050188719	0.44862860380703395	0.3217021012971413	0.3472050000090232	0.27741867499170575	0.3029215737035877	0.27190664330393516	0.29740954201581704	"<b>Espagne</b>
2019
Branches marchandes hors services financiers (-KOPQ)
Part des salaires dans la VAN : 70.3%"
ES	2019-01-01	672775	801160	489163.5106747821	520978.3019426463	414526	524515.2265312145	1795	mdhi	0.12300973148796279	0.028191622147885564	22586	22586	0.7270833646832627	0.7796294846437732	0.616143584407863	0.7743722670174223	0.610569063201835	0.6546947258115914	0.5174072594737631	0.23934523328782714	0.27291663531673727	0.19205633095366753	0.22562773298257763	0.18679911332731663	0.22037051535622676	"<b>Espagne</b>
2019
Branches marchandes hors services immobiliers (-LOPQ)
Part des salaires dans la VAN : 78%"
ES	2019-01-01	636163	757309	466999.45830570476	498038.4387822487	394182	502985.3031705392	-783.9999999999998	mdhifi	0.10981680694278392	0.024530277601348988	18577	18577	0.7340877390003895	0.7906547585611536	0.6196242158063263	0.7828786628305147	0.616656422022853	0.6641744692992414	0.5205035196993565	0.23671062556969713	0.2659122609996106	0.18791970173957193	0.21712133716948534	0.18014360600893292	0.20934524143884634	"<b>Espagne</b>
2019
Branches marchandes hors services immobilier et financiers (-KLOPQ)
Part des salaires dans la VAN : 79.1%"
ES	2019-01-01	706987	846775	497677.55582750455	530710.6099922142	420182	533315.7828987199	3855	mdhim	0.10790721885146518	0.026672965073366597	22586	22586	0.7039415941559103	0.7543501972436832	0.5943277599163775	0.750665302179834	0.5877329347554009	0.6298199437852084	0.49621446074813264	0.26411156665185564	0.2960584058440897	0.217387858627932	0.24933469782016607	0.21370296356408267	0.24564980275631676	"<b>Espagne</b>
2019
Branches marchandes hors imm. des ménages (-LmOPQ)
Part des salaires dans la VAN : 75.4%"
ES	2019-01-01	636163	757309	466999.45830570476	498038.4387822487	394182	502985.3031705392	-783.9999999999998	mdhimfi	0.10981680694278392	0.024530277601348988	18577	18577	0.7340877390003895	0.7906547585611536	0.6196242158063263	0.7828786628305147	0.616656422022853	0.6641744692992414	0.5205035196993565	0.23671062556969713	0.2659122609996106	0.18791970173957193	0.21712133716948534	0.18014360600893292	0.20934524143884634	"<b>Espagne</b>
2019
NA
Part des salaires dans la VAN : 79.1%"
ES	2019-01-01	939385.9999999998	1137968	670248.3937231419	706231.08	585833	706231.0800000001	11757	tb	0.08391989626587566	0.019847658282130955	22586	22586	0.7134962557704096	0.7518007294126166	0.623633948132078	0.7518007294126164	0.5889870310264804	0.6206071523979585	0.5148062159920138	0.26246037973405817	0.28650374422959035	0.22415590609185135	0.24819927058738353	0.2241559060918512	0.24819927058738342	"<b>Espagne</b>
2019
Toutes branches (marchandes et non marchandes)
Part des salaires dans la VAN : 75.2%"
FR	2019-01-01	1255229.2216074509	1685517.6999999997	1004113.616259926	979506.2095754258	894929.8999999999	964791.5353057095	73708.22268176531	md	0.2507331231480577	0.037355288526486556	62963	62963	0.7999444236759041	0.7686178099568094	0.7129613337506193	0.780340508900093	0.5957300930508924	0.5724007142171865	0.5309525376090681	0.1498950168691707	0.2000555763240959	0.1694989316449818	0.21965949109990698	0.1812216305882654	0.2313821900431906	"<b>France</b>
2019
Branches marchandes
Part des salaires dans la VAN : 76.9%"
FR	2019-01-01	1203738.5848302897	1607097.7	947740.4796990582	923705.0408728732	841094.5999999999	910122.9552060895	63441.9634476541	mdhfi	0.1876654515679809	0.02989363994485214	48042	48042	0.7873308138848738	0.7560802375828172	0.6987352657791412	0.7673634894764985	0.5897217572391885	0.5663146398666924	0.5233624564331091	0.17275852726823604	0.21266918611512617	0.1927258516766114	0.23263651052350154	0.20400910357029273	0.24391976241718286	"<b>France</b>
2019
Branches marchandes hors services financiers (-KOPQ)
Part des salaires dans la VAN : 75.6%"
FR	2019-01-01	1091577.4482366056	1384861.2	982579.4084526675	958559.9648534509	876004.5	944245.6563394696	41027.046180145255	mdhi	0.5776525901273888	0.045465206188172506	62963.00000000001	62963	0.9001463066500508	0.8650285491559542	0.8025124570090248	0.8781419645504417	0.7095147213689484	0.6818341479561054	0.6325576166044655	0.04217294875256503	0.09985369334994923	0.06417729085217416	0.12185803544955835	0.07729070624666166	0.13497145084404585	"<b>France</b>
2019
Branches marchandes hors services immobiliers (-LOPQ)
Part des salaires dans la VAN : 86.5%"
FR	2019-01-01	1040086.8114594443	1306441.2	926206.2718917998	902758.7961508982	822169.2	889577.0762398497	30760.786946034044	mdhifi	0.42186312237714013	0.036773181984769004	48042	48042	0.8905086207103732	0.8552911799656413	0.7904813241947914	0.8679648527454663	0.708953661207102	0.680916275634793	0.629319712207484	0.06330100414912511	0.10949137928962681	0.08584477211403196	0.13203514725453366	0.09851844489385697	0.14470882003435867	"<b>France</b>
2019
Branches marchandes hors services immobilier et financiers (-KLOPQ)
Part des salaires dans la VAN : 85.5%"
FR	2019-01-01	1149263.9045711227	1499859.0999999999	1004113.616259926	979506.2095754258	894929.8999999999	978814.542915582	58435.84618014525	mdhim	0.4337779878535943	0.04197927658671405	62963	62963	0.8737015164803568	0.851688231939079	0.7786983446016831	0.8522900664325255	0.6694719632396977	0.6526043299104443	0.5966759810971577	0.07151298146953203	0.12629848351964318	0.09292443151736333	0.1477099335674745	0.09352626601080981	0.14831176806092097	"<b>France</b>
2019
Branches marchandes hors imm. des ménages (-LmOPQ)
Part des salaires dans la VAN : 85.2%"
FR	2019-01-01	1040086.8114594443	1306441.2	926206.2718917998	902758.7961508982	822169.2	903251.4140572703	30760.786946034044	mdhimfi	0.42186312237714013	0.036773181984769004	48042	48042	0.8905086207103732	0.8684384842740508	0.7904813241947914	0.8679648527454663	0.708953661207102	0.6913831361543638	0.629319712207484	0.06330100414912511	0.10949137928962681	0.08584477211403196	0.13203514725453366	0.08537114058544752	0.13156151572594924	"<b>France</b>
2019
NA
Part des salaires dans la VAN : 86.8%"
FR	2019-01-01	1646984.4915132625	2153500.8	1376138.8917131913	1346141.8	1243041	1347065.698774077	83405.96948669838	tb	0.23246824037930502	0.029237509454373086	62963.00000000001	62963	0.8355506070666057	0.8178982289847686	0.7547375257054691	0.8173372651269801	0.6390240912439835	0.6255236583957049	0.5772187314720292	0.12622013192672327	0.16444939293339436	0.14443347386634872	0.18266273487301984	0.14387251000856033	0.18210177101523142	"<b>France</b>
2019
Toutes branches (marchandes et non marchandes)
Part des salaires dans la VAN : 81.8%"
IT	2019-01-01	1025357.2112273416	1336970.4	720553.9079505918	713011.5311477083	528319.8	717276.3899199821	20115.945702588375	md	0.11155718994661476	0.02543287420574158	34003	34003	0.7027345202830304	0.6995380556805271	0.5152543857058429	0.6953786673955715	0.5389452959845572	0.5364938445308752	0.3951619272947255	0.26410337813161205	0.2972654797169696	0.271459231019071	0.3046213326044285	0.26729984273411533	0.3004619443194729	"<b>Italie</b>
2019
Branches marchandes
Part des salaires dans la VAN : 70%"
IT	2019-01-01	955474.1467655546	1256744.3	675036.7313883959	667833.2217297922	491439.4	676466.4715671655	16101.17072421462	mdhfi	0.10035394158140647	0.02239357679999026	28143	28143	0.706493978590119	0.7079903457954583	0.5143408659078924	0.698954779666748	0.5371313252730853	0.5382689792722078	0.39104167808837487	0.2640515352835228	0.293506021409881	0.2715907342068938	0.30104522033325204	0.26255516807818347	0.29200965420454167	"<b>Italie</b>
2019
Branches marchandes hors services financiers (-KOPQ)
Part des salaires dans la VAN : 70.8%"
IT	2019-01-01	907076.4655352102	1119173.6999999997	714225.2132941032	706830.5417642957	525755.7	710942.8267619185	5191.052555260223	mdhi	0.1763172372740866	0.03038223646606421	34003	34003	0.7873925081637771	0.7837738644695569	0.5796156332749564	0.7792403051127981	0.6381719060178982	0.6352390399827289	0.46977131431876934	0.17512112625188708	0.21260749183622282	0.18327332930286622	0.22075969488720193	0.17873976994610744	0.21622613553044318	"<b>Italie</b>
2019
Branches marchandes hors services immobiliers (-LOPQ)
Part des salaires dans la VAN : 78.4%"
IT	2019-01-01	837193.4010734231	1038947.6000000001	668708.0367319074	661652.2323463797	488875.3	670132.9084091019	1176.2775768864674	mdhifi	0.16703527994844009	0.027087987883123266	28143	28143	0.7987497702138012	0.8004517325983201	0.5839454770823318	0.7903218437914464	0.643639810835414	0.6450112675645064	0.4705485627956597	0.1676343413141732	0.2012502297861988	0.17606226773652794	0.20967815620855354	0.1659323789296542	0.1995482674016798	"<b>Italie</b>
2019
Branches marchandes hors services immobilier et financiers (-KLOPQ)
Part des salaires dans la VAN : 80%"
IT	2019-01-01	944537.9790006055	1188153.6	720553.9079505918	713011.5311477083	528319.8	717276.3899199821	9918.018743514596	mdhim	0.15180990255511256	0.028618353721269706	34003	34003	0.7628638805111825	0.7593939109562499	0.5593420399664643	0.7548786253170358	0.6064484490478266	0.6036899521408529	0.4446561454680607	0.20113650829692256	0.23713611948881747	0.2091217634910693	0.24512137468296422	0.2046064778518552	0.2406060890437501	"<b>Italie</b>
2019
Branches marchandes hors imm. des ménages (-LmOPQ)
Part des salaires dans la VAN : 75.9%"
IT	2019-01-01	837193.4010734231	1038947.6000000001	668708.0367319074	661652.2323463797	488875.3	670132.9084091019	1176.2775768864674	mdhimfi	0.16703527994844009	0.027087987883123266	28143	28143	0.7987497702138012	0.8004517325983201	0.5839454770823318	0.7903218437914464	0.643639810835414	0.6450112675645064	0.4705485627956597	0.1676343413141732	0.2012502297861988	0.17606226773652794	0.20967815620855354	0.1659323789296542	0.1995482674016798	"<b>Italie</b>
2019
NA
Part des salaires dans la VAN : 80%"
IT	2019-01-01	1243992.79285612	1604811.6999999997	930831.6482124538	922513.1000000001	718815.1000000001	922513.1000000001	29616.149249540827	tb	0.10857988157723296	0.021188155594827732	34003	34003	0.7482612870090105	0.7415743124057614	0.5778289907529538	0.7415743124057614	0.5800254623096616	0.5748419580938999	0.4479124248657959	0.2244049533460228	0.2517387129909895	0.23109192794927183	0.2584256875942385	0.23109192794927183	0.2584256875942385	"<b>Italie</b>
2019
Toutes branches (marchandes et non marchandes)
Part des salaires dans la VAN : 74.2%"
NL	2019-01-01	478057.57131949475	584010	336039.4914168454	330571.8610687631	274789	331252.023655914	2366.4430895451624	md	0.2048471576290991	0.04981421551000839	29092	29092	0.7029268263429803	0.6929124095694578	0.5748031544434078	0.6914896466472565	0.5754002352987884	0.5672026568995634	0.4705210527217	0.23621857842552343	0.2970731736570197	0.2476557581212472	0.30851035335274346	0.246232995199046	0.30708759043054223	"<b>Pays-Bas</b>
2019
Branches marchandes
Part des salaires dans la VAN : 69.3%"
NL	2019-01-01	432705.07098066923	532300	317266.4706914568	311849.3671558815	256582	312786.2168247944	605.3656243473854	mdhfi	0.1956451303412983	0.042429081345106145	22585	22585	0.7332164376359491	0.7228623785616969	0.5929720199915628	0.720697278747198	0.5960294395856788	0.5876126560676206	0.48202517377418747	0.21458865753242023	0.2667835623640509	0.22710781642117137	0.279302721252802	0.22494271660667256	0.27713762143830317	"<b>Pays-Bas</b>
2019
Branches marchandes hors services financiers (-KOPQ)
Part des salaires dans la VAN : 72.3%"
NL	2019-01-01	465859.81090825057	537888	331497.91565926967	326083.6289378558	270845	326876.6789373814	-1751.1638859884138	mdhi	0.21651972046159906	0.05408560889999405	29092	29092	0.711582986763709	0.7016631855409365	0.5813873479919949	0.6999608493853892	0.6162954288983388	0.6077039810097667	0.5035341929918496	0.2259690421539999	0.28841701323629093	0.23759117953231987	0.3000391506146109	0.23588884337677243	0.29833681445906346	"<b>Pays-Bas</b>
2019
Branches marchandes hors services immobiliers (-LOPQ)
Part des salaires dans la VAN : 70.2%"
NL	2019-01-01	420507.31056942506	486178	312724.894933881	307361.1350249741	252638	308410.87210626184	-3512.2413511861914	mdhifi	0.2095425294267761	0.04645417933349514	22585	22585	0.7436847994637911	0.7334257083155841	0.6007933599487086	0.7309293496200212	0.6432312752405107	0.6343579349667444	0.5196409545475114	0.20260626508532031	0.2563152005362089	0.21536171492909023	0.2690706503799788	0.21286535623352743	0.266574291684416	"<b>Pays-Bas</b>
2019
Branches marchandes hors services immobilier et financiers (-KLOPQ)
Part des salaires dans la VAN : 73.3%"
NL	2019-01-01	476912.8109082506	564773	336039.49141684535	330571.8610687631	274789	331252.023655914	1213.836114011586	mdhim	0.2065117802649274	0.051510961040984606	29092	29092	0.7046141007973327	0.6945756458608551	0.5761828865043099	0.6931494678014827	0.594999214581514	0.5865224145911968	0.48654769261278424	0.23438523129316813	0.29538589920266733	0.24584986428901806	0.3068505321985173	0.24442368622964575	0.305424354139145	"<b>Pays-Bas</b>
2019
Branches marchandes hors imm. des ménages (-LmOPQ)
Part des salaires dans la VAN : 69.5%"
NL	2019-01-01	420507.31056942506	486178	312724.894933881	307361.1350249741	252638	308410.87210626184	-3512.2413511861914	mdhimfi	0.2095425294267761	0.04645417933349514	22585	22585	0.7436847994637911	0.7334257083155841	0.6007933599487086	0.7309293496200212	0.6432312752405107	0.6343579349667444	0.5196409545475114	0.20260626508532031	0.2563152005362089	0.21536171492909023	0.2690706503799788	0.21286535623352743	0.266574291684416	"<b>Pays-Bas</b>
2019
NA
Part des salaires dans la VAN : 73.3%"
NL	2019-01-01	606593.4933195589	739708	467923.8812473539	461239.6	393044	461239.6	1730.8390714444536	tb	0.2097936207166416	0.039329032537163314	29092	29092	0.7713961432171964	0.7603767680986562	0.647952878375075	0.7603767680986562	0.632579181578885	0.6235428033764674	0.5313502084606359	0.18064422595855067	0.22860385678280362	0.19166360107709088	0.23962323190134385	0.19166360107709088	0.23962323190134385	"<b>Pays-Bas</b>
2019
Toutes branches (marchandes et non marchandes)
Part des salaires dans la VAN : 76%"
BE	2020-01-01	244253.0210386281	325541.80000000005	185072.73355354418	172623.92717910747	148121.59999999998	173072.3428160575	-1027.935163314874	md	0.25347967435577134	0.04608010399893346	15001.000000000002	15001	0.7577090869401174	0.7085781051145585	0.606426890321143	0.7067422398505662	0.5685068201796026	0.5316439941539227	0.45500024881597373	0.18087509131810106	0.2422909130598826	0.23184193840765233	0.2932577601494339	0.23000607314365992	0.29142189488544146	"<b>Belgique</b>
2020
Branches marchandes
Part des salaires dans la VAN : 70.9%"
BE	2020-01-01	224502.7948789783	298794.60000000003	174911.25492264685	162557.88488498575	138243.4	163092.4369610545	-3008.427758829188	mdhfi	0.23766150457070565	0.03944515730873315	11786	11786	0.779105021908237	0.726460608425708	0.6157758529221082	0.7240795597783763	0.5853896118693137	0.5458346200401697	0.4626703427705855	0.16839674524636147	0.22089497809176292	0.2234222073762222	0.2759204402216236	0.22104115872889055	0.27353939157429197	"<b>Belgique</b>
2020
Branches marchandes hors services financiers (-KOPQ)
Part des salaires dans la VAN : 72.6%"
BE	2020-01-01	226882.2629623483	284107.6	183644.30175438098	171277.3725923505	146936.19999999998	171726.1819484721	-5191.82511391136	mdhi	0.3469405027644046	0.05280041786984931	15001	15001	0.8094255556013087	0.7568955796997252	0.647631939497996	0.7549174199693804	0.6463899654721696	0.6044406483616493	0.5171850383446271	0.12445645084496229	0.19057444439869134	0.1789645864768905	0.24508258003061956	0.17698642674654577	0.2431044203002748	"<b>Belgique</b>
2020
Branches marchandes hors services immobiliers (-LOPQ)
Part des salaires dans la VAN : 75.7%"
BE	2020-01-01	207132.03680269854	257360.40000000002	173482.8231234837	161211.33029822877	137058	161746.27609346915	-7172.317709425674	mdhifi	0.3502607850619767	0.045795701281160575	11786	11786	0.837547034255898	0.7808848818859386	0.6616938746687128	0.778302250036719	0.674085147223441	0.6284816004850363	0.5325527936698886	0.1055520624269264	0.16245296574410195	0.1647968466461054	0.22169774996328095	0.16221421479688578	0.21911511811406134	"<b>Belgique</b>
2020
Branches marchandes hors services immobilier et financiers (-KLOPQ)
Part des salaires dans la VAN : 78.1%"
BE	2020-01-01	234558.32937688887	301720.10000000003	185072.73355354418	172623.92717910747	148121.59999999998	173072.3428160575	-3714.12511391136	mdhim	0.3031387164368206	0.049718265372442866	15001	15001	0.7890264824327294	0.7378648342006412	0.6314915372798288	0.7359530895265499	0.6133921258595108	0.5736188699926106	0.4909238728212007	0.1470192762497671	0.2109735175672705	0.2000926691559467	0.2640469104734501	0.19818092448185537	0.2621351657993588	"<b>Belgique</b>
2020
Branches marchandes hors imm. des ménages (-LmOPQ)
Part des salaires dans la VAN : 73.8%"
BE	2020-01-01	207132.03680269854	257360.40000000002	173482.8231234837	161211.33029822877	137058	161746.27609346915	-7172.317709425674	mdhimfi	0.3502607850619767	0.045795701281160575	11786	11786	0.837547034255898	0.7808848818859386	0.6616938746687128	0.778302250036719	0.674085147223441	0.6284816004850363	0.5325527936698886	0.1055520624269264	0.16245296574410195	0.1647968466461054	0.22169774996328095	0.16221421479688578	0.21911511811406134	"<b>Belgique</b>
2020
NA
Part des salaires dans la VAN : 78.1%"
BE	2020-01-01	333571.7210386281	417995	272181.28330214554	258271.15999999997	230892.59999999998	258271.15999999997	-8215.735163314872	tb	0.24435401592006153	0.035887989090778595	15001	15000.999999999998	0.8159603051921376	0.77425975797898	0.6921827764088619	0.77425975797898	0.6511591844451382	0.617880979437553	0.5523812485795284	0.13906885629285876	0.18403969480786242	0.18076940350601642	0.2257402420210201	0.18076940350601642	0.2257402420210201	"<b>Belgique</b>
2020
Toutes branches (marchandes et non marchandes)
Part des salaires dans la VAN : 77.4%"
DE	2020-01-01	1969238.4153484353	2490140	1535361.6710869544	1602993.6479367036	1393533	1606560.1728249567	-60502.94043978823	md	0.1727426071834611	0.030098307725670043	74949	74949	0.7796728212897923	0.8158281700698456	0.7076507289004057	0.8140170511822314	0.6165764459375594	0.6451686141441673	0.559620342631338	0.18226728742643003	0.22032717871020768	0.1479230575339909	0.18598294881776853	0.14611193864637667	0.1841718299301543	"<b>Allemagne</b>
2020
Branches marchandes
Part des salaires dans la VAN : 81.6%"
DE	2020-01-01	1856480.745268799	2361754	1446852.1351868503	1509557.4481155241	1315355	1520396.7976924982	-64345.496784950075	mdhfi	0.15751829440597814	0.027320372909286912	64524	64524	0.7793520826295246	0.8189671783923408	0.708520679975892	0.8131285239357309	0.6126176287567843	0.6437574775749287	0.5569398845095637	0.18589183376204693	0.22064791737047543	0.15211539245584058	0.18687147606426907	0.14627673799923074	0.1810328216076592	"<b>Allemagne</b>
2020
Branches marchandes hors services financiers (-KOPQ)
Part des salaires dans la VAN : 81.9%"
DE	2020-01-01	1827170.3056723517	2132739	1513937.8678082656	1580479.843650161	1374395	1584215.447378064	-69639.31539626716	mdhi	0.2392759846683597	0.03514213412892998	74949	74949	0.8285696539114756	0.8670321767270147	0.7521986296150199	0.8649877018817822	0.709856137018297	0.7428079326059419	0.644427189637363	0.13041118122615503	0.17143034608852437	0.09399313325584843	0.1350122981182178	0.09194865841061589	0.13296782327298526	"<b>Allemagne</b>
2020
Branches marchandes hors services immobiliers (-LOPQ)
Part des salaires dans la VAN : 86.7%"
DE	2020-01-01	1714412.6355927158	2004353	1425428.3319081618	1487043.6438289816	1296217	1498052.0722456053	-73481.87174142901	mdhifi	0.22327856280537753	0.03219193425509379	64524	64524.00000000001	0.8314383027253851	0.8737990149773311	0.756070605809473	0.8673779071366171	0.7111663124749791	0.7473993214995589	0.6467009553706358	0.13092548376310378	0.16856169727461492	0.0949858793518718	0.13262209286338295	0.08856477151115769	0.12620098502266883	"<b>Allemagne</b>
2020
Branches marchandes hors services immobilier et financiers (-KLOPQ)
Part des salaires dans la VAN : 87.4%"
DE	2020-01-01	1907619.0295897278	2335124	1535361.6710869544	1602993.6479367036	1393533	1606560.1728249567	-64465.67221796888	mdhim	0.201336517030708	0.032096368329904534	74949	74949	0.8048575985411328	0.8421808274634796	0.7305090683120873	0.8403112063111784	0.6575075546681695	0.6879977991853781	0.5967704498776082	0.15585311002413074	0.19514240145886722	0.12039950225408513	0.1596887936888216	0.11852988110178402	0.1578191725365205	"<b>Allemagne</b>
2020
Branches marchandes hors imm. des ménages (-LmOPQ)
Part des salaires dans la VAN : 84.2%"
DE	2020-01-01	1714412.6355927158	2004353	1425428.3319081618	1487043.6438289816	1296217	1498052.0722456053	-73481.87174142901	mdhimfi	0.22327856280537753	0.03219193425509379	64524	64524.00000000001	0.8314383027253851	0.8737990149773311	0.756070605809473	0.8673779071366171	0.7111663124749791	0.7473993214995589	0.6467009553706358	0.13092548376310378	0.16856169727461492	0.0949858793518718	0.13262209286338295	0.08856477151115769	0.12620098502266883	"<b>Allemagne</b>
2020
NA
Part des salaires dans la VAN : 87.4%"
DE	2020-01-01	2510404.8801840274	3119722	2066012.845490505	2148013.08	1894053	2148013.08	-70302.3372524803	tb	0.16865513814100883	0.024024256007426303	74949	74949	0.8229799351485702	0.85564408233724365	0.754481085880121	0.85564408233724365	0.6622426118386526	0.6885270802975394	0.6071223653902496	0.14716472136018158	0.1770200648514298	0.11450057417150816	0.1443559176627564	0.11450057417150816	0.1443559176627564	"<b>Allemagne</b>
2020
Toutes branches (marchandes et non marchandes)
Part des salaires dans la VAN : 85.6%"
ES	2020-01-01	658921	826332	471736.0429333303	486685.14708372724	395543	488895.597305714	4058.999999999999	md	0.1059433424072469	0.023998828558013004	19831	19831	0.7159220042058613	0.7419639035722249	0.6002889572498069	0.7386092522225384	0.5708795531739426	0.5916454854776457	0.47867322093299064	0.25398182341535586	0.2840779957941388	0.2312945753986787	0.2613907477774616	0.22793992404899224	0.25803609642777514	"<b>Espagne</b>
2020
Branches marchandes
Part des salaires dans la VAN : 74.2%"
ES	2020-01-01	620395	780367	450091.7674452609	464686.28345401806	375706	468031.28544735647	1399.9999999999989	mdhfi	0.09935219517669196	0.021682105983466753	16920	16920	0.7254922548461237	0.7544085388298688	0.6055915989007004	0.7490168093779255	0.5767693501202138	0.5997579157593241	0.4814478315971844	0.24723479807983478	0.2745077451538763	0.223710243548033	0.2509831906220745	0.21831851409608966	0.24559146117013117	"<b>Espagne</b>
2020
Branches marchandes hors services financiers (-KOPQ)
Part des salaires dans la VAN : 75.4%"
ES	2020-01-01	566217	691526	463375.08293333027	477658.4870346753	390575	480705.8914097764	-5026.000000000001	mdhi	0.19282993321822345	0.02867715747491779	19831	19831	0.8183701353603482	0.848978203426913	0.6897973745048277	0.8435961601906606	0.6700761546685595	0.6951378421198573	0.5648016126653228	0.14660618997075278	0.1816298646396518	0.1213801651404403	0.15640383980933933	0.11599812190418796	0.15102179657308698	"<b>Espagne</b>
2020
Branches marchandes hors services immobiliers (-LOPQ)
Part des salaires dans la VAN : 84.9%"
ES	2020-01-01	527691	645561	441730.8074452608	455659.6234049661	370738	459841.5795514189	-7685.000000000001	mdhifi	0.1968352966313494	0.026209761742112675	16920	16920	0.8371012722317811	0.8714220624407445	0.7025664640859898	0.8634970530196007	0.6842588189888498	0.7123131347020946	0.5742880998077641	0.1308345083670921	0.16289872776821887	0.10443872757927256	0.13650294698039936	0.09651371815812873	0.12857793755925553	"<b>Espagne</b>
2020
Branches marchandes hors services immobilier et financiers (-KLOPQ)
Part des salaires dans la VAN : 87.1%"
ES	2020-01-01	599668.9999999999	736515	471736.0429333303	486685.14708372724	395543	488895.597305714	-3052.000000000001	mdhim	0.1550108779996814	0.026925452977875537	19831	19831	0.7866607127153986	0.8152757559682327	0.659602213887995	0.8115896387569265	0.6404975362800898	0.6637958457135482	0.5370467675471647	0.18026937705078905	0.21333928728460136	0.15534045100926122	0.18841036124307353	0.15165433379795507	0.1847242440317674	"<b>Espagne</b>
2020
Branches marchandes hors imm. des ménages (-LmOPQ)
Part des salaires dans la VAN : 81.5%"
ES	2020-01-01	527691	645561	441730.8074452608	455659.6234049661	370738	459841.5795514189	-7685.000000000001	mdhimfi	0.1968352966313494	0.026209761742112675	16920	16920	0.8371012722317811	0.8714220624407445	0.7025664640859898	0.8634970530196007	0.6842588189888498	0.7123131347020946	0.5742880998077641	0.1308345083670921	0.16289872776821887	0.10443872757927256	0.13650294698039936	0.09651371815812873	0.12857793755925553	"<b>Espagne</b>
2020
NA
Part des salaires dans la VAN : 87.1%"
ES	2020-01-01	835499	1030964	645349.0029145089	661728.4	561866	661728.4	3968.999999999999	tb	0.10429135053356861	0.0192353952223356	19831	19831	0.77241146059362	0.7920157893665941	0.6724915290143973	0.7920157893665941	0.6259665739196606	0.6418540317605659	0.5449909017191676	0.20385302326572632	0.22758853940638	0.18424869449275222	0.20798421063340589	0.18424869449275222	0.20798421063340589	"<b>Espagne</b>
2020
Toutes branches (marchandes et non marchandes)
Part des salaires dans la VAN : 79.2%"
FR	2020-01-01	1166446.5218073134	1584171.9000000001	948273.5546278026	925309.1830726813	841403.6	912386.9208804639	48936.17551957993	md	0.2815839230414492	0.0387798824104884	61434.00000000001	61434	0.8129593058055763	0.7821935286555572	0.7213391992427685	0.7932718438210012	0.5985925862135305	0.5759393414821105	0.53113150157505	0.13437304175476186	0.18704069419442368	0.15406050373933688	0.20672815617899873	0.16513881890478094	0.21780647134444275	"<b>France</b>
2020
Branches marchandes
Part des salaires dans la VAN : 78.2%"
FR	2020-01-01	1115509.4570631303	1504377.3	892309.0023889965	869911.1770202875	788075.6	858216.5726953916	37897.46048203776	mdhfi	0.20682305538936577	0.030685786072416805	46163	46163	0.7999116428275138	0.7693494369423551	0.7064714646837819	0.7798330812098676	0.5931417619695515	0.570479608204266	0.5238550196150925	0.1587054717942339	0.20008835717248621	0.17878403341188004	0.22016691879013234	0.18926767767939254	0.23065056305764486	"<b>France</b>
2020
Branches marchandes hors services financiers (-KOPQ)
Part des salaires dans la VAN : 76.9%"
FR	2020-01-01	1003634.7958795239	1280352.2000000002	927343.0902454761	904964.284495125	823198.2000000001	892320.0778714446	16179.053990312503	mdhi	0.8052513636893053	0.04798210992256661	61434	61433.99999999999	0.9239845948473814	0.8890884229352273	0.8202168790676491	0.9016868368957554	0.7242874970226755	0.6969332952850352	0.642946682951769	0.014803896492077442	0.07601540515261866	0.03710165444370342	0.09831316310424465	0.04970006840423146	0.11091157706477268	"<b>France</b>
2020
Branches marchandes hors services immobiliers (-LOPQ)
Part des salaires dans la VAN : 88.9%"
FR	2020-01-01	952697.7311353406	1200557.6	871378.5380066702	849566.2784427311	769870.2	838149.7296863722	5140.338952770328	mdhifi	0.5676765622472029	0.03845129962943885	46163	46163	0.9146432383839506	0.8797645909028666	0.8080949233315975	0.8917479812094161	0.7258115212520166	0.6981337086087099	0.6412605276081713	0.0369017286172965	0.08535676161604945	0.05979698579183092	0.10825201879058387	0.07178037609838038	0.12023540909713333	"<b>France</b>
2020
Branches marchandes hors services immobilier et financiers (-KLOPQ)
Part des salaires dans la VAN : 88%"
FR	2020-01-01	1060780.0145085745	1395927.9	948273.5546278026	925309.1830726813	841403.6000000001	925610.258949865	33429.9539903125	mdhim	0.5460486452520533	0.044009436303981034	61434	61434	0.8939398759950313	0.8725751298950242	0.7931932997340598	0.8722913049048605	0.6793141355135911	0.6630788445089929	0.6027557727014412	0.04814613697679077	0.10606012400496873	0.06979470806696156	0.1277086950951395	0.0695108830767979	0.12742487010497586	"<b>France</b>
2020
Branches marchandes hors imm. des ménages (-LmOPQ)
Part des salaires dans la VAN : 87.3%"
FR	2020-01-01	952697.7311353406	1200557.6	871378.5380066702	849566.2784427311	769870.2	851126.8252216878	5140.338952770328	mdhimfi	0.5676765622472029	0.03845129962943885	46163	46163	0.9146432383839506	0.8933860104898018	0.8080949233315975	0.8917479812094161	0.7258115212520166	0.7089429322022431	0.6412605276081713	0.0369017286172965	0.08535676161604945	0.05979698579183092	0.10825201879058387	0.058158956511445266	0.10661398951019822	"<b>France</b>
2020
NA
Part des salaires dans la VAN : 89.3%"
FR	2020-01-01	1564184.8215516668	2055714.2000000002	1326275.6466037016	1298069.4799999997	1195011.7999999998	1298351.4036010238	55319.152845947014	tb	0.25822459353842353	0.02988450437322464	61434.00000000001	61434	0.8479021330024415	0.8300498673251816	0.7639837591663571	0.8298696305672616	0.6451653866105033	0.6315816681137016	0.5813122271568683	0.11282245711405275	0.1520978669975585	0.13085495954923268	0.1701303694327384	0.1306747227913127	0.16995013267481845	"<b>France</b>
2020
Toutes branches (marchandes et non marchandes)
Part des salaires dans la VAN : 83%"
IT	2020-01-01	924645.063404978	1229349.3	661564.8321510064	654080.3315818171	487083.5	659237.8660582023	12214.753701637474	md	0.125847540281498	0.026931320496135638	33108	33108	0.7154797644350294	0.7129631597562187	0.5267788898437736	0.7073853065014869	0.5381422775048609	0.5362494337924968	0.39621245157905893	0.24871406375880672	0.28452023556497064	0.2568085216923492	0.29261469349851316	0.2512306684376173	0.2870368402437813	"<b>Italie</b>
2020
Branches marchandes
Part des salaires dans la VAN : 71.3%"
IT	2020-01-01	855049.3219455844	1147821.9	616720.7339948666	609600.5251610731	450731.9	619220.2636269892	6810.927188703108	mdhfi	0.11470717900469844	0.02381728384865283	27338	27338	0.7212691925087743	0.7241924503466206	0.5271414039302458	0.7129419432483548	0.5372965387704022	0.539474167226631	0.3926845271030288	0.24675838286220556	0.27873080749122575	0.25508563212262503	0.2870580567516452	0.24383512502435925	0.27580754965337945	"<b>Italie</b>
2020
Branches marchandes hors services financiers (-KOPQ)
Part des salaires dans la VAN : 72.4%"
IT	2020-01-01	811581.0634049781	1016152.8	656147.4671250996	648799.6179180114	484851.8	653614.113430833	-2006.5462983625255	mdhi	0.2130041431994195	0.032581714088668556	33108	33108	0.8084805039341864	0.8053589997388594	0.5974163541542115	0.7994267574405701	0.6457173243286832	0.643224240912226	0.4771445790436241	0.15072504990033037	0.1915194960658136	0.1597787963939467	0.20057324255942993	0.15384655409565745	0.19464100026114065	"<b>Italie</b>
2020
Branches marchandes hors services immobiliers (-LOPQ)
Part des salaires dans la VAN : 80.5%"
IT	2020-01-01	741985.3219455843	934625.4	611303.3689689599	604319.8114972675	448500.20000000007	613596.51099962	-7410.37281129689	mdhifi	0.20919491465581375	0.02925022153260547	27338	27338	0.8238752855191813	0.8269658345675737	0.6044596661615527	0.814463296811129	0.6540624393141465	0.6565159806266981	0.4798716148737238	0.13928031986622427	0.1761247144808187	0.14869230857427665	0.18553670318887108	0.13618977081783185	0.17303416543242628	"<b>Italie</b>
2020
Branches marchandes hors services immobilier et financiers (-KLOPQ)
Part des salaires dans la VAN : 82.7%"
IT	2020-01-01	844822.6372431978	1078834	661564.8321510062	654080.3315818169	487083.5	659237.8660582023	2174.6112232665823	mdhim	0.18066351926099053	0.030688687972385	33108	33108	0.783081327353877	0.780326943190596	0.5765511937386498	0.7742220707013653	0.6132220824992596	0.6110651555829741	0.451490683460106	0.17772938185245168	0.21691867264612302	0.1865886385049634	0.22577792929863477	0.18048376601573257	0.2196730568094039	"<b>Italie</b>
2020
Branches marchandes hors imm. des ménages (-LmOPQ)
Part des salaires dans la VAN : 78%"
IT	2020-01-01	741985.3219455843	934625.4	611303.3689689599	604319.8114972675	448500.20000000007	613596.51099962	-7410.37281129689	mdhimfi	0.20919491465581375	0.02925022153260547	27338	27338	0.8238752855191813	0.8269658345675737	0.6044596661615527	0.814463296811129	0.6540624393141465	0.6565159806266981	0.4798716148737238	0.13928031986622427	0.1761247144808187	0.14869230857427665	0.18553670318887108	0.13618977081783185	0.17303416543242628	"<b>Italie</b>
2020
NA
Part des salaires dans la VAN : 82.7%"
IT	2020-01-01	1141327.0634049783	1495263.5	872114.9550845857	863766.9199999999	677502.6	863766.9199999999	21293.853701637472	tb	0.12298109548846062	0.022141916792592076	33108	33108	0.7641236093033328	0.7568092860455624	0.593609511000968	0.7568092860455624	0.5832516844586828	0.5776686985270488	0.45309913603856444	0.20686805376892697	0.23587639069666724	0.21418237702669732	0.2431907139544376	0.21418237702669732	0.2431907139544376	"<b>Italie</b>
2020
Toutes branches (marchandes et non marchandes)
Part des salaires dans la VAN : 75.7%"
NL	2020-01-01	473265.64096516505	569420	344339.76386133215	335243.0045058099	280300	335875.450264151	-12423.582986204554	md	0.19077628597547677	0.04319482982684135	24596	24596	0.7275824274060864	0.7096975169783628	0.5922678000210703	0.7083611728544765	0.6047201781836468	0.5898553796216343	0.49225527729970847	0.22044675985999193	0.2724175725939136	0.23966801441160177	0.2916388271455234	0.23833167028771554	0.2903024830216372	"<b>Pays-Bas</b>
2020
Branches marchandes
Part des salaires dans la VAN : 71%"
NL	2020-01-01	427089.409313702	516568	324701.7838613321	315686.2734689922	261234	316555.1003773585	-14294.078462944779	mdhfi	0.1906187384829936	0.037782053863189356	19517	19517	0.7602665315047299	0.7411916415488664	0.6116611517475505	0.739157344070588	0.6285751031061392	0.6128043169096005	0.5057107679918229	0.19403577715854925	0.23973346849527014	0.2151449645926912	0.2608426559294121	0.21311066711441276	0.25880835845113365	"<b>Pays-Bas</b>
2020
Branches marchandes hors services financiers (-KOPQ)
Part des salaires dans la VAN : 74.1%"
NL	2020-01-01	462103.11065990344	521889	339609.43550312315	330599.94063614594	276184	331335.53378616355	-16791.399198099447	mdhi	0.20079404074144605	0.047128795586801026	24596	24596	0.7349213361021224	0.7170164539966024	0.5976674764331216	0.7154246163027008	0.6507311621879809	0.6348774045556882	0.5292006537788687	0.21185244785947907	0.2650786638978776	0.2313491676589006	0.2845753836972991	0.229757329964999	0.28298354600339753	"<b>Pays-Bas</b>
2020
Branches marchandes hors services immobiliers (-LOPQ)
Part des salaires dans la VAN : 71.7%"
NL	2020-01-01	415926.8790084404	469037	319971.4555031232	311043.2095993282	257118	312015.18389937107	-18661.894674839674	mdhifi	0.20339652816933781	0.041610789767118586	19517	19517	0.7692973732929388	0.7501683580614162	0.6181807740172096	0.7478314706201429	0.6821880907116564	0.6652250971658336	0.5481827659651584	0.18377851339529822	0.2307026267070612	0.20524441606809413	0.2521685293798571	0.2029075286268208	0.2498316419385838	"<b>Pays-Bas</b>
2020
Branches marchandes hors services immobilier et financiers (-KLOPQ)
Part des salaires dans la VAN : 75%"
NL	2020-01-01	472463.11065990344	549133	344339.76386133215	335243.0045058099	280300	335875.450264151	-13637.399198099447	mdhim	0.19197125749976326	0.04479060628299519	24596	24596	0.7288183057940385	0.7109030158884228	0.5932738317040172	0.7095644018377772	0.6270607737311947	0.6116468146408083	0.5104410042740101	0.2191226033583268	0.2711816942059615	0.2383765073145881	0.2904355981622228	0.23703789326394253	0.28909698411157725	"<b>Pays-Bas</b>
2020
Branches marchandes hors imm. des ménages (-LmOPQ)
Part des salaires dans la VAN : 71.1%"
NL	2020-01-01	415926.8790084404	469037	319971.4555031232	311043.2095993282	257118	312015.18389937107	-18661.894674839674	mdhimfi	0.20339652816933781	0.041610789767118586	19517	19517	0.7692973732929388	0.7501683580614162	0.6181807740172096	0.7478314706201429	0.6821880907116564	0.6652250971658336	0.5481827659651584	0.18377851339529822	0.2307026267070612	0.20524441606809413	0.2521685293798571	0.2029075286268208	0.2498316419385838	"<b>Pays-Bas</b>
2020
NA
Part des salaires dans la VAN : 75%"
NL	2020-01-01	609894.6993170723	726411	484881.39954906446	473721.72	406319	473721.72	-20787.505204888883	tb	0.19674706647727705	0.03385961941655619	24596	24596	0.7950247806580528	0.7767270653941548	0.6662117254912602	0.7767270653941548	0.66750283179779	0.6521400694648071	0.5593513864740485	0.16464694623588266	0.2049752193419472	0.1829446614997807	0.2232729346058452	0.1829446614997807	0.2232729346058452	"<b>Pays-Bas</b>
2020
Toutes branches (marchandes et non marchandes)
Part des salaires dans la VAN : 77.7%"
BE	2021-01-01	267842.0181222594	353114.3	199989.16166070785	186473.6453053347	159532.5	186879.1256050215	-1752.0164229086765	md	0.28029770582727065	0.05386074707254847	19019	19019	0.7466683646679387	0.6977214662402912	0.5956216321786362	0.6962075876392806	0.5663581499268306	0.529231259127771	0.45178714087761385	0.18232335913501374	0.25333163533206127	0.23278413616367188	0.30379241236071935	0.23127025756266129	0.3022785337597088	"<b>Belgique</b>
2021
Branches marchandes
Part des salaires dans la VAN : 69.8%"
BE	2021-01-01	246496.1921512871	324279.9	189679.2088075741	176251.60496263794	149485.7	176734.69644310125	-3857.9091195047686	mdhfi	0.2777338582821136	0.048661665431622494	15780	15780	0.7695015779033147	0.7169875319397643	0.6064422281552047	0.7150276984987398	0.5849243471691402	0.545006632983115	0.4609773840438461	0.16648120599983368	0.23049842209668528	0.22095508540440864	0.28497230150126024	0.2189952519633841	0.28301246806023567	"<b>Belgique</b>
2021
Branches marchandes hors services financiers (-KOPQ)
Part des salaires dans la VAN : 71.7%"
BE	2021-01-01	249991.5181222594	309422.80000000005	198474.81059687806	185045.10148836084	158275	185454.2613274439	-6080.316422908676	mdhi	0.3691812018582453	0.061466058739045724	19019	19019	0.7939261783266307	0.7418422141696293	0.6331214802359612	0.7402055192843133	0.6414356362778633	0.5993555139680847	0.5115169276472192	0.1299952405164731	0.2060738216733693	0.1837158995587905	0.2597944807156867	0.1820792046734746	0.2581577858303708	"<b>Belgique</b>
2021
Branches marchandes hors services immobiliers (-LOPQ)
Part des salaires dans la VAN : 74.2%"
BE	2021-01-01	228645.69215128713	280588.4	188164.85774374427	174823.06114566402	148228.19999999998	175309.83216552364	-8186.209119504769	mdhifi	0.38981409921381677	0.05623896069830399	15780	15780	0.8229538723136841	0.7667314022672557	0.6482877442620804	0.7646024707519505	0.6706081140337385	0.6247935843588817	0.528276293674293	0.10803105090298029	0.17704612768631592	0.1663824524647138	0.2353975292480494	0.16425352094940873	0.23326859773274433	"<b>Belgique</b>
2021
Branches marchandes hors services immobilier et financiers (-KLOPQ)
Part des salaires dans la VAN : 76.7%"
BE	2021-01-01	258009.27204670696	328314.10000000003	199989.16166070785	186473.6453053347	159532.5	186879.1256050215	-4508.416422908676	mdhim	0.32780013470276836	0.05792928174574287	19019	19019	0.7751239328503828	0.7243116657109558	0.6183208019404827	0.7227400931218383	0.6091397282684716	0.5692083453163341	0.48591425101754687	0.15116166204654385	0.22487606714961714	0.20354550177508837	0.27725990687816165	0.20197392918597082	0.2756883342890441	"<b>Belgique</b>
2021
Branches marchandes hors imm. des ménages (-LmOPQ)
Part des salaires dans la VAN : 72.4%"
BE	2021-01-01	228645.69215128713	280588.4	188164.85774374427	174823.06114566402	148228.19999999998	175309.83216552364	-8186.209119504769	mdhimfi	0.38981409921381677	0.05623896069830399	15780	15780	0.8229538723136841	0.7667314022672557	0.6482877442620804	0.7646024707519505	0.6706081140337385	0.6247935843588817	0.528276293674293	0.10803105090298029	0.17704612768631592	0.1663824524647138	0.2353975292480494	0.16425352094940873	0.23326859773274433	"<b>Belgique</b>
2021
NA
Part des salaires dans la VAN : 76.7%"
BE	2021-01-01	362090.7181222595	452406.9	290751.3808004024	275703.06	245706.49999999997	275703.05999999994	-7614.216422908677	tb	0.26659905620083346	0.042039588697696695	19019	19019	0.8029793812671844	0.7614198492293557	0.6785771843978543	0.7614198492293558	0.642676716027988	0.6094139147745092	0.5431095325911253	0.14449510772654275	0.19702061873281565	0.18605463976437125	0.23858015077064415	0.18605463976437142	0.23858015077064432	"<b>Belgique</b>
2021
Toutes branches (marchandes et non marchandes)
Part des salaires dans la VAN : 76.1%"
DE	2021-01-01	2114520.9941481138	2664229	1582243.331622772	1650105.178782449	1439398	1653240.9889655171	-69832.84272444654	md	0.20513917394533046	0.04098408958088813	109191	109191	0.7482750637149466	0.7818513003847312	0.6807206000713635	0.7803683119482264	0.5938841336922509	0.6205326152389743	0.5402681225975695	0.20008629079409665	0.2517249362850535	0.16799304256081676	0.21963168805177358	0.16651005412431208	0.2181486996152689	"<b>Allemagne</b>
2021
Branches marchandes
Part des salaires dans la VAN : 78.2%"
DE	2021-01-01	1992870.7569329822	2525403	1492624.3702449016	1555502.7282863215	1360269	1565877.2832048682	-74264.52349888544	mdhfi	0.19200938288813957	0.03803432561060552	96052	96052.00000000001	0.7489820225683088	0.7857395055636951	0.682567595147739	0.7805336712754178	0.5910440314852329	0.620050456582521	0.5386344278517132	0.20282017049120318	0.2510179774316912	0.17126852178409419	0.21946632872458216	0.16606268749581696	0.21426049443630493	"<b>Allemagne</b>
2021
Branches marchandes hors services financiers (-KOPQ)
Part des salaires dans la VAN : 78.6%"
DE	2021-01-01	1985535.3711902967	2296214	1559210.9190353593	1625809.3531839757	1419025	1629236.937606491	-78952.23947461578	mdhi	0.25612183267479377	0.047552623579509574	109191.00000000001	109191	0.7852848867157866	0.8205529658380195	0.7146812998598545	0.8188266886473692	0.6790355424343547	0.7095318370180179	0.6179846477723766	0.15972188496688478	0.2147151132842135	0.12618008303530212	0.18117331135263082	0.12445380584465178	0.1794470341619805	"<b>Allemagne</b>
2021
Branches marchandes hors services immobiliers (-LOPQ)
Part des salaires dans la VAN : 82.1%"
DE	2021-01-01	1863885.1339751654	2157388	1469591.957657489	1531206.902687848	1339896	1541873.2318458417	-83383.9202490547	mdhifi	0.24360553458478384	0.04452235759168031	96052	96052	0.7884562899663483	0.8272361873274031	0.7188726255584015	0.8215135550881271	0.6811903828414216	0.7146944508108146	0.6210732608135393	0.16001049146285548	0.2115437100336517	0.12695322634107675	0.178486444911873	0.12123059410180069	0.1727638126725969	"<b>Allemagne</b>
2021
Branches marchandes hors services immobilier et financiers (-KLOPQ)
Part des salaires dans la VAN : 82.7%"
DE	2021-01-01	2058208.0964265275	2503560	1582243.331622772	1650105.178782449	1439398	1653240.9889655171	-73814.21401760835	mdhim	0.22940983886700186	0.0436142932464171	109191	109191	0.7687479873244458	0.8032428751183535	0.6993452229145785	0.8017193118846296	0.6319973683965121	0.6603560485730389	0.5749404847497164	0.17820052570998543	0.23125201267555417	0.1452292011498016	0.19828068811537033	0.14370563791607782	0.19675712488164657	"<b>Allemagne</b>
2021
Branches marchandes hors imm. des ménages (-LmOPQ)
Part des salaires dans la VAN : 80.3%"
DE	2021-01-01	1863885.1339751654	2157388	1469591.957657489	1531206.902687848	1339896	1541873.2318458417	-83383.9202490547	mdhimfi	0.24360553458478384	0.04452235759168031	96052	96052	0.7884562899663483	0.8272361873274031	0.7188726255584015	0.8215135550881271	0.6811903828414216	0.7146944508108146	0.6210732608135393	0.16001049146285548	0.2115437100336517	0.12695322634107675	0.178486444911873	0.12123059410180069	0.1727638126725969	"<b>Allemagne</b>
2021
NA
Part des salaires dans la VAN : 82.7%"
DE	2021-01-01	2670686.665262829	3314973	2136038.6212841715	2218400.76	1962671	2218400.76	-80977.225526963	tb	0.2042296819931109	0.03293872981770892	109191	109191	0.7998087716793083	0.8306480834514824	0.7348937730240431	0.8306480834514824	0.644360790052942	0.6692062831280978	0.5920624391209219	0.15930623742294653	0.20019122832069164	0.12846692565077245	0.16935191654851756	0.12846692565077245	0.16935191654851756	"<b>Allemagne</b>
2021
Toutes branches (marchandes et non marchandes)
Part des salaires dans la VAN : 83.1%"
ES	2021-01-01	725908	908279	510428.9445643488	530797.7240599673	426776	532834.592845184	9805	md	0.13683464474256127	0.03246249225183011	29485	29485	0.7031592771595695	0.7340249630052074	0.5879202323159408	0.7312190030416628	0.5619737377659825	0.5866419820839016	0.46987324379403245	0.2562226279854351	0.2968407228404305	0.22816290210334186	0.26878099695833724	0.2253569421397973	0.2659750369947927	"<b>Espagne</b>
2021
Branches marchandes
Part des salaires dans la VAN : 73.4%"
ES	2021-01-01	687754	861774	488675.35720375396	508585.49922033935	406906	511781.0931219462	6789	mdhfi	0.11534637607260705	0.02664619726285546	22963	22963	0.7105380080722962	0.7441339390566194	0.5916446869084004	0.739487519113432	0.5670574387295904	0.5938692663296249	0.4721725185489467	0.256073600148085	0.2894619919277039	0.22712408910694906	0.2605124808865679	0.22247766916376174	0.2558660609433806	"<b>Espagne</b>
2021
Branches marchandes hors services financiers (-KOPQ)
Part des salaires dans la VAN : 74.4%"
ES	2021-01-01	632890	770234	501134.92149354523	520498.8060229398	421609	523784.4761061947	168.0000000000004	mdhi	0.22378644022101593	0.038280574474770006	29485	29485	0.7918199394737557	0.8276074453794415	0.6661647363680893	0.8224159111740426	0.6506268504033128	0.6800329200037842	0.5473778098603801	0.16159218585608046	0.20818006052624433	0.1309962141557936	0.17758408882595744	0.12580467995039465	0.17239255462055852	"<b>Espagne</b>
2021
Branches marchandes hors services immobiliers (-LOPQ)
Part des salaires dans la VAN : 82.8%"
ES	2021-01-01	594736	723729	479381.33413295046	498286.58118331194	401739	502730.97638295696	-2848	mdhifi	0.19906433630058532	0.03172872718932086	22963	22963	0.8060405526703452	0.8453010686808213	0.6754913104301741	0.8378281812153828	0.6623768484238581	0.6946398118397313	0.5550958991556232	0.15534903867774869	0.19395944732965473	0.12356141013271109	0.16217181878461714	0.11608852266727261	0.15469893131917867	"<b>Espagne</b>
2021
Branches marchandes hors services immobilier et financiers (-KLOPQ)
Part des salaires dans la VAN : 84.5%"
ES	2021-01-01	666576	816408	510428.9445643488	530797.7240599673	426776	532834.592845184	2248.0000000000005	mdhim	0.18882840869292522	0.03611552067103703	29484.999999999996	29485	0.7657475585144812	0.7993606023096902	0.6402510741460838	0.7963048835541143	0.6252130608278567	0.6526572410426944	0.5227484297067153	0.19001892572737575	0.23425244148551885	0.15946160068774254	0.20369511644588564	0.15640588193216673	0.20063939769030983	"<b>Espagne</b>
2021
Branches marchandes hors imm. des ménages (-LmOPQ)
Part des salaires dans la VAN : 79.9%"
ES	2021-01-01	594736	723729	479381.33413295046	498286.58118331194	401739	502730.97638295696	-2848	mdhimfi	0.19906433630058532	0.03172872718932086	22963	22963	0.8060405526703452	0.8453010686808213	0.6754913104301741	0.8378281812153828	0.6623768484238581	0.6946398118397313	0.5550958991556232	0.15534903867774869	0.19395944732965473	0.12356141013271109	0.16217181878461714	0.11608852266727261	0.15469893131917867	"<b>Espagne</b>
2021
NA
Part des salaires dans la VAN : 84.5%"
ES	2021-01-01	906261	1118595	695222.4936347712	717387.4	604193	717387.4	10094	tb	0.13971383946857777	0.026358959230105623	29485.000000000004	29485	0.7671327505373962	0.7915902813869294	0.6666876319294331	0.7915902813869294	0.6215140364785925	0.6413289885973029	0.5401356165546959	0.20033247195369633	0.23286724946260381	0.17587494110416313	0.2084097186130706	0.17587494110416313	0.2084097186130706	"<b>Espagne</b>
2021
Toutes branches (marchandes et non marchandes)
Part des salaires dans la VAN : 79.2%"
FR	2021-01-01	1286695.3610153042	1708197.7	1032893.0083192128	1006161.5699012831	915440.8	990706.0115432789	31625.930978710367	md	0.27288951132353556	0.040545658151863805	69260	69260	0.8027486844315492	0.7699615942980735	0.7114666204109455	0.7819734184067798	0.6046683052665467	0.5799715170810024	0.5359103340321791	0.1434235004550517	0.1972513155684507	0.16419876647982115	0.21802658159322016	0.17621059058852745	0.23003840570192646	"<b>France</b>
2021
Branches marchandes
Part des salaires dans la VAN : 77%"
FR	2021-01-01	1231284.9419390506	1623069.7	971104.8320262226	945063.2716750359	856683.7999999999	931140.3663813055	20784.59045857053	mdhfi	0.20492342792023416	0.03284948268087316	53317	53317	0.7886922019016236	0.7562346737668442	0.6957640516994208	0.7675422962508845	0.5983136965875357	0.5736909304519119	0.5278170124178894	0.16800587976578035	0.21130779809837635	0.18915578541651942	0.23245770374911545	0.20046340790055986	0.2437653262331559	"<b>France</b>
2021
Branches marchandes hors services financiers (-KOPQ)
Part des salaires dans la VAN : 75.6%"
FR	2021-01-01	1125437.565660796	1398160.4000000001	1009755.7147680019	983762.7724603995	895548.3	968865.4319094919	-1501.7595687660191	mdhi	0.598711029132698	0.04953651955812795	69260	69260	0.8972116673350318	0.860878880776142	0.7957334349988421	0.8741158127974762	0.7222030567937712	0.6929572829480021	0.6405189991076846	0.041247824232291	0.10278833266496828	0.06434367876984656	0.12588418720252384	0.07758061079118063	0.13912111922385792	"<b>France</b>
2021
Branches marchandes hors services immobiliers (-LOPQ)
Part des salaires dans la VAN : 86.1%"
FR	2021-01-01	1070027.1465845422	1313032.4	947967.5384750117	922664.4742341524	836791.3	909299.7867475186	-12343.10008890586	mdhifi	0.43681116813152343	0.04060600484801442	53317	53317	0.8859284939647214	0.8497913250611865	0.7820281033719415	0.8622813703177886	0.7219681239206373	0.6925189254640773	0.637296764344886	0.06424379823348642	0.11407150603527857	0.08789092188041922	0.13771862968221138	0.10038096713702134	0.1502086749388135	"<b>France</b>
2021
Branches marchandes hors services immobilier et financiers (-KLOPQ)
Part des salaires dans la VAN : 85%"
FR	2021-01-01	1182968.7491419981	1517048.3	1032893.0083192128	1006161.5699012831	915440.8	1006103.7793963272	15506.740431233982	mdhim	0.4615003039151054	0.04565444620319603	69260	69260	0.8731363436847892	0.8504905815356912	0.7738503664310364	0.8505394336334308	0.6808570355467343	0.6631982511013836	0.6034355003726645	0.06831604036995956	0.12686365631521082	0.09091295042131796	0.14946056636656924	0.0909618025190575	0.14950941846430876	"<b>France</b>
2021
Branches marchandes hors imm. des ménages (-LmOPQ)
Part des salaires dans la VAN : 85%"
FR	2021-01-01	1070027.1465845422	1313032.4	947967.5384750117	922664.4742341524	836791.3	924109.0153993773	-12343.10008890586	mdhimfi	0.43681116813152343	0.04060600484801442	53317	53317	0.8859284939647214	0.8636313745394907	0.7820281033719415	0.8622813703177886	0.7219681239206373	0.7037975722452678	0.637296764344886	0.06424379823348642	0.11407150603527857	0.08789092188041922	0.13771862968221138	0.08654091765871712	0.1363686254605093	"<b>France</b>
2021
NA
Part des salaires dans la VAN : 86.4%"
FR	2021-01-01	1708572.7435362618	2209877.5	1428821.4663108806	1396233.22	1285635.7	1396645.500893599	41070.21162195729	tb	0.24757706448003372	0.03134110374896346	69260	69260	0.8362661008823217	0.8174340285933265	0.7524617871048896	0.8171927272526849	0.6465613891769478	0.6320013217445758	0.581767858173134	0.12319714101825356	0.16373389911767836	0.1422705146478903	0.1828072727473151	0.14202921330724874	0.18256597140667355	"<b>France</b>
2021
Toutes branches (marchandes et non marchandes)
Part des salaires dans la VAN : 81.7%"
IT	2021-01-01	1041112.37332098	1359579.2000000002	722723.1277898317	717193.9641673781	538085.1	721879.7463889217	13333.501782355506	md	0.10414610564085786	0.024389163941313602	33159	33159	0.6941835927705498	0.6933735155660884	0.5168367159863787	0.6888727696892559	0.531578541205861	0.5309582158868874	0.3957732657281017	0.27396681937542433	0.30581640722945025	0.2792776424567181	0.311127230310744	0.2747768965798857	0.3066264844339116	"<b>Italie</b>
2021
Branches marchandes
Part des salaires dans la VAN : 69.3%"
IT	2021-01-01	975025.7733209801	1281955.7000000002	676574.5569249453	671306.3265820991	500650	680518.4590161276	8743.601782355507	mdhfi	0.09128795093884554	0.02125268447263817	27245	27245	0.6939042796997078	0.6979492005613884	0.5134736062358274	0.6885011093559102	0.52776750157977	0.5308439745742599	0.3905361160295944	0.27815286920292853	0.3060957203002922	0.2835560395467261	0.31149889064408975	0.2741079483412479	0.3020507994386116	"<b>Italie</b>
2021
Branches marchandes hors services financiers (-KOPQ)
Part des salaires dans la VAN : 69.8%"
IT	2021-01-01	930105.6221497601	1142647.2000000002	716773.5576254827	711343.6519998576	535450.1	715900.0919061048	-1658.105128384686	mdhi	0.15543373694874857	0.029019455874044055	33159	33159	0.7706367325990338	0.7696976288041777	0.575687413610521	0.7647987874277372	0.6272920964804207	0.626527673551473	0.46860492022384503	0.19371247763005894	0.2293632674009662	0.19955042280135557	0.23520121257226284	0.19465158142491507	0.2303023711958223	"<b>Italie</b>
2021
Branches marchandes hors services immobiliers (-LOPQ)
Part des salaires dans la VAN : 77%"
IT	2021-01-01	864019.02214976	1065023.7	670624.9867605964	665456.0144145787	498015	674538.8045333108	-6248.005128384685	mdhifi	0.140878181403968	0.025581590343951972	27245	27245	0.776169238834602	0.7806990207865971	0.5763935599020634	0.770186763665066	0.6296808106341637	0.6333556751209488	0.4676093123561476	0.19229789059015082	0.223830761165398	0.19828036575968683	0.22981323633493397	0.18776810863815574	0.21930097921340289	"<b>Italie</b>
2021
Branches marchandes hors services immobilier et financiers (-KLOPQ)
Part des salaires dans la VAN : 78.1%"
IT	2021-01-01	963273.3742196031	1207464.4000000001	722723.1277898317	717193.9641673781	538085.1000000001	721879.7463889217	2821.243162576671	mdhim	0.13784646032229594	0.027461679201473764	33159	33159	0.7502783188368998	0.7494027819192587	0.5586006157763161	0.74453834535644	0.5985461167963475	0.5978476436977535	0.44563226874432077	0.21529843134903384	0.24972168116310017	0.22103840482949366	0.25546165464356	0.21617396826667495	0.25059721808074126	"<b>Italie</b>
2021
Branches marchandes hors imm. des ménages (-LmOPQ)
Part des salaires dans la VAN : 74.9%"
IT	2021-01-01	864019.02214976	1065023.7	670624.9867605964	665456.0144145787	498015	674538.8045333108	-6248.005128384685	mdhimfi	0.140878181403968	0.025581590343951972	27245	27245	0.776169238834602	0.7806990207865971	0.5763935599020634	0.770186763665066	0.6296808106341637	0.6333556751209488	0.4676093123561476	0.19229789059015082	0.223830761165398	0.19828036575968683	0.22981323633493397	0.18776810863815574	0.21930097921340289	"<b>Italie</b>
2021
NA
Part des salaires dans la VAN : 78.1%"
IT	2021-01-01	1270122.1918603654	1640708.7000000002	942706.6825062558	936561.96	737512.9999999999	936561.9599999998	23094.998310113526	tb	0.10127498256088276	0.020210168934924277	33159	33159	0.7422173146392005	0.7373794159349383	0.5806630296883125	0.7373794159349384	0.5745728553193237	0.5708276917163905	0.44950880067863347	0.23167574839638702	0.2577826853607995	0.23651364710064918	0.26262058406506167	0.23651364710064926	0.2626205840650618	"<b>Italie</b>
2021
Toutes branches (marchandes et non marchandes)
Part des salaires dans la VAN : 73.7%"
NL	2021-01-01	520941.98562952736	622517	360661.0326857097	353563.5002140866	292894	354077.0710703364	-13082.798237648065	md	0.21080483600470926	0.054276429398715215	33788	33788	0.6923247552217784	0.6796861854827373	0.5622391899283277	0.6787003350993608	0.5793593310475211	0.5687829747144839	0.4704996008141143	0.24281581526003987	0.30767524477822167	0.2564402353824574	0.3212996649006392	0.25545438499908096	0.3203138145172627	"<b>Pays-Bas</b>
2021
Branches marchandes
Part des salaires dans la VAN : 68%"
NL	2021-01-01	477193.1245706301	571465	339676.8426857097	332643.32276856055	272521	333431.13543730887	-15411.885800304704	mdhfi	0.1909737497264301	0.04595557033239131	26262	26262	0.7118225833436828	0.6987341566107523	0.5710916313918176	0.697083226142177	0.5943965819178947	0.5834672909754909	0.4768813488140131	0.23314309481098455	0.2881774166563173	0.24788245201249032	0.30291677385782306	0.246231521543915	0.3012658433892477	"<b>Pays-Bas</b>
2021
Branches marchandes hors services financiers (-KOPQ)
Part des salaires dans la VAN : 69.9%"
NL	2021-01-01	509241.37108070264	571824	355834.16701406793	348802.2888773551	288694	349422.17834862386	-17576.114119490627	mdhi	0.22025041265548181	0.059088111027169196	33788	33788	0.698753454101585	0.6861621977159604	0.5669099495733014	0.6849449174507038	0.6222791750854597	0.6110659544695988	0.5048651333277372	0.2348968698532506	0.30124654589841504	0.2487054065041317	0.31505508254929615	0.24748812623887512	0.31383780228403957	"<b>Pays-Bas</b>
2021
Branches marchandes hors services immobiliers (-LOPQ)
Part des salaires dans la VAN : 68.6%"
NL	2021-01-01	465492.51002180536	520772	334849.97701406793	327882.11143182905	268321	328776.24271559634	-19905.201682147264	mdhifi	0.20102182187821335	0.050428978516510105	26262	26262	0.7193455744290759	0.7062976001487011	0.5764238827117344	0.7043767716401492	0.6429876740955119	0.6313247308142457	0.5152369943084497	0.22423676162447354	0.2806544255709241	0.2392055644134002	0.29562322835985083	0.23728473590484828	0.29370239985129887	"<b>Pays-Bas</b>
2021
Branches marchandes hors services immobilier et financiers (-KLOPQ)
Part des salaires dans la VAN : 70.6%"
NL	2021-01-01	518975.37108070264	599481	360661.0326857097	353563.5002140866	292894	354077.0710703364	-14371.114119490625	mdhim	0.21342349873388744	0.05636208653818887	33788	33788	0.6949482630258105	0.6822618004646622	0.564369749165715	0.6812722142822191	0.601622124280352	0.5906393548258183	0.4885792877505709	0.23994652797430846	0.3050517369741896	0.2536225767178998	0.31872778571778093	0.2526329905354566	0.3177381995353378	"<b>Pays-Bas</b>
2021
Branches marchandes hors imm. des ménages (-LmOPQ)
Part des salaires dans la VAN : 68.2%"
NL	2021-01-01	465492.51002180536	520772	334849.97701406793	327882.11143182905	268321	328776.24271559634	-19905.201682147264	mdhimfi	0.20102182187821335	0.050428978516510105	26262	26262	0.7193455744290759	0.7062976001487011	0.5764238827117344	0.7043767716401492	0.6429876740955119	0.6313247308142457	0.5152369943084497	0.22423676162447354	0.2806544255709241	0.2392055644134002	0.29562322835985083	0.23728473590484828	0.29370239985129887	"<b>Pays-Bas</b>
2021
NA
Part des salaires dans la VAN : 70.6%"
NL	2021-01-01	664859.6357534353	791407	506833.85075751285	498132.96	423758	498132.95999999996	-18014.337891178704	tb	0.21381320776778187	0.04269358244240953	33788	33788	0.7623170719082024	0.7492302633705585	0.6373646063199294	0.7492302633705586	0.6404212380703138	0.6294270331194948	0.5354488903939439	0.18686317880485126	0.23768292809179753	0.1999499873424951	0.25076973662944135	0.1999499873424952	0.25076973662944146	"<b>Pays-Bas</b>
2021
Toutes branches (marchandes et non marchandes)
Part des salaires dans la VAN : 74.9%"
BE	2022-01-01	303208.9968264667	397906.5	219538.38122687352	204004.98870483358	174957.2	204444.10197651887	-933.8421605607185	md	0.25912322796517606	0.05448767486834218	21681	21681	0.7240496935271359	0.674267927786875	0.5770184982345097	0.6728197079903608	0.5517335887372373	0.5137993523014046	0.439694249779785	0.20444517230163597	0.27595030647286417	0.25567515783841094	0.3271802920096391	0.2542269380418968	0.32573207221312495	"<b>Belgique</b>
2022
Branches marchandes
Part des salaires dans la VAN : 67.4%"
BE	2022-01-01	283232.1968264667	369812.1	208584.2436087261	193142.39658729144	164265.80000000002	193656.94136555342	-3174.0421605607185	mdhfi	0.24417280332969968	0.049287192063212644	18227	18227	0.7364425582467357	0.6837391494873195	0.5799686682536446	0.6819224606220446	0.5640276335163887	0.5236630747494564	0.44418719668718254	0.19920388236196576	0.26355744175326434	0.25372397998665674	0.31807753937795535	0.25190729112138194	0.3162608505126805	"<b>Belgique</b>
2022
Branches marchandes hors services financiers (-KOPQ)
Part des salaires dans la VAN : 68.4%"
BE	2022-01-01	280502.6968264667	347704.7	217869.29001348442	202431.46860386603	173562.4	202876.19625669668	-5290.242160560719	mdhi	0.3461571244996702	0.062354635988527043	21681	21681	0.7767101438895238	0.7232593431435216	0.6187548353853245	0.7216738765584862	0.62659288187213	0.583472688913025	0.49916610273027656	0.14599648158932865	0.22328985611047622	0.20103274892036618	0.27832612344151375	0.19944728233533088	0.2767406568564784	"<b>Belgique</b>
2022
Branches marchandes hors services immobiliers (-LOPQ)
Part des salaires dans la VAN : 72.3%"
BE	2022-01-01	260525.89682646672	319610.3	206915.15239533698	191568.8764863239	162871	192089.03564573123	-7530.442160560718	mdhifi	0.3399878176176988	0.057028825416452475	18227	18227	0.7942210540902994	0.7373126356558692	0.6251624194906293	0.735316061934241	0.6473982609300669	0.6010101540711649	0.5095924630714342	0.13581661117819102	0.20577894590970064	0.19472160333424937	0.26468393806575896	0.1927250296126212	0.2626873643441308	"<b>Belgique</b>
2022
Branches marchandes hors services immobilier et financiers (-KLOPQ)
Part des salaires dans la VAN : 73.7%"
BE	2022-01-01	290602.33814988536	369087.2	219538.38122687355	204004.98870483358	174957.2	204444.10197651887	-3863.042160560719	mdhim	0.30509137034809974	0.05874221593162808	21681.000000000004	21681	0.755459789568662	0.7035184344286719	0.6020502144403308	0.7020073892165759	0.5948143994884503	0.553918158030186	0.47402673406176105	0.1699331025256284	0.244540210431338	0.2233855028777145	0.2979926107834241	0.2218744576656185	0.29648156557132804	"<b>Belgique</b>
2022
Branches marchandes hors imm. des ménages (-LmOPQ)
Part des salaires dans la VAN : 70.4%"
BE	2022-01-01	260525.89682646672	319610.3	206915.15239533698	191568.8764863239	162871	192089.03564573123	-7530.442160560718	mdhimfi	0.3399878176176988	0.057028825416452475	18227	18227	0.7942210540902994	0.7373126356558692	0.6251624194906293	0.735316061934241	0.6473982609300669	0.6010101540711649	0.5095924630714342	0.13581661117819102	0.20577894590970064	0.19472160333424937	0.26468393806575896	0.1927250296126212	0.2626873643441308	"<b>Belgique</b>
2022
NA
Part des salaires dans la VAN : 73.7%"
BE	2022-01-01	403986.2942882661	506058.70000000007	318886.09378572146	301607.24	269295.39999999997	301607.24	-5821.001726376077	tb	0.2547702575548186	0.042842855976984485	21681	21681	0.7893487930018214	0.7465779019344326	0.666595386545077	0.7465779019344326	0.6301365706897667	0.5959925992775146	0.532142615076077	0.15698354473701923	0.2106512069981786	0.19975443580440796	0.2534220980655673	0.19975443580440796	0.2534220980655673	"<b>Belgique</b>
2022
Toutes branches (marchandes et non marchandes)
Part des salaires dans la VAN : 74.7%"
DE	2022-01-01	2218255.5869679633	2909129	1680220.3458337039	1768322.5592554826	1533383	1770855.0016986018	-6114.491040618606	md	0.227485098823588	0.04207273036018685	122395	122395	0.7574511953017659	0.7983097223341635	0.6912562326038878	0.797168085429022	0.5775681813469612	0.6087234363613995	0.5270935046194238	0.18737256589191326	0.2425488046982342	0.14765567576465707	0.20283191457097802	0.14651403885951547	0.20169027766583644	"<b>Allemagne</b>
2022
Branches marchandes
Part des salaires dans la VAN : 79.8%"
DE	2022-01-01	2102569.1807105583	2773600	1587756.6496311724	1669350.2596690927	1451767	1679940.8437700672	-11501.929370002492	mdhfi	0.223129766789392	0.04141548889529853	114870	114870	0.7551507290212415	0.7989943252199365	0.6904728811393396	0.7939573522641189	0.5724533637262664	0.6056896610073793	0.5234233487164696	0.19021611024671553	0.24484927097875858	0.151409487003838	0.20604264773588105	0.14637251404802049	0.20100567478006354	"<b>Allemagne</b>
2022
Branches marchandes hors services financiers (-KOPQ)
Part des salaires dans la VAN : 79.9%"
DE	2022-01-01	2120813.5264986805	2528915	1655181.8152214591	1741458.5142972767	1511387	1744357.512542724	-16119.197403677037	mdhi	0.2628579562682108	0.048398226116733854	122395	122395	0.7804466515045536	0.8224945242699108	0.7126449266358639	0.8211275968106007	0.6545027473131596	0.6897651809344023	0.5976424672240862	0.16184200401809107	0.21955334849544636	0.12116105871204401	0.1788724031893993	0.11979413125273398	0.17750547573008926	"<b>Allemagne</b>
2022
Branches marchandes hors services immobiliers (-LOPQ)
Part des salaires dans la VAN : 82.2%"
DE	2022-01-01	2005127.1202412755	2393386	1562718.1190189277	1642486.2147108868	1429771	1653443.3546141896	-21506.63573306092	mdhifi	0.25964661587495175	0.047994765574796545	114870.00000000001	114870	0.7793611204215756	0.8246077457748574	0.7130575341417539	0.8191431845544275	0.6529319211439056	0.6908385670402474	0.5973842079798244	0.16335074116544557	0.22063887957842448	0.12356867703259362	0.18085681544557253	0.11810411581216372	0.17539225422514262	"<b>Allemagne</b>
2022
Branches marchandes hors services immobilier et financiers (-KLOPQ)
Part des salaires dans la VAN : 82.5%"
DE	2022-01-01	2174697.873161109	2739169	1680220.3458337039	1768322.5592554826	1533383	1770855.0016986018	-10586.70903749776	mdhim	0.24752388781251805	0.044683259776961554	122395	122395	0.7726224256573903	0.8142993210935148	0.7051016230457322	0.8131348179805201	0.6134051406954825	0.6464935174494899	0.5597986104544845	0.1710961931399471	0.2273775743426097	0.1305838008168173	0.18686518201947994	0.1294192977038226	0.1857006789064852	"<b>Allemagne</b>
2022
Branches marchandes hors imm. des ménages (-LmOPQ)
Part des salaires dans la VAN : 81.4%"
DE	2022-01-01	2005127.1202412755	2393386	1562718.1190189277	1642486.2147108868	1429771	1653443.3546141896	-21506.63573306092	mdhimfi	0.25964661587495175	0.047994765574796545	114870.00000000001	114870	0.7793611204215756	0.8246077457748574	0.7130575341417539	0.8191431845544275	0.6529319211439056	0.6908385670402474	0.5973842079798244	0.16335074116544557	0.22063887957842448	0.12356867703259362	0.18085681544557253	0.11810411581216372	0.17539225422514262	"<b>Allemagne</b>
2022
NA
Part des salaires dans la VAN : 82.5%"
DE	2022-01-01	2804859.2649159892	3605842	2258754.5971430694	2365627.92	2080632	2365627.92	-16929.698398453973	tb	0.22412370232823947	0.03394352830767405	122395	122395	0.8053005102238965	0.843403428325255	0.7417955068281541	0.843403428325255	0.6264152997117093	0.6560542364307699	0.5770169630283302	0.151062719286064	0.19469948977610352	0.11295980118470549	0.156596571674745	0.11295980118470549	0.156596571674745	"<b>Allemagne</b>
2022
Toutes branches (marchandes et non marchandes)
Part des salaires dans la VAN : 84.3%"
ES	2022-01-01	833081.9999999999	1034408	559838.6579948345	582750.23679721	468210	584998.7323587515	10690.999999999998	md	0.12024446692420739	0.03176309541302851	32856	32856	0.672009067528568	0.7022102654465605	0.562021505686115	0.6995112567516883	0.5412164813060557	0.5655396442784196	0.45263571047401024	0.2885518376404309	0.3279909324714319	0.2610496484173106	0.30048874324831165	0.25835063972243844	0.29778973455343943	"<b>Espagne</b>
2022
Branches marchandes
Part des salaires dans la VAN : 70.2%"
ES	2022-01-01	789046	981460	538047.247786895	560466.8792553006	448386	563877.1713156855	7567.000000000001	mdhfi	0.10919177788075492	0.0279247243901942	27407	27407	0.6818959196129186	0.7146315567352036	0.568263447251491	0.710309512063049	0.548211081232954	0.5745289378229225	0.4568561123224584	0.2833697302984933	0.3181040803870813	0.2549561378483629	0.2896904879369509	0.2506340931762084	0.2853684432647964	"<b>Espagne</b>
2022
Branches marchandes hors services financiers (-KOPQ)
Part des salaires dans la VAN : 71.5%"
ES	2022-01-01	736608	888228	549439.0033291475	571218.7003889149	462337	574804.6481232715	1213.0000000000005	mdhi	0.17554189307206242	0.03699050243856307	32856	32856	0.7459042032249819	0.780339947602078	0.6276567726660585	0.7754717575547848	0.6185787920772003	0.6471363750335178	0.5205161287417195	0.20949133958747737	0.2540957967750181	0.1799237852576745	0.22452824244521521	0.1750555952103812	0.2196600523979219	"<b>Espagne</b>
2022
Branches marchandes hors services immobiliers (-LOPQ)
Part des salaires dans la VAN : 78%"
ES	2022-01-01	692572	835280	527647.593121208	548935.3428470056	442513	553683.0870802054	-1910.9999999999995	mdhifi	0.16617916364642285	0.03281175174791687	27407	27407	0.7618667707057288	0.7994592433425051	0.638941510774331	0.7926040077378317	0.6317014571415669	0.6628712372859465	0.5297780385020592	0.19856044841372736	0.2381332292942712	0.16782321138162445	0.2073959922621683	0.16096797577695107	0.2005407566574949	"<b>Espagne</b>
2022
Branches marchandes hors services immobilier et financiers (-KLOPQ)
Part des salaires dans la VAN : 79.9%"
ES	2022-01-01	774358.9999999999	940157.9999999999	559838.6579948345	582750.23679721	468210	584998.7323587515	3393.0000000000005	mdhim	0.15316030029081748	0.034947317365804476	32856	32856	0.7229704284380172	0.75546191412349	0.6046420329588732	0.7525582278984425	0.5954729502858398	0.6222344886271792	0.4980120362747539	0.23459963919211302	0.2770295715619828	0.2050118397316877	0.24744177210155752	0.20210815350664024	0.24453808587651005	"<b>Espagne</b>
2022
Branches marchandes hors imm. des ménages (-LmOPQ)
Part des salaires dans la VAN : 75.5%"
ES	2022-01-01	692572	835280	527647.593121208	548935.3428470056	442513	553683.0870802054	-1910.9999999999995	mdhimfi	0.16617916364642285	0.03281175174791687	27407	27407	0.7618667707057288	0.7994592433425051	0.638941510774331	0.7926040077378317	0.6317014571415669	0.6628712372859465	0.5297780385020592	0.19856044841372736	0.2381332292942712	0.16782321138162445	0.2073959922621683	0.16096797577695107	0.2005407566574949	"<b>Espagne</b>
2022
NA
Part des salaires dans la VAN : 79.9%"
ES	2022-01-01	1020030	1254715	756366.8226881488	781392.6	656283	781392.6	11246.999999999998	tb	0.12461353282236724	0.026186026308763346	32856	32856	0.7415142914307901	0.7660486456280697	0.6433957824769859	0.7660486456280697	0.6028196225343196	0.6227650103808434	0.5230534424152098	0.2262748912403078	0.2584857085692099	0.20174053704302816	0.23395135437193026	0.20174053704302816	0.23395135437193026	"<b>Espagne</b>
2022
Toutes branches (marchandes et non marchandes)
Part des salaires dans la VAN : 76.6%"
FR	2022-01-01	1354227.7231765098	1846411.4000000001	1119001.7560314387	1085787.727894677	990355.7	1071474.357270847	71429.61378967579	md	0.3676294800678514	0.04683463284509617	86476	86476	0.8263025020686187	0.7912069284459563	0.7313066207779274	0.8017763255856457	0.6060414033575825	0.5803009866982228	0.5363678430494958	0.10984117707778095	0.17369749793138137	0.13436735356075383	0.19822367441435426	0.14493675070044332	0.20879307155404375	"<b>France</b>
2022
Branches marchandes
Part des salaires dans la VAN : 79.1%"
FR	2022-01-01	1299409.683721244	1758498.5	1054920.0409083436	1022550.6315441852	929545.4	1009866.483066197	58746.337958968295	mdhfi	0.2807644496111882	0.03903557495215378	68644	68644	0.8118456050652693	0.7771732777719076	0.7153597603936364	0.7869347476431059	0.5998981750102964	0.5742777051366248	0.5286017588300473	0.1353273297989549	0.1881543949347307	0.16023818722111835	0.21306525235689414	0.16999965709231663	0.2228267222280924	"<b>France</b>
2022
Branches marchandes hors services financiers (-KOPQ)
Part des salaires dans la VAN : 77.7%"
FR	2022-01-01	1191331.298667241	1521038.5	1094110.490470214	1061834.5300030294	969097.8	1048168.8270111971	35654.25688831002	mdhi	0.889480365404374	0.05685326176819325	86476	86476	0.9183931385788411	0.8798298409382833	0.81345785264279	0.8913007919719046	0.719318078056679	0.6891139356506736	0.637129040454926	0.009019160504762367	0.08160686142115894	0.03611150711169885	0.10869920802809542	0.04758245814532006	0.12017015906171663	"<b>France</b>
2022
Branches marchandes hors services immobiliers (-LOPQ)
Part des salaires dans la VAN : 88%"
FR	2022-01-01	1136513.2592119756	1433125.6	1030028.7753471191	998597.4336525374	908287.5	986560.952806547	22970.98105760252	mdhifi	0.6446385192336442	0.047898104674147186	68644	68644	0.9063059907117232	0.8680593427397397	0.7991877724592316	0.8786500514256517	0.718728892531903	0.6883981088653688	0.6337808074881922	0.03329524187961872	0.09369400928827676	0.060951181165690246	0.12134994857434829	0.07154188985160219	0.13194065726026022	"<b>France</b>
2022
Branches marchandes hors services immobilier et financiers (-KLOPQ)
Part des salaires dans la VAN : 86.8%"
FR	2022-01-01	1250170.4820453483	1647713.8000000003	1119001.7560314387	1085787.727894677	990355.7	1085500.416162162	54162.65688831002	mdhim	0.6592730037709583	0.05248241533208011	86476	86476	0.8950793288613643	0.8682819117487266	0.7921765185014792	0.8685117297908587	0.6791238600001035	0.6587918461095379	0.6010483738134619	0.03574930511940242	0.10492067113863562	0.062316904189908096	0.1314882702091413	0.06254672223204019	0.1317180882512734	"<b>France</b>
2022
Branches marchandes hors imm. des ménages (-LmOPQ)
Part des salaires dans la VAN : 86.8%"
FR	2022-01-01	1136513.2592119756	1433125.6	1030028.7753471191	998597.4336525374	908287.5	999808.1990810811	22970.98105760252	mdhimfi	0.6446385192336442	0.047898104674147186	68644	68644	0.9063059907117232	0.8797153847323508	0.7991877724592316	0.8786500514256517	0.718728892531903	0.6976417133858198	0.6337808074881922	0.03329524187961872	0.09369400928827676	0.060951181165690246	0.12134994857434829	0.05988584785899114	0.12028461526764918	"<b>France</b>
2022
NA
Part des salaires dans la VAN : 88%"
FR	2022-01-01	1787947.1168282442	2367423.5	1534916.4779573174	1494495.36	1378355.6	1494717.6735987463	81885.95371344853	tb	0.341760983515171	0.0365274738550158	86476	86476	0.8584797970312487	0.8359965792782078	0.7709151948773266	0.8358722391360113	0.6483489236113933	0.631368943325411	0.5822175880234356	0.09315411921488423	0.14152020296875129	0.11576167711012161	0.16412776086398867	0.11563733696792514	0.1640034207217922	"<b>France</b>
2022
Toutes branches (marchandes et non marchandes)
Part des salaires dans la VAN : 83.6%"
IT	2022-01-01	1159631.1511868804	1504946.4000000001	776304.4542420065	778803.9025981944	581579.1	783248.086077437	17231.34997668001	md	0.13531799484203302	0.034467008260227736	51871	51871	0.6694408419845054	0.675428635455148	0.501520763222646	0.6715962241968837	0.515835284394186	0.5204491575762679	0.38644505877418617	0.2858285555761671	0.33055915801549457	0.2836731733637889	0.32840377580311636	0.27984076210552455	0.324571364544852	"<b>Italie</b>
2022
Branches marchandes
Part des salaires dans la VAN : 67.5%"
IT	2022-01-01	1082857.480794365	1414832.5	729454.7658795139	731843.6496959839	543343.2	740789.3305886697	11469.837189501142	mdhfi	0.11634602187452558	0.02906139065931833	41117	41117	0.6736387556231305	0.6841060284731466	0.5017679700577152	0.6758448481688618	0.5155767667759357	0.5235880081837743	0.38403358701471724	0.2883904118996009	0.3263612443768696	0.2861843193538695	0.3241551518311382	0.2779231390495847	0.31589397152685333	"<b>Italie</b>
2022
Branches marchandes hors services financiers (-KOPQ)
Part des salaires dans la VAN : 68.4%"
IT	2022-01-01	1047574.1511868804	1278258.6	769885.8377800902	772339.9705498371	578690.8999999999	776693.4452298599	2246.449976680005	mdhi	0.18679576163514416	0.04057942579068116	51871	51871	0.7349225225802155	0.7414209718232183	0.5524104421098542	0.7372652042576571	0.6022927111776053	0.607618399930859	0.45271817455403773	0.21556212813283315	0.26507747741978455	0.21321944645539156	0.26273479574234293	0.2090636788898303	0.2585790281767817	"<b>Italie</b>
2022
Branches marchandes hors services immobiliers (-LOPQ)
Part des salaires dans la VAN : 74.1%"
IT	2022-01-01	970800.480794365	1188144.7	723036.1494175973	725379.7176476263	540455	734234.6897410927	-3515.0628104988596	mdhifi	0.16595205521118625	0.0346060542962486	41117	41117	0.7447834686134142	0.7563188361220211	0.5567106843187475	0.7471975261632325	0.6085421661331295	0.6179673988707712	0.45487304702869946	0.21286282347911173	0.25521653138658584	0.21044876592929332	0.25280247383676746	0.2013274559705047	0.24368116387797883	"<b>Italie</b>
2022
Branches marchandes hors services immobilier et financiers (-KLOPQ)
Part des salaires dans la VAN : 75.6%"
IT	2022-01-01	1082255.6077606352	1348418.1	776304.4542420065	778803.9025981944	581579.1	783248.086077437	6884.251797289671	mdhim	0.16954013542178617	0.03846803895616649	51871	51871.00000000001	0.7173023162691742	0.7237182052566178	0.5373768413206772	0.719611796893035	0.5757149464561522	0.5808644114740353	0.43130472662744584	0.23476908014767628	0.28269768373082577	0.23245959952381548	0.28038820310696494	0.22835319116023273	0.2762817947433822	"<b>Italie</b>
2022
Branches marchandes hors imm. des ménages (-LmOPQ)
Part des salaires dans la VAN : 72.4%"
IT	2022-01-01	970800.480794365	1188144.7	723036.1494175973	725379.7176476263	540455	734234.6897410927	-3515.0628104988596	mdhimfi	0.16595205521118625	0.0346060542962486	41117	41117	0.7447834686134142	0.7563188361220211	0.5567106843187475	0.7471975261632325	0.6085421661331295	0.6179673988707712	0.45487304702869946	0.21286282347911173	0.25521653138658584	0.21044876592929332	0.25280247383676746	0.2013274559705047	0.24368116387797883	"<b>Italie</b>
2022
NA
Part des salaires dans la VAN : 75.6%"
IT	2022-01-01	1392121.7511868803	1792889.6	1000385.1223551123	1003166.3999999999	783703.2	1003166.3999999999	27061.149976680008	tb	0.13241294324375294	0.02893150810847472	51871	51871	0.7186046202512206	0.7206024897928152	0.5629559335107283	0.7206024897928152	0.5579736322610785	0.5595249144174855	0.4371173774447684	0.24413498930104996	0.2813953797487794	0.24213711975945537	0.2793975102071848	0.24213711975945537	0.2793975102071848	"<b>Italie</b>
2022
Toutes branches (marchandes et non marchandes)
Part des salaires dans la VAN : 72.1%"
NL	2022-01-01	586173.7248383003	706273	386006.65215854347	379904.70447686047	314931	380572.51855334535	-4837.496160981377	md	0.21325185720376927	0.06043838572336759	42686	42686	0.6585191996878158	0.6492486824760504	0.5372656375665349	0.6481094057596314	0.5465402927176084	0.5388461948189232	0.4459054784764532	0.2686593854461814	0.34148080031218414	0.27906917937436587	0.3518905942403686	0.27792990265794687	0.3507513175239496	"<b>Pays-Bas</b>
2022
Branches marchandes
Part des salaires dans la VAN : 64.9%"
NL	2022-01-01	541981.5339214823	654522	364197.4094400968	358148.4529397886	293739	359090.7105244123	-7050.854620201716	mdhfi	0.2053501689562979	0.05577810982671323	36508	36508	0.6719738342466455	0.662551559508362	0.5419723396748688	0.6608130176473395	0.5564326477033573	0.5486304670040308	0.448783998093265	0.26066593719381653	0.32802616575335447	0.2718267537931226	0.33918698235266054	0.2700882119321001	0.337448440491638	"<b>Pays-Bas</b>
2022
Branches marchandes hors services financiers (-KOPQ)
Part des salaires dans la VAN : 66.3%"
NL	2022-01-01	566604.0258960709	644918	380972.8260715869	374920.7431507205	310478	375684.8065099458	-8580.700310696593	mdhi	0.22995056887182766	0.06618825959269241	42686	42686	0.672379313699876	0.6630464827986514	0.5479629261528567	0.6616979866279492	0.5907306449371655	0.5825311225767397	0.4814224444037847	0.2522841231112319	0.327620686300124	0.2629654501831587	0.3383020133720508	0.26161695401245655	0.33695351720134864	"<b>Pays-Bas</b>
2022
Branches marchandes hors services immobiliers (-LOPQ)
Part des salaires dans la VAN : 66.3%"
NL	2022-01-01	522411.8349792528	593167	359163.5833531403	353164.49161364854	289286	354202.99848101265	-10794.05876991693	mdhifi	0.22363486062695653	0.06154759115055288	36508	36508	0.687510426266289	0.6780148816787038	0.5537508544604255	0.6760269732933486	0.6055016266129779	0.5971387458860872	0.4876973938199529	0.24260601146439553	0.31248957373371106	0.2540894644373359	0.3239730267066514	0.2521015560519806	0.3219851183212961	"<b>Pays-Bas</b>
2022
Branches marchandes hors services immobilier et financiers (-KLOPQ)
Part des salaires dans la VAN : 67.8%"
NL	2022-01-01	575950.0258960708	672865	386006.6521585434	379904.7044768604	314931	380572.5185533454	-6158.700310696593	mdhim	0.2247301348821229	0.06343917427715812	42686	42685.99999999999	0.6702085854723057	0.6607735071480301	0.5468026492576784	0.6596140071107724	0.5736762235493649	0.5656001107998564	0.46804485297942383	0.2556773454579195	0.32979141452769434	0.2662719238194527	0.3403859928892275	0.2651124237821951	0.33922649285196993	"<b>Pays-Bas</b>
2022
Branches marchandes hors imm. des ménages (-LmOPQ)
Part des salaires dans la VAN : 66.1%"
NL	2022-01-01	522411.8349792528	593167	359163.5833531403	353164.49161364854	289286	354202.99848101265	-10794.05876991693	mdhimfi	0.22363486062695653	0.06154759115055288	36508	36508	0.687510426266289	0.6780148816787038	0.5537508544604255	0.6760269732933486	0.6055016266129779	0.5971387458860872	0.4876973938199529	0.24260601146439553	0.31248957373371106	0.2540894644373359	0.3239730267066514	0.2521015560519806	0.3219851183212961	"<b>Pays-Bas</b>
2022
NA
Part des salaires dans la VAN : 67.8%"
NL	2022-01-01	738549.0829360008	887908	542483.4380139366	534957.92	454826	534957.9199999999	-7910.0433333875835	tb	0.2177127972468998	0.04807480054239854	42686	42686	0.7345259110706197	0.7243363134016062	0.6158372009506823	0.7243363134016064	0.6109680710320626	0.6024925104853205	0.512244511818792	0.2076769824319927	0.26547408892938035	0.21786658010100599	0.27566368659839363	0.21786658010100615	0.2756636865983938	"<b>Pays-Bas</b>
2022
Toutes branches (marchandes et non marchandes)
Part des salaires dans la VAN : 72.4%"
BE	2023-01-01	324665.68892148597	427156.5	238432.62699488652	220370.73201931006	189516.5	220785.44789081888	193.69306609614787	md	0.2697805166631105	0.054462474526315294	23264	23264	0.7343942865873541	0.6800393617947461	0.583728143954968	0.6787619990007703	0.5581856462324383	0.516872499636126	0.44366994298342644	0.19395046681950823	0.2656057134126459	0.24958275440609204	0.3212380009992297	0.24830539161211626	0.31996063820525394	"<b>Belgique</b>
2023
Branches marchandes
Part des salaires dans la VAN : 68%"
BE	2023-01-01	303858.96008528373	397918.69999999995	226449.74547829884	208490.2714450283	177810.99999999997	208983.54590570717	-2008.199402925225	mdhfi	0.23002429478716482	0.04474783416813535	17806	17806	0.7452462333667615	0.6877649612407415	0.5851760960087995	0.6861415947270786	0.5690854576030201	0.525191567789368	0.44685258571663006	0.19615421111905385	0.25475376663323845	0.25525884975873675	0.31385840527292136	0.2536354832450739	0.31223503875925857	"<b>Belgique</b>
2023
Branches marchandes hors services financiers (-KOPQ)
Part des salaires dans la VAN : 68.8%"
BE	2023-01-01	298708.1889214861	371489.39999999997	236574.96724384918	218625.01162080222	187962	219049.71215880895	-5041.506933903853	mdhi	0.37442127370603123	0.06262359033662872	23264	23264	0.7919935777389474	0.7333234249442858	0.6292495718937415	0.7319016342008176	0.6368283112353925	0.5896526580807123	0.5059686763606176	0.1301243926990347	0.20800642226105256	0.19021633623716452	0.2680983657991824	0.18879454549369631	0.2666765750557142	"<b>Belgique</b>
2023
Branches marchandes hors services immobiliers (-LOPQ)
Part des salaires dans la VAN : 73.3%"
BE	2023-01-01	277901.46008528373	342251.6	224592.0857272615	206744.55104652047	176256.5	207247.81017369727	-7243.399402925225	mdhifi	0.3340125487201572	0.05202605334788793	17806	17806	0.8081716650871054	0.7457600622540669	0.6342410001944918	0.7439491357226901	0.656219242590134	0.6055422682427117	0.5149910183034937	0.1277552638518948	0.19182833491289467	0.19197779321631012	0.25605086427731	0.19016686668493327	0.2542399377459331	"<b>Belgique</b>
2023
Branches marchandes hors services immobilier et financiers (-KLOPQ)
Part des salaires dans la VAN : 74.6%"
BE	2023-01-01	309948.3760249996	394936.5999999999	238432.62699488652	220370.73201931006	189516.5	220785.44789081888	-3143.2069339038526	mdhim	0.3252989770155976	0.05890565726245682	23264	23264	0.7692656114309022	0.712329745754212	0.6114453717438226	0.7109917298019188	0.6037238052763065	0.5590402304846371	0.47986562906552604	0.15567672800525084	0.23073438856909773	0.21395060963423423	0.2890082701980811	0.21261259368194105	0.28767025424578796	"<b>Belgique</b>
2023
Branches marchandes hors imm. des ménages (-LmOPQ)
Part des salaires dans la VAN : 71.2%"
BE	2023-01-01	277901.46008528373	342251.6	224592.0857272615	206744.55104652047	176256.5	207247.81017369727	-7243.399402925225	mdhimfi	0.3340125487201572	0.05202605334788793	17806	17806	0.8081716650871054	0.7457600622540669	0.6342410001944918	0.7439491357226901	0.656219242590134	0.6055422682427117	0.5149910183034937	0.1277552638518948	0.19182833491289467	0.19197779321631012	0.25605086427731	0.19016686668493327	0.2542399377459331	"<b>Belgique</b>
2023
NA
Part des salaires dans la VAN : 74.6%"
BE	2023-01-01	434182.1408971439	545310.2000000001	345766.1641185866	325752.69999999995	291564.69999999995	325752.69999999995	-4528.401702431631	tb	0.2631198664271499	0.042661956442406536	23263.999999999996	23264	0.796362013886926	0.750267386233119	0.6715262387290833	0.750267386233119	0.6340724309183773	0.5973713677096081	0.534676776630989	0.1500567864075082	0.20363798611307404	0.1961514140613152	0.24973261376688105	0.1961514140613152	0.24973261376688105	"<b>Belgique</b>
2023
Toutes branches (marchandes et non marchandes)
Part des salaires dans la VAN : 75%"
DE	2023-01-01	2403487.8787176507	3153348	1801508.6571659136	1880308.7302190564	1648675	1882316.1281753366	-5174.568639832542	md	0.20907864506612855	0.03991345071967953	125861	125861	0.7495393145594247	0.7831602334435827	0.685951035825331	0.7823250314132103	0.5713002996072472	0.5969262283057045	0.522833191896359	0.19809470468632598	0.25046068544057526	0.16530898783254033	0.21767496858678964	0.164473785802168	0.21683976655641732	"<b>Allemagne</b>
2023
Branches marchandes
Part des salaires dans la VAN : 78.3%"
DE	2023-01-01	2274298.217031912	3003984	1703001.1386865051	1775837.0719151886	1561735	1786015.6251069447	-9885.719214013505	mdhfi	0.1936418094774761	0.036826760728419325	110627.00000000001	110627	0.7488029168439564	0.7853040607127575	0.6866887500963496	0.7808285908225161	0.5669141841922277	0.5945489806560037	0.519887922172688	0.20255482543824327	0.25119708315604355	0.17052915145968364	0.21917140917748396	0.1660536815694422	0.2146959392872425	"<b>Allemagne</b>
2023
Branches marchandes hors services financiers (-KOPQ)
Part des salaires dans la VAN : 78.5%"
DE	2023-01-01	2300505.8549644025	2741498	1774700.5672782732	1851691.8912342	1625375	1854038.7178135728	-15636.000591610296	mdhi	0.23936807587817682	0.04590957206607482	125861	125860.99999999999	0.77143927430071	0.805926537336399	0.7065293906957479	0.804906402319438	0.6473470224228772	0.6762867300335703	0.5928784190249272	0.17385058456733116	0.22856072569928995	0.14038345654860324	0.19509359768056203	0.1393633215316423	0.1940734626636011	"<b>Allemagne</b>
2023
Branches marchandes hors services immobiliers (-LOPQ)
Part des salaires dans la VAN : 80.6%"
DE	2023-01-01	2171316.193278664	2592134	1676193.0487988647	1747220.2329303322	1538435	1757738.214745181	-20347.15116579126	mdhifi	0.22343330388287586	0.042677963407755926	110627	110627	0.7719709612020309	0.8095265996662676	0.7085264710695958	0.8046825415565334	0.6466459869740009	0.6781046870050625	0.5935013390511448	0.1770797572781024	0.22802903879796915	0.1443681769235999	0.19531745844346665	0.1395241188138657	0.19047340033373245	"<b>Allemagne</b>
2023
Branches marchandes hors services immobilier et financiers (-KLOPQ)
Part des salaires dans la VAN : 81%"
DE	2023-01-01	2356555.981176569	2965656	1801508.6571659136	1880308.7302190564	1648675	1882316.1281753366	-9942.146850086447	mdhim	0.22675724132954073	0.042439514225520426	125861	125861	0.7644667351659796	0.7987572301318908	0.6996120665789819	0.7979053946684795	0.6074570540770452	0.634704810057315	0.5559225345083854	0.18212439145891776	0.23553326483402034	0.1486857319564179	0.2020946053315205	0.14783389649300657	0.20124276986810916	"<b>Allemagne</b>
2023
Branches marchandes hors imm. des ménages (-LmOPQ)
Part des salaires dans la VAN : 79.9%"
DE	2023-01-01	2171316.193278664	2592134	1676193.0487988647	1747220.2329303322	1538435	1757738.214745181	-20347.15116579126	mdhimfi	0.22343330388287586	0.042677963407755926	110627	110627	0.7719709612020309	0.8095265996662676	0.7085264710695958	0.8046825415565334	0.6466459869740009	0.6781046870050625	0.5935013390511448	0.1770797572781024	0.22802903879796915	0.1443681769235999	0.19531745844346665	0.1395241188138657	0.19047340033373245	"<b>Allemagne</b>
2023
NA
Part des salaires dans la VAN : 81%"
DE	2023-01-01	3019146.401172706	3889735	2415490.0036239903	2511198.12	2229863	2511198.12	-14253.671357720936	tb	0.2084977489033286	0.03235721713690007	125861	125860.99999999999	0.8000572621075144	0.8317576514423392	0.7385739887055063	0.8317576514423392	0.6209908910565862	0.6455961961418966	0.5732686159854078	0.1582551271323341	0.19994273789248562	0.12655473779750936	0.16824234855766088	0.12655473779750936	0.16824234855766088	"<b>Allemagne</b>
2023
Toutes branches (marchandes et non marchandes)
Part des salaires dans la VAN : 83.2%"
ES	2023-01-01	918696	1131799	611089.3263355499	630974.2321033857	511797	633330.3235779612	12482.999999999998	md	0.126404929830668	0.03435504007336992	38883	38883	0.6651703352747262	0.6893796463443416	0.5570907024739413	0.6868150423027701	0.5399274308738123	0.5595784442095825	0.4521977842355401	0.2925055444504494	0.3348296647252737	0.2708608374224055	0.31318495769722987	0.26829623338083414	0.3106203536556585	"<b>Espagne</b>
2023
Branches marchandes
Part des salaires dans la VAN : 68.9%"
ES	2023-01-01	854498.9999999999	1058069	587447.1424416901	606868.1946553778	490471	610540.1668971671	9101	mdhfi	0.12220472944238654	0.030843924167516485	32635	32635	0.6874755177498044	0.7145007389091937	0.5739866284220345	0.7102035165112865	0.5552068366445762	0.5770324684847274	0.4635529440896577	0.27433251245268847	0.3125244822501955	0.25160451369120634	0.28979648348871345	0.24730729129329912	0.2854992610908062	"<b>Espagne</b>
2023
Branches marchandes hors services financiers (-KOPQ)
Part des salaires dans la VAN : 71.5%"
ES	2023-01-01	811263	972016	600114.9137730947	619029.246479818	505669	622593.5576622797	2915	mdhi	0.18415037850835786	0.04000242794357294	38883	38883	0.7397291800231178	0.7674373879522174	0.623310812892983	0.7630438544341577	0.6173920118322072	0.6405178080013906	0.5202270332998634	0.21234184996345865	0.2602708199768822	0.18902717555241885	0.23695614556584238	0.18463364203435914	0.23256261204778267	"<b>Espagne</b>
2023
Branches marchandes hors services immobiliers (-LOPQ)
Part des salaires dans la VAN : 76.7%"
ES	2023-01-01	747066	898286	576472.7298792347	594923.2090318098	484343	599803.4009814856	-467.00000000000006	mdhifi	0.19130297447781636	0.036330300149395624	32635	32634.999999999996	0.7716489973834102	0.8028787295653739	0.6483269215839029	0.7963462519132309	0.6417474277448771	0.6677198586880856	0.5391857381724752	0.18466677659104458	0.22835100261658986	0.15996952206122375	0.203653748086769	0.15343704440908085	0.1971212704346261	"<b>Espagne</b>
2023
Branches marchandes hors services immobilier et financiers (-KLOPQ)
Part des salaires dans la VAN : 80.3%"
ES	2023-01-01	853111	1028872	611089.3263355499	630974.2321033857	511797	633330.3235779612	5180	mdhim	0.16065916498829427	0.03779187304154453	38883	38883	0.7163069358331448	0.7423773970537962	0.5999184162436072	0.7396156327879793	0.5939410600497923	0.6155579348820467	0.4974350550894572	0.2381151733648377	0.28369306416685525	0.21480647641000322	0.2603843672120208	0.2120447121441862	0.25762260294620376	"<b>Espagne</b>
2023
Branches marchandes hors imm. des ménages (-LmOPQ)
Part des salaires dans la VAN : 74.2%"
ES	2023-01-01	747066	898286	576472.7298792347	594923.2090318098	484343	599803.4009814856	-467.00000000000006	mdhimfi	0.19130297447781636	0.036330300149395624	32635	32634.999999999996	0.7716489973834102	0.8028787295653739	0.6483269215839029	0.7963462519132309	0.6417474277448771	0.6677198586880856	0.5391857381724752	0.18466677659104458	0.22835100261658986	0.15996952206122375	0.203653748086769	0.15343704440908085	0.1971212704346261	"<b>Espagne</b>
2023
NA
Part des salaires dans la VAN : 80.3%"
ES	2023-01-01	1118985	1366751	820540.2005839046	842319.4	711789	842319.4	13109	tb	0.1302853997659676	0.028449220084711846	38882.99999999999	38883	0.7332897229041538	0.7527530753316622	0.6361023606214561	0.7527530753316622	0.6003582222247539	0.6162932384904054	0.5207890830151213	0.2319618220227218	0.2667102770958461	0.21249846959521348	0.2472469246683378	0.21249846959521348	0.2472469246683378	"<b>Espagne</b>
2023
Toutes branches (marchandes et non marchandes)
Part des salaires dans la VAN : 75.3%"
FR	2023-01-01	1489130.901877821	2008424.9	1184085.8554571234	1144565.8104684618	1046684.0000000001	1131165.3590052836	75268.9761649265	md	0.25527705141818813	0.038772174154980854	77871	77871	0.7951522958552332	0.7596144553704873	0.7028824656584003	0.7686132958661617	0.5895594380736484	0.5632101847598502	0.521146695602111	0.15255478624090535	0.20484770414476677	0.17909378622997688	0.23138670413383827	0.18809262672565127	0.24038554462951267	"<b>France</b>
2023
Branches marchandes
Part des salaires dans la VAN : 76%"
FR	2023-01-01	1449117.5193651016	1935221.3	1114924.1667451675	1076451.9895696416	981165.5	1064885.4508561078	63523.82117887695	mdhfi	0.18928263983736346	0.03268721773577006	63257	63256.99999999999	0.7693814696503335	0.7348509949163153	0.6770779366671902	0.7428327759374995	0.576122310531187	0.5502654662059102	0.5070042893802378	0.1869664461296685	0.2306185303496665	0.21351513984250248	0.2571672240625005	0.22149692086368666	0.26514900508368466	"<b>France</b>
2023
Branches marchandes hors services financiers (-KOPQ)
Part des salaires dans la VAN : 73.5%"
FR	2023-01-01	1286769.3307189667	1635604.3000000003	1158750.3439537063	1120308.6902196503	1025097.8	1107549.764221556	35778.62642709631	mdhi	0.6082769592825065	0.04760992619058289	77871	77871	0.9005113164348335	0.8607212946260742	0.7966445698758139	0.870636767192525	0.7084539603825364	0.6771501910465483	0.6267394870507493	0.03897200964312754	0.09948868356516649	0.06884655888543599	0.12936323280747494	0.07876203145188686	0.1392787053739258	"<b>France</b>
2023
Branches marchandes hors services immobiliers (-LOPQ)
Part des salaires dans la VAN : 86.1%"
FR	2023-01-01	1246755.9482062473	1562400.7000000002	1089588.6552417506	1052194.8693208306	959579.2999999999	1041269.8560723803	24033.47144104674	mdhifi	0.40248195923492464	0.04048705303319436	63257	63257	0.873939006915813	0.835183387390686	0.7696608958478051	0.8439461394466665	0.697381059315802	0.6664550624384514	0.6141697837180947	0.07532371760456308	0.12606099308418692	0.10531658507370961	0.15605386055333345	0.11407933712969014	0.16481661260931396	"<b>France</b>
2023
Branches marchandes hors services immobilier et financiers (-KLOPQ)
Part des salaires dans la VAN : 83.5%"
FR	2023-01-01	1363597.842261843	1785344.9	1184085.8554571234	1144565.8104684618	1046684.0000000001	1144232.2030200013	56088.126427096315	mdhim	0.4337927588351593	0.043616782393138716	77871	77871	0.8683541574787496	0.8391273200623632	0.7675899503213002	0.8393719724357545	0.6632252711826849	0.6409026082411311	0.5862643122905833	0.07453882930477833	0.1316458425212505	0.1035210143477734	0.16062802756424557	0.10376566672116463	0.16087267993763682	"<b>France</b>
2023
Branches marchandes hors imm. des ménages (-LmOPQ)
Part des salaires dans la VAN : 83.9%"
FR	2023-01-01	1246755.9482062473	1562400.7000000002	1089588.6552417506	1052194.8693208306	959579.2999999999	1053380.0542579133	24033.47144104674	mdhimfi	0.40248195923492464	0.04048705303319436	63257	63257	0.873939006915813	0.8448967544718348	0.7696608958478051	0.8439461394466665	0.697381059315802	0.6742060818699794	0.6141697837180947	0.07532371760456308	0.12606099308418692	0.10531658507370961	0.15605386055333345	0.1043659700485414	0.15510324552816523	"<b>France</b>
2023
NA
Part des salaires dans la VAN : 84.5%"
FR	2023-01-01	1938233.1115494275	2548994.9	1620967.706361434	1572848.04	1453667	1573849.5107712054	86395.98736052489	tb	0.2454443463631279	0.03054968842817222	77871	77871	0.8363120497232808	0.8120021794040382	0.749995958348857	0.8114854867702999	0.6359242642507579	0.6174392544964313	0.5702902740213407	0.12351166831352972	0.16368795027671926	0.14833823126651063	0.18851451322970017	0.14782153863277225	0.1879978205959618	"<b>France</b>
2023
Toutes branches (marchandes et non marchandes)
Part des salaires dans la VAN : 81.2%"
IT	2023-01-01	1267190.8295306347	1628852.7000000002	819568.4035341942	824632.3337929497	616582.7	829032.6559494763	23674.841502909745	md	0.12891445255796652	0.03542677615968589	57705	57705	0.6467600494218861	0.6542287370060503	0.4865744650538397	0.6507562354269815	0.5031568560706527	0.5089672356189582	0.3785380347774847	0.30770221572773315	0.3532399505781138	0.3037060297226378	0.34924376457301853	0.300233528143569	0.3457712629939497	"<b>Italie</b>
2023
Branches marchandes
Part des salaires dans la VAN : 65.4%"
IT	2023-01-01	1177140.5661544078	1526280.5	769990.7583538275	774820.1660962438	576405.8	784288.2223472589	18983.927783070296	mdhfi	0.11266860286096056	0.030055419039947115	45873	45873	0.6541196357452066	0.6662655632618665	0.4896660743610732	0.6582222959382823	0.5044883678680475	0.5138558884472801	0.3776539109292165	0.3069105068571657	0.3458803642547934	0.30280784666409	0.3417777040617177	0.2947645793405058	0.3337344367381335	"<b>Italie</b>
2023
Branches marchandes hors services financiers (-KOPQ)
Part des salaires dans la VAN : 66.6%"
IT	2023-01-01	1144551.7785712322	1388192.4000000001	812930.3018555371	817904.8087401481	613529.1	822211.8989178244	8456.235179221825	mdhi	0.17400863349231	0.04156844541145737	57705	57705	0.7102608349185695	0.7183702077193996	0.5360431144197609	0.714607083797603	0.5856034810848533	0.5922895838630324	0.4419625838608538	0.23932204889640793	0.2897391650814305	0.23497580001737448	0.285392916202397	0.23121267609557783	0.28162979228060037	"<b>Italie</b>
2023
Branches marchandes hors services immobiliers (-LOPQ)
Part des salaires dans la VAN : 71.8%"
IT	2023-01-01	1054501.5151950053	1285620.2	763352.6566751704	768092.6410434423	573352.2	777467.4653156068	3765.3214593823745	mdhifi	0.1575585775373213	0.035681611101007905	45873	45873	0.7238990610023033	0.7372843510536183	0.5437187066478248	0.7283940610568033	0.5937621831666696	0.6047411710827247	0.4459732353303098	0.2325988677925009	0.2761009389976967	0.2281038677380009	0.27160593894319673	0.21921357774118583	0.26271564894638166	"<b>Italie</b>
2023
Branches marchandes hors services immobilier et financiers (-KLOPQ)
Part des salaires dans la VAN : 73.7%"
IT	2023-01-01	1182689.6934911066	1463032.2000000002	819568.4035341942	824632.3337929497	616582.7	829032.6559494763	13188.870572527407	mdhim	0.1589138439303496	0.03944205739285847	57705	57705	0.6929699379682276	0.7009722503815075	0.5213393702450798	0.6972516445617868	0.5601848021760519	0.5666537318518869	0.4214416470122803	0.2582387346721298	0.30703006203177247	0.2539570280785705	0.30274835543821316	0.2502364222588499	0.29902774961849254	"<b>Italie</b>
2023
Branches marchandes hors imm. des ménages (-LmOPQ)
Part des salaires dans la VAN : 70.1%"
IT	2023-01-01	1054501.5151950053	1285620.2	763352.6566751704	768092.6410434423	573352.2	777467.4653156068	3765.3214593823745	mdhimfi	0.1575585775373213	0.035681611101007905	45873	45873	0.7238990610023033	0.7372843510536183	0.5437187066478248	0.7283940610568033	0.5937621831666696	0.6047411710827247	0.4459732353303098	0.2325988677925009	0.2761009389976967	0.2281038677380009	0.27160593894319673	0.21921357774118583	0.26271564894638166	"<b>Italie</b>
2023
NA
Part des salaires dans la VAN : 73.7%"
IT	2023-01-01	1507796.4295306345	1926224.3	1050039.4093394128	1055682.3	823846.3	1055682.3	33686.94150290974	tb	0.12606032776055412	0.029957570361873225	57705	57705	0.6964066161545972	0.7001490912991656	0.5463909343892379	0.7001490912991656	0.5451283162295341	0.5480578248337953	0.42770008664100023	0.26532230237191556	0.3035933838454028	0.2615798272273473	0.2998509087008345	0.2615798272273473	0.2998509087008345	"<b>Italie</b>
2023
Toutes branches (marchandes et non marchandes)
Part des salaires dans la VAN : 70%"
NL	2023-01-01	615675.3871657153	747791	416080.6185959703	406553.6060785179	338321	407324.9721049563	-116.65924789811342	md	0.2432177974796808	0.06491787143734011	48545	48545	0.6758116813982332	0.6615904754290927	0.5495119783129115	0.6603375976260845	0.556412979824537	0.5447042985338902	0.4524272156257564	0.245339949782804	0.3241883186017667	0.26081403355495275	0.33966240237391554	0.25956115575194466	0.3384095245709074	"<b>Pays-Bas</b>
2023
Branches marchandes
Part des salaires dans la VAN : 66.2%"
NL	2023-01-01	575078.8978657216	699542	393205.0925296197	383742.95689239807	315975	384684.083335277	-2233.693947821463	mdhfi	0.2298186917173559	0.059750522484711424	41798	41798	0.6837411248941904	0.6689240115798841	0.5494463475753875	0.6672874944926259	0.5620893277739145	0.5499084877466642	0.4516883904040072	0.24357667418498982	0.31625887510580963	0.2600303045865543	0.33271250550737413	0.25839378749929603	0.3310759884201158	"<b>Pays-Bas</b>
2023
Branches marchandes hors services financiers (-KOPQ)
Part des salaires dans la VAN : 66.9%"
NL	2023-01-01	583094.150148088	672245	410735.2664832943	401281.9308846374	333577	402089.4908221574	-3123.94271621636	mdhi	0.28165069863420034	0.07221325558390171	48545	48545.00000000001	0.7044064262674907	0.6895790169049699	0.5720808550647982	0.6881940605693336	0.6109904372413247	0.5981293885743403	0.4962134340902498	0.21233943717896803	0.2955935737325093	0.2285518028771251	0.31180593943066637	0.2271668465414889	0.31042098309503013	"<b>Pays-Bas</b>
2023
Branches marchandes hors services immobiliers (-LOPQ)
Part des salaires dans la VAN : 69%"
NL	2023-01-01	542497.6608480942	623996	387859.7404169436	378471.28169851744	311231	379448.6020524781	-5240.97741613971	mdhifi	0.2702959266618548	0.06698440374617785	41798.00000000001	41797.99999999999	0.7149519129918406	0.6994474436245142	0.5737001695333548	0.6976459236835197	0.6215740812712639	0.608094606459782	0.4987708254540093	0.2080007501871	0.2850480870081595	0.22530673949542082	0.3023540763164803	0.2235052195544264	0.3005525563754859	"<b>Pays-Bas</b>
2023
Branches marchandes hors services immobilier et financiers (-KLOPQ)
Part des salaires dans la VAN : 69.9%"
NL	2023-01-01	592883.150148088	700782	416080.6185959703	406553.6060785179	338321	407324.9721049563	-1535.9427162163602	mdhim	0.2745718603338548	0.06927261259564316	48545.00000000001	48545	0.7017919441496075	0.6870240316379649	0.5706368951714946	0.6857229893900182	0.5937375939963788	0.5812434852849477	0.4827763840966235	0.21632851518900817	0.2982080558503925	0.23239746994859747	0.3142770106099818	0.2310964277006508	0.3129759683620351	"<b>Pays-Bas</b>
2023
Branches marchandes hors imm. des ménages (-LmOPQ)
Part des salaires dans la VAN : 68.7%"
NL	2023-01-01	542497.6608480942	623996	387859.7404169436	378471.28169851744	311231	379448.6020524781	-5240.97741613971	mdhimfi	0.2702959266618548	0.06698440374617785	41798.00000000001	41797.99999999999	0.7149519129918406	0.6994474436245142	0.5737001695333548	0.6976459236835197	0.6215740812712639	0.608094606459782	0.4987708254540093	0.2080007501871	0.2850480870081595	0.22530673949542082	0.3023540763164803	0.2235052195544264	0.3005525563754859	"<b>Pays-Bas</b>
2023
NA
Part des salaires dans la VAN : 69.9%"
NL	2023-01-01	780146.4347044848	944603	585383.9403149019	573615.04	489326	573615.04	-2048.461760414997	tb	0.24925230164127785	0.051391960432054525	48545	48545	0.750351362608793	0.7352658609755517	0.6272232727505241	0.7352658609755517	0.6197142506586385	0.607255153752423	0.5180229154470185	0.1874231399198399	0.24964863739120705	0.20250864155308115	0.26473413902444826	0.20250864155308115	0.26473413902444826	"<b>Pays-Bas</b>
2023
Toutes branches (marchandes et non marchandes)
Part des salaires dans la VAN : 73.5%"
BE	2024-01-01	332558.27455592836	437113.3	245158.0424081703	225987.16299499615	194402.6	226444.51660145333	-1261.5563726073808	md	0.30922114662476047	0.061828363492943364	27026	27026	0.7371882198256371	0.6809168014352648	0.5845670214027591	0.6795415428972901	0.5608569732565225	0.5180453594101423	0.44474190101284955	0.18154482016235193	0.2628117801743629	0.23919149709069898	0.32045845710271	0.23781623855272427	0.31908319856473527	"<b>Belgique</b>
2024
Branches marchandes
Part des salaires dans la VAN : 68.1%"
BE	2024-01-01	310313.1745559284	406503.8	233013.1560445339	213944.2156291706	182527.59999999998	214475.78110676352	-3193.8563726073808	mdhfi	0.26712800847461915	0.050796573119365675	20649	20649	0.7508967557629026	0.6911591214703909	0.588204481685977	0.6894461246620742	0.5732127376042584	0.5276107655248574	0.44901818875985905	0.18256079069947495	0.24910324423709743	0.24401142180030333	0.31055387533792583	0.24229842499198664	0.3088408785296091	"<b>Belgique</b>
2024
Branches marchandes hors services financiers (-KOPQ)
Part des salaires dans la VAN : 69.1%"
BE	2024-01-01	306982.8745559284	380839.1	243215.76141643475	224166.30884999415	192781.8	224636.24561207378	-6560.0563726073815	mdhi	0.4238234831311763	0.07096435213716239	27026	27026	0.7922779463455832	0.7317549747262787	0.6279887771553119	0.7302241506933114	0.6386312787117572	0.5898455426768779	0.5062027507154596	0.11968456935144077	0.20772205365441676	0.18173836500371265	0.2697758493066887	0.18020754097074526	0.2682450252737213	"<b>Belgique</b>
2024
Branches marchandes hors services immobiliers (-LOPQ)
Part des salaires dans la VAN : 73.2%"
BE	2024-01-01	284737.77455592836	350229.6	231070.8750527984	212123.3614841686	180906.8	212667.510117384	-8492.35637260738	mdhifi	0.3847623058379906	0.05895846610337904	20649	20649	0.8115216725746071	0.746888994440784	0.6353452761304285	0.7449779426526465	0.6597696912334035	0.6072231191121025	0.5165377226824918	0.11595897156471094	0.1884783274253929	0.18250270148667153	0.2550220573473535	0.18059164969853403	0.253111005559216	"<b>Belgique</b>
2024
Branches marchandes hors services immobilier et financiers (-KLOPQ)
Part des salaires dans la VAN : 74.7%"
BE	2024-01-01	318345.64605113014	404542.0128918158	245158.0424081703	225987.16299499615	194402.6	226444.51660145333	-4641.053696700069	mdhim	0.3692701858615878	0.06680641104939426	27026	27026	0.770100189681234	0.711316518414339	0.6106651760796395	0.7098798610825037	0.6060137997922391	0.5597552525700464	0.48054984106678655	0.14500466463281153	0.22989981031876602	0.2052249932315418	0.29012013891749633	0.20378833589970657	0.2886834815856611	"<b>Belgique</b>
2024
Branches marchandes hors imm. des ménages (-LmOPQ)
Part des salaires dans la VAN : 71.1%"
BE	2024-01-01	284737.77455592836	350229.6	231070.8750527984	212123.3614841686	180906.8	212667.510117384	-8492.35637260738	mdhimfi	0.3847623058379906	0.05895846610337904	20649	20649	0.8115216725746071	0.746888994440784	0.6353452761304285	0.7449779426526465	0.6597696912334035	0.6072231191121025	0.5165377226824918	0.11595897156471094	0.1884783274253929	0.18250270148667153	0.2550220573473535	0.18059164969853403	0.253111005559216	"<b>Belgique</b>
2024
NA
Part des salaires dans la VAN : 74.7%"
BE	2024-01-01	447759.9629661856	561413.6000000001	357908.0008362775	336702.9	301766.9	336702.9	-5904.745777539733	tb	0.30078363743382447	0.04813919719793036	27026	27026	0.7993300661928685	0.7519718774530708	0.6739479296026053	0.7519718774530708	0.6375121672084136	0.5997412602758465	0.5375126288354967	0.14031170119301767	0.20066993380713144	0.18766988993281544	0.24802812254692921	0.18766988993281544	0.24802812254692921	"<b>Belgique</b>
2024
Toutes branches (marchandes et non marchandes)
Part des salaires dans la VAN : 75.2%"
DE	2024-01-01	2421668.945372335	3203304	1894375.3247179613	1971615.432707692	1736590	1973129.5215982723	-6986.615591047259	md	0.2371980147318752	0.039044998539008474	125073	125073	0.7822602376505672	0.814780866463521	0.7171046246096189	0.8141556410818793	0.5913816873821408	0.6159669895827159	0.542124631318164	0.16609232299195706	0.21773976234943282	0.13419691956064494	0.1858443589181207	0.13357169417900325	0.18521913353647904	"<b>Allemagne</b>
2024
Branches marchandes
Part des salaires dans la VAN : 81.5%"
DE	2024-01-01	2290389.733263825	3051189	1786718.7872179612	1857844.4452924398	1641424	1868255.3848812096	-11676.01281803598	mdhfi	0.2173442817367348	0.03587781681174126	109470	109470	0.7800937811015558	0.815693223623968	0.7166570720088571	0.811147735387809	0.5855811577774963	0.6123040509392271	0.53796208625555475	0.17211085970252066	0.2199062188984442	0.1410569054162674	0.18885226461219093	0.1365114171801085	0.18430677637603204	"<b>Allemagne</b>
2024
Branches marchandes hors services financiers (-KOPQ)
Part des salaires dans la VAN : 81.6%"
DE	2024-01-01	2314891.2314739428	2767787	1865684.7890036753	1940980.2352315283	1711872	1942864.0149028078	-17925.286713634567	mdhi	0.27843100226301515	0.04518880968802874	125073.00000000001	125073	0.8059492228564675	0.8392895478141938	0.7395042914867378	0.8384757818602402	0.6740709415152522	0.7019557555920336	0.6184984610448708	0.1400210247735417	0.19405077714353244	0.10749446576976913	0.16152421813975987	0.10668069981581542	0.16071045218580615	"<b>Allemagne</b>
2024
Branches marchandes hors services immobiliers (-LOPQ)
Part des salaires dans la VAN : 83.9%"
DE	2024-01-01	2183612.019365432	2615672	1758028.2515036752	1827209.2478162758	1616706	1837989.878185745	-22614.68394062329	mdhifi	0.25722315620730934	0.04185157772075398	109469.99999999999	109470	0.8051010142427071	0.841719985915755	0.7403815264168688	0.8367829227956307	0.6721134192298098	0.702683623247007	0.6180843775519255	0.1447664534991986	0.1948989857572929	0.11308454494627494	0.16321707720436926	0.10814748182615061	0.1582800140842449	"<b>Allemagne</b>
2024
Branches marchandes hors services immobilier et financiers (-KLOPQ)
Part des salaires dans la VAN : 84.2%"
DE	2024-01-01	2371747.225276796	2999687	1894375.3247179613	1971615.432707692	1736590	1973129.5215982723	-12100.76589509477	mdhim	0.262003272194244	0.04169535021487242	125073.00000000001	125073	0.7987256418090157	0.8319307810586759	0.7321986008847676	0.8312923956209514	0.6315243306111475	0.6577784687529973	0.5789237343762866	0.14853981773615005	0.20127435819098424	0.11597306392421444	0.16870760437904866	0.11533467848648993	0.16806921894132415	"<b>Allemagne</b>
2024
Branches marchandes hors imm. des ménages (-LmOPQ)
Part des salaires dans la VAN : 83.2%"
DE	2024-01-01	2183612.019365432	2615672	1758028.2515036752	1827209.2478162758	1616706	1837989.878185745	-22614.68394062329	mdhimfi	0.25722315620730934	0.04185157772075398	109469.99999999999	109470	0.8051010142427071	0.841719985915755	0.7403815264168688	0.8367829227956307	0.6721134192298098	0.702683623247007	0.6180843775519255	0.1447664534991986	0.1948989857572929	0.11308454494627494	0.16321707720436926	0.10814748182615061	0.1582800140842449	"<b>Allemagne</b>
2024
NA
Part des salaires dans la VAN : 84.2%"
DE	2024-01-01	3073167.654689873	3982117	2543724.7171976008	2637516.4	2352128	2637516.4	-16601.191577674195	tb	0.23623509002200174	0.03140867031280095	125073	125072.99999999999	0.8277207764163779	0.8582403228066525	0.7653757504607615	0.8582403228066525	0.6387870364425758	0.6623402577071442	0.5906727501979475	0.1315808256914246	0.17227922358362216	0.10106127930114994	0.14175967719334748	0.10106127930114994	0.14175967719334748	"<b>Allemagne</b>
2024
Toutes branches (marchandes et non marchandes)
Part des salaires dans la VAN : 85.8%"
ES	2024-01-01	977715	1201159	655602.5728331779	678554.8856873601	550939	681155.0685678025	12948	md	0.1297435195766474	0.034793062367263615	41792	41792	0.6705456833874676	0.6966805956416773	0.5634965199470193	0.6940211469470756	0.5458083174943349	0.5670815175741118	0.458672831823264	0.2867097540355033	0.32945431661253244	0.26323429047589525	0.3059788530529243	0.2605748417812936	0.30331940435832266	"<b>Espagne</b>
2024
Branches marchandes
Part des salaires dans la VAN : 69.7%"
ES	2024-01-01	905806	1120436	630204.7701017666	652596.1668041162	528099	656675.3139590075	10585	mdhfi	0.11749221878275645	0.028900356646876752	32381	32381	0.6957392312501425	0.7249624245798852	0.5830155684550555	0.7204590903616406	0.5624638712981077	0.5860890884968062	0.4713334808949373	0.2685124959408896	0.3042607687498575	0.24379263682939148	0.2795409096383594	0.23928930261114686	0.2750375754201148	"<b>Espagne</b>
2024
Branches marchandes hors services financiers (-KOPQ)
Part des salaires dans la VAN : 72.5%"
ES	2024-01-01	865146	1033942	644778.290088895	666774.6292584592	544474	670366.2711847199	3251	mdhi	0.18964665928986893	0.04042006224720535	41792	41792	0.7452826344789145	0.7748591234135277	0.629343486532909	0.7707076369288642	0.6236116630225825	0.6483596480118999	0.5266001381121959	0.20641106808689516	0.2547173655210854	0.18098606563694544	0.22929236307113574	0.17683457915228196	0.22514087658647228	"<b>Espagne</b>
2024
Branches marchandes hors services immobiliers (-LOPQ)
Part des salaires dans la VAN : 77.5%"
ES	2024-01-01	793237	953219	619380.4873574838	640815.9103752155	521634	645886.5165759248	887.9999999999999	mdhifi	0.18625129141168167	0.03397015795950353	32381	32381	0.7808265214021582	0.8142415401398634	0.6576017003745412	0.8078492435113535	0.6497777398032182	0.6775846018343369	0.5472341612997643	0.17835213516580312	0.21917347859784173	0.15132941305660796	0.19215075648864657	0.144937116428098	0.18575845986013662	"<b>Espagne</b>
2024
Branches marchandes hors services immobilier et financiers (-KLOPQ)
Part des salaires dans la VAN : 81.4%"
ES	2024-01-01	908941.0033232572	1093443.2595332419	655602.5728331779	678554.8856873601	550939	681155.0685678025	5621.380484782487	mdhim	0.16496510189612373	0.03822054746383434	41792	41792	0.7212817668431428	0.7493941477800793	0.6061328490910463	0.7465334748970915	0.5995762167970516	0.6229450523647356	0.5038569630354476	0.2327394514238287	0.27871823315685723	0.20748774336987988	0.2534665251029084	0.2046270704868922	0.2506058522199207	"<b>Espagne</b>
2024
Branches marchandes hors imm. des ménages (-LmOPQ)
Part des salaires dans la VAN : 74.9%"
ES	2024-01-01	793237	953219	619380.4873574838	640815.9103752155	521634	645886.5165759248	887.9999999999999	mdhimfi	0.18625129141168167	0.03397015795950353	32381	32381	0.7808265214021582	0.8142415401398634	0.6576017003745412	0.8078492435113535	0.6497777398032182	0.6775846018343369	0.5472341612997643	0.17835213516580312	0.21917347859784173	0.15132941305660796	0.19215075648864657	0.144937116428098	0.18575845986013662	"<b>Espagne</b>
2024
NA
Part des salaires dans la VAN : 81.4%"
ES	2024-01-01	1192897	1452583	878545.767748065	903736.04	763677	903736.04	13778	tb	0.13294683052651765	0.02877081722696741	41792	41792	0.736480825878567	0.7575977138009401	0.6401868727979029	0.7575977138009401	0.6048162258184661	0.6221579352092101	0.5257372556335851	0.22848513513902294	0.263519174121433	0.20736824721664984	0.2424022861990599	0.20736824721664984	0.2424022861990599	"<b>Espagne</b>
2024
Toutes branches (marchandes et non marchandes)
Part des salaires dans la VAN : 75.8%"
FR	2024-01-01	1534223.4712584312	2061114.7999999998	1226011.8848778573	1180017.2451369464	1079985.1	1163435.7659030592	70543.74746233725	md	0.2593997225700634	0.038789687988267325	79950	79950	0.7991090658209221	0.7583222312123558	0.7039294602331649	0.7691299652514436	0.594829499491177	0.5644691726550405	0.5239810514193582	0.14877988158618424	0.2008909341790779	0.1787589821556627	0.23087003474855636	0.18956671619475055	0.24167776878764421	"<b>France</b>
2024
Branches marchandes
Part des salaires dans la VAN : 75.8%"
FR	2024-01-01	1482498.7583088004	1979678.2999999998	1153090.2913901953	1108360.0182068974	1011077.7000000001	1093742.9840892532	63157.8473332132	mdhfi	0.19801555378999244	0.03294878768939378	65228.00000000001	65228	0.777801859817821	0.7377699157987623	0.682009137837939	0.7476296435292049	0.5824634696405954	0.5524852114049305	0.5107282834791896	0.17819945240289847	0.222198140182179	0.2083716686915145	0.25237035647079503	0.2182313964219572	0.2622300842012378	"<b>France</b>
2024
Branches marchandes hors services financiers (-KOPQ)
Part des salaires dans la VAN : 73.8%"
FR	2024-01-01	1326140.8520112324	1680720.2999999998	1200536.440152487	1155763.5041314764	1058388.4	1139999.061181029	29120.007533856086	mdhi	0.6365222273395277	0.04756889055246135	79950	79950	0.9052857683493778	0.8596364854096006	0.7980965207389866	0.8715239428591912	0.7142987683033799	0.6782800571760984	0.629723101458345	0.034426517959616175	0.09471423165062222	0.06818834344980279	0.12847605714080884	0.08007580089939337	0.14036351459039942	"<b>France</b>
2024
Branches marchandes hors services immobiliers (-LOPQ)
Part des salaires dans la VAN : 86%"
FR	2024-01-01	1274416.1390616018	1599283.7999999998	1127614.8466648248	1084106.2772014274	989481	1070306.2793672231	21734.107404732047	mdhifi	0.44432851329197176	0.04078575672435374	65227.99999999999	65228	0.8848089820136207	0.8398404936674201	0.7764190751135577	0.8506689800709002	0.7050748883123964	0.6692409936042767	0.6187025717386746	0.06400836421990262	0.11519101798637933	0.09814836616262307	0.14933101992909978	0.10897685256610322	0.16015950633257994	"<b>France</b>
2024
Branches marchandes hors services immobilier et financiers (-KLOPQ)
Part des salaires dans la VAN : 84%"
FR	2024-01-01	1404570.330012233	1832775.6999999997	1226011.8848778573	1180017.2451369464	1079985.1	1179583.4585185186	50425.90753385608	mdhim	0.4477525548558229	0.043622359244505485	79950	79950	0.8728732614387343	0.8398180093326085	0.7689078125340965	0.8401268487044499	0.6689372217657935	0.6436049204048913	0.5892620138950992	0.07020541657997068	0.1271267385612656	0.10295182931425523	0.15987315129555016	0.10326066868609649	0.16018199066739142	"<b>France</b>
2024
Branches marchandes hors imm. des ménages (-LmOPQ)
Part des salaires dans la VAN : 84%"
FR	2024-01-01	1274416.1390616018	1599283.7999999998	1127614.8466648248	1084106.2772014274	989481	1085241.2439935587	21734.107404732047	mdhimfi	0.44432851329197176	0.04078575672435374	65227.99999999999	65228	0.8848089820136207	0.8515595579263934	0.7764190751135577	0.8506689800709002	0.7050748883123964	0.6785795266565939	0.6187025717386746	0.06400836421990262	0.11519101798637933	0.09814836616262307	0.14933101992909978	0.09725778830712994	0.14844044207360665	"<b>France</b>
2024
NA
Part des salaires dans la VAN : 85.2%"
FR	2024-01-01	2004590.8574504752	2626299.3	1683377.798448272	1627359.8000000003	1505528.2000000002	1626490.1051487492	82795.47455416815	tb	0.24890021672329216	0.030442074899841007	79950	79950	0.8397612870435138	0.8113825816892077	0.751040140886802	0.8118164332395222	0.6409695187628738	0.6193087380211194	0.5732508096087907	0.12035526257415535	0.16023871295648617	0.148300116378147	0.1881835667604778	0.14873396792846144	0.18861741831079226	"<b>France</b>
2024
Toutes branches (marchandes et non marchandes)
Part des salaires dans la VAN : 81.1%"
IT	2024-01-01	1283171.0638074628	1655626.6	859909.2066458128	858181.4634416276	648709.1	862870.2844085686	27579.607767669644	md	0.13585915911633487	0.03473246926571486	57504	57504	0.6701438575884536	0.6724514826949375	0.5055515342398162	0.6687973939306318	0.5193859573443751	0.5211744510559135	0.3918208972965281	0.28504216427415574	0.3298561424115464	0.2863886279319775	0.3312026060693682	0.2827345391676718	0.32754851730506246	"<b>Italie</b>
2024
Branches marchandes
Part des salaires dans la VAN : 67.2%"
IT	2024-01-01	1185696.4402051424	1545109.7	808615.7063333128	806965.9062348494	606943.4	816610.8314732926	22595.016788174165	mdhfi	0.1185767290226979	0.028938398354498712	44713	44713	0.6819753175554872	0.6887182956642826	0.5118876800330026	0.6805838989406368	0.5233387029628465	0.5285131738369726	0.39281573340714904	0.2803143558517602	0.3180246824445127	0.2817057744666107	0.31941610105936324	0.2735713777429649	0.31128170433571745	"<b>Italie</b>
2024
Branches marchandes hors services financiers (-KOPQ)
Part des salaires dans la VAN : 68.9%"
IT	2024-01-01	1155247.8154252796	1407798.9	853155.7731198012	851456.7277282302	645463.7000000001	856027.5736256208	12331.81392024817	mdhi	0.1903525811575381	0.040846743096617	57504	57504	0.7385045543719382	0.7409904283701179	0.5587231513286927	0.7370338349566883	0.6060210539444243	0.6080609763408829	0.45849140811233774	0.21171911259181958	0.2614954456280618	0.21318983200706948	0.2629661650433117	0.20923323859363988	0.2590095716298821	"<b>Italie</b>
2024
Branches marchandes hors services immobiliers (-LOPQ)
Part des salaires dans la VAN : 74.1%"
IT	2024-01-01	1057773.191822959	1297282	801862.2728073013	800241.1705214521	603698	809768.1206903447	7347.222940752688	mdhifi	0.17472095435390253	0.03446667725290261	44713	44713	0.7580663595996201	0.7655404078588869	0.5707253735175412	0.7565337982732593	0.618109457162977	0.6242036200998278	0.46535602898984185	0.19966276385931164	0.2419336404003799	0.2011953251856725	0.24346620172674077	0.19218871560004486	0.23445959214111312	"<b>Italie</b>
2024
Branches marchandes hors services immobilier et financiers (-KLOPQ)
Part des salaires dans la VAN : 76.6%"
IT	2024-01-01	1194802.1871813536	1484428.2	859909.2066458128	858181.4634416276	648709.1	862870.2844085686	17046.49177535563	mdhim	0.17170858555483323	0.038738148466864214	57503.99999999999	57504	0.7197084302920607	0.7221867298754765	0.5429426786791908	0.7182623807093584	0.5792864933755724	0.5812812532182888	0.4370094154772861	0.2321631007304451	0.28029156970793934	0.23360915031314733	0.2817376192906415	0.22968480114702935	0.27781327012452356	"<b>Italie</b>
2024
Branches marchandes hors imm. des ménages (-LmOPQ)
Part des salaires dans la VAN : 72.2%"
IT	2024-01-01	1057773.191822959	1297282	801862.2728073013	800241.1705214521	603698	809768.1206903447	7347.222940752688	mdhimfi	0.17472095435390253	0.03446667725290261	44713	44713	0.7580663595996201	0.7655404078588869	0.5707253735175412	0.7565337982732593	0.618109457162977	0.6242036200998278	0.46535602898984185	0.19966276385931164	0.2419336404003799	0.2011953251856725	0.24346620172674077	0.19218871560004486	0.23445959214111312	"<b>Italie</b>
2024
NA
Part des salaires dans la VAN : 76.6%"
IT	2024-01-01	1534811.8638074626	1965816.5	1103447.539756356	1101511.38	866770.5	1101511.38	38231.40776766964	tb	0.1333072690387514	0.029251967312310178	57504.00000000001	57504	0.7189464492533921	0.7176849527781478	0.5647405525324593	0.7176849527781478	0.5613176711846483	0.5603327574064008	0.44092136778788865	0.24358706944293348	0.2810535507466079	0.24484856591817772	0.28231504722185213	0.24484856591817772	0.28231504722185213	"<b>Italie</b>
2024
Toutes branches (marchandes et non marchandes)
Part des salaires dans la VAN : 71.8%"
NL	2024-01-01	644578.7908846452	784989	444869.84619815496	433263.11073043454	360251	434101.55178551056	-640.1287185934948	md	0.24346430790232476	0.061939721448326025	48622	48622	0.6901713995081938	0.6734654598078422	0.5588936606269304	0.6721647017516776	0.566721121185335	0.5530033564616964	0.45892490213238657	0.23439639470472273	0.3098286004918062	0.2524030924612389	0.32783529824832236	0.2511023344050743	0.3265345401921578	"<b>Pays-Bas</b>
2024
Branches marchandes
Part des salaires dans la VAN : 67.3%"
NL	2024-01-01	603003.9777630044	736399	420123.47176893125	408592.50268384523	336057	409649.6937136338	-1762.7987624558536	mdhfi	0.22298713456819513	0.055377587422036155	40780	40780	0.6967175794220885	0.679348244489751	0.5573047813825182	0.6775950371001239	0.5705106494834068	0.5562876833260689	0.4563517875499559	0.23565434264833685	0.30328242057791155	0.2547768849703014	0.3224049628998761	0.2530236775806744	0.3206517555102491	"<b>Pays-Bas</b>
2024
Branches marchandes hors services financiers (-KOPQ)
Part des salaires dans la VAN : 67.9%"
NL	2024-01-01	611415.3877835784	705197	439135.40175371047	427607.32273512805	355090	428476.40725613234	-3855.6526033250657	mdhi	0.2822266307333603	0.0689481095353497	48622	48622.00000000001	0.7182275921213002	0.7007942812976755	0.5807671954204898	0.6993728507312077	0.6227130883337713	0.6075981708035235	0.5035330553022772	0.20224873056946827	0.2817724078786999	0.22110347195956065	0.30062714926879225	0.21968204139309291	0.29920571870232454	"<b>Pays-Bas</b>
2024
Branches marchandes hors services immobiliers (-LOPQ)
Part des salaires dans la VAN : 70.1%"
NL	2024-01-01	569840.5746619377	656607	414389.02732448676	402936.71468853875	330896	404024.54918425553	-4978.322647187424	mdhifi	0.262332544760559	0.06210716608260344	40779.99999999999	40780	0.7272016871917664	0.7090133050352657	0.5806817111896719	0.7071042895244588	0.6311066243955468	0.6153217208836572	0.503948328299881	0.20123443720286271	0.2727983128082337	0.22133183487017025	0.2928957104755412	0.2194228193593633	0.2909866949647342	"<b>Pays-Bas</b>
2024
Branches marchandes hors services immobilier et financiers (-KLOPQ)
Part des salaires dans la VAN : 70.9%"
NL	2024-01-01	621673.3877835784	735973	444869.84619815496	433263.11073043454	360251	434101.55178551056	-2157.6526033250657	mdhim	0.2750058034132086	0.06606492357735949	48622.00000000001	48622	0.715600595007336	0.6982791290667781	0.579485960118681	0.6969304448998955	0.6044649004761791	0.589833528927706	0.48948942420442054	0.206187918132418	0.2843994049926641	0.22485806823985843	0.30306955510010447	0.22350938407297574	0.3017208709332218	"<b>Pays-Bas</b>
2024
Branches marchandes hors imm. des ménages (-LmOPQ)
Part des salaires dans la VAN : 69.8%"
NL	2024-01-01	569840.5746619377	656607	414389.02732448676	402936.71468853875	330896	404024.54918425553	-4978.322647187424	mdhimfi	0.262332544760559	0.06210716608260344	40779.99999999999	40780	0.7272016871917664	0.7090133050352657	0.5806817111896719	0.7071042895244588	0.6311066243955468	0.6153217208836572	0.503948328299881	0.20123443720286271	0.2727983128082337	0.22133183487017025	0.2928957104755412	0.2194228193593633	0.2909866949647342	"<b>Pays-Bas</b>
2024
NA
Part des salaires dans la VAN : 70.9%"
NL	2024-01-01	824540.8489268831	999737	630234.7294872797	615863.04	525458	615863.04	-2516.992538993908	tb	0.2502340129082413	0.04863479095001986	48622	48622	0.764346278668319	0.7469163484156408	0.6372734603553831	0.7469163484156408	0.6304005248253087	0.6160250545893571	0.5255962318089658	0.17668514498609406	0.23565372133168103	0.19411507523877222	0.2530836515843592	0.19411507523877222	0.2530836515843592	"<b>Pays-Bas</b>
2024
Toutes branches (marchandes et non marchandes)
Part des salaires dans la VAN : 74.7%"
BE	2025-01-01	344020.8825895288	452158.9	252938.03977207138	NA	200369.3	233172.63581355446	-1256.0139303705562	md	0.30922114662476047	0.061828363492943364	28164.741093857014	27956.24482576943	0.7352403664223673	0.6777862845371693	0.5824335386031556	NA	0.5594007765236322	0.5156873740925025	0.4431391265327299	0.18289035610280563	0.2647596335776326	NA	NA	0.24034443798800378	0.3222137154628308	"<b>Belgique</b>
2025
Branches marchandes
Part des salaires dans la VAN : 67.8%"
BE	2025-01-01	320769.39521044714	420164.6	240473.55113570776	NA	188181.80000000002	220912.85423863988	-3275.7328375725688	mdhfi	0.26712800847461915	0.050796573119365675	21449.268916473677	21342.92182606903	0.7496773530340708	0.6886967944485651	0.5866575889403027	NA	0.5723317745847883	0.5257769317992042	0.4478763798758868	0.18345445680582534	0.2503226469659292	NA	NA	0.244435015391331	0.3113032055514348	"<b>Belgique</b>
2025
Branches marchandes hors services financiers (-KOPQ)
Part des salaires dans la VAN : 68.9%"
BE	2025-01-01	317312.5137572753	393391.8	250929.01084645157	NA	198692.8	231306.0943599134	-6789.233049434	mdhi	0.4238234831311763	0.07096435213716239	28134.887426113895	27916.794223072156	0.7907945636155936	0.7289535846570755	0.6261738550657597	NA	0.6378602981720808	0.5879789420112809	0.5050761098731595	0.12053925964598955	0.2092054363844064	NA	NA	0.1823802386045077	0.2710464153429245	"<b>Belgique</b>
2025
Branches marchandes hors services immobiliers (-LOPQ)
Part des salaires dans la VAN : 72.9%"
BE	2025-01-01	294061.02637819364	361397.5	238464.5222100879	NA	186505.30000000002	219046.50576962152	-8808.951956636012	mdhifi	0.3847623058379906	0.05895846610337904	21391.439140251823	21307.442253595927	0.8109354889600271	0.7449015208424952	0.6342401177643121	NA	0.6598399884063612	0.6061096321076419	0.5160669346080148	0.11631961382010068	0.18906451103997288	NA	NA	0.18235358193763265	0.25509847915750483	"<b>Belgique</b>
2025
Branches marchandes hors services immobilier et financiers (-KLOPQ)
Part des salaires dans la VAN : 74.5%"
BE	2025-01-01	329178.6465274554	418144.73211106745	252938.03977207138	NA	200369.3	233172.63581355446	-4785.22015977386	mdhim	0.3692701858615878	0.06680641104939426	28153.38302676089	27934.74885155082	0.7683913961016146	0.7083467845600565	0.6086947076115644	NA	0.6049054797248673	0.5576361912688624	0.47918647447357526	0.14608245168968576	0.2316086038983854	NA	NA	0.20612706323124386	0.2916532154399435	"<b>Belgique</b>
2025
Branches marchandes hors imm. des ménages (-LmOPQ)
Part des salaires dans la VAN : 70.8%"
BE	2025-01-01	294061.02637819364	361397.5	238464.5222100879	NA	186505.30000000002	219046.50576962152	-8808.951956636012	mdhimfi	0.3847623058379906	0.05895846610337904	21391.439140251823	21307.442253595927	0.8109354889600271	0.7449015208424952	0.6342401177643121	NA	0.6598399884063612	0.6061096321076419	0.5160669346080148	0.11631961382010068	0.18906451103997288	NA	NA	0.18235358193763265	0.25509847915750483	"<b>Belgique</b>
2025
NA
Part des salaires dans la VAN : 74.5%"
BE	2025-01-01	463861.76794063323	581464.7999999999	370171.98191260756	NA	312003.4	347765.80046510167	-6086.18557818832	tb	0.30078363743382447	0.04813919719793036	28180.354631906266	27991.248670855133	0.7980221856955962	0.7497186112342202	0.6726215039992935	NA	0.6366197608395342	0.5980857318707886	0.5365817500904613	0.14122619263699168	0.2019778143044038	NA	NA	0.18952976709836772	0.2502813887657798	"<b>Belgique</b>
2025
Toutes branches (marchandes et non marchandes)
Part des salaires dans la VAN : 75%"
DE	2025-01-01	2480210.952600234	3278468	1970354.4057124765	2039663.9932588527	1805224	2047569.4243064148	-6673.640927784071	md	0.2448335728196125	0.03807571097232	124830	124830.00000000001	0.7944301687913974	0.8255626087610647	0.7278509911051788	0.8223752060769205	0.6009985169025522	0.6245506816923071	0.550630355397704	0.15523943496987577	0.20556983120860264	0.1272943976843527	0.17762479392307956	0.12410699500020841	0.17443739123893529	"<b>Allemagne</b>
2025
Branches marchandes
Part des salaires dans la VAN : 82.6%"
DE	2025-01-01	2343056.258941353	3119545	1854464.630712476	1918130.6717813243	1702780	1934730.4837545196	-11572.915000063127	mdhfi	0.2215080933586974	0.03469320045070676	108227	108227.00000000001	0.7914725152823971	0.8257294191598608	0.7267345773290802	0.8186447356786816	0.5944663823450138	0.6201963695841924	0.5458424225327733	0.16233695916492177	0.20852748471760288	0.1351647387686373	0.1813552643213184	0.1280800552874581	0.17427058084013924	"<b>Allemagne</b>
2025
Branches marchandes hors services financiers (-KOPQ)
Part des salaires dans la VAN : 82.6%"
DE	2025-01-01	2371309.290990268	2834288	1940001.7271410478	2007547.3396210582	1779074	2015619.2112815906	-17829.89645680092	mdhi	0.2894222370828606	0.04404280722354256	124829.99999999999	124830	0.8181141677772854	0.8500026626386895	0.7502496645037189	0.8465986901197097	0.6844758638293101	0.7111553982099175	0.6276969736314729	0.12924402776713864	0.18188583222271454	0.10075950542471446	0.15340130988029035	0.09735553290573462	0.14999733736131052	"<b>Allemagne</b>
2025
Branches marchandes hors services immobiliers (-LOPQ)
Part des salaires dans la VAN : 85%"
DE	2025-01-01	2234154.597331386	2675365	1824111.9521410477	1886014.01814353	1676630	1902782.9727445524	-22729.170529079973	mdhifi	0.2639408394942968	0.040453171810201596	108227	108227	0.8164663064587746	0.8516791877416878	0.7504538862273326	0.8441734606890244	0.6818179770390387	0.7112236919988684	0.6266920588405694	0.13509165639246534	0.18353369354122537	0.10738450216221555	0.1558265393109756	0.09987877510955219	0.14832081225831223	"<b>Allemagne</b>
2025
Branches marchandes hors services immobilier et financiers (-KLOPQ)
Part des salaires dans la VAN : 85.2%"
DE	2025-01-01	2429296.2245137612	3070800.7928416114	1970354.4057124765	2039663.9932588527	1805224	2047569.4243064148	-11889.518337969721	mdhim	0.271995261460472	0.04065063428764023	124830	124830.00000000001	0.811080339165659	0.8428652725199244	0.743105752926993	0.83961106623261	0.6416418838713336	0.6667867968119371	0.5878675048567735	0.1375344082906807	0.18891966083434095	0.10900368122372985	0.1603889337673901	0.10574947493641536	0.15713472748007562	"<b>Allemagne</b>
2025
Branches marchandes hors imm. des ménages (-LmOPQ)
Part des salaires dans la VAN : 84.3%"
DE	2025-01-01	2234154.597331386	2675365	1824111.9521410477	1886014.01814353	1676630	1902782.9727445524	-22729.170529079973	mdhimfi	0.2639408394942968	0.040453171810201596	108227	108227	0.8164663064587746	0.8516791877416878	0.7504538862273326	0.8441734606890244	0.6818179770390387	0.7112236919988684	0.6266920588405694	0.13509165639246534	0.18353369354122537	0.10738450216221555	0.1558265393109756	0.09987877510955219	0.14832081225831223	"<b>Allemagne</b>
2025
NA
Part des salaires dans la VAN : 85.2%"
DE	2025-01-01	3177280.349218552	4111757	2667059.5978802117	2751595.68	2465652	2759415.632310521	-16960.732192722346	tb	0.24465880635502035	0.030359284364324057	124830	124830	0.8394158855186233	0.8684835233344126	0.7760259495534991	0.86602231391912	0.6486423195437404	0.6711037720153503	0.599658977901661	0.1212957967127851	0.16058411448137666	0.09468936831228841	0.13397768608087995	0.09222815889699587	0.1315164766655874	"<b>Allemagne</b>
2025
Toutes branches (marchandes et non marchandes)
Part des salaires dans la VAN : 86.8%"
ES	2025-01-01	1029491.477336558	1265001	706490.144266176	NA	593184	728954.6382265983	13544.261281179692	md	0.1297435195766474	0.034793062367263615	41907.32978050032	44013.25868765084	0.686251571595296	0.7080725331622059	0.5761912682702842	NA	0.558489791127577	0.5762482703385992	0.4689197874151878	0.2730416030418359	0.31374842840470396	NA	NA	0.2512206414749261	0.2919274668377942	"<b>Espagne</b>
2025
Branches marchandes
Part des salaires dans la VAN : 70.8%"
ES	2025-01-01	960825.0322465589	1187918	679590.0459353719	NA	568993	703115.5499913424	11287.814803719739	mdhfi	0.11749221878275645	0.028900356646876752	33042.9225410395	34331.25386724454	0.7072984394946333	0.7317831305324638	0.5921921066831549	NA	0.5720849805587355	0.5918889603418269	0.47898339784395894	0.2583114047204159	0.29270156050536666	NA	NA	0.23382671368258545	0.2682168694675362	"<b>Espagne</b>
2025
Branches marchandes hors services financiers (-KOPQ)
Part des salaires dans la VAN : 73.2%"
ES	2025-01-01	912523.8465394501	1091250	693639.9710160028	NA	585509	716741.2548071409	3468.351254089146	mdhi	0.18964665928986893	0.04042006224720535	41510.59576544129	44108.392927262845	0.7601335281773542	0.7854493419818316	0.6416369306078045	NA	0.6356380032219957	0.6568075645426262	0.5365489117983964	0.19437659676583346	0.23986647182264573	NA	NA	0.1690607829613562	0.21455065801816847	"<b>Espagne</b>
2025
Branches marchandes hors services immobiliers (-LOPQ)
Part des salaires dans la VAN : 78.5%"
ES	2025-01-01	843857.4014494511	1014167	666739.8726851986	NA	561318	690899.990850349	1211.9047766291908	mdhifi	0.18625129141168167	0.03397015795950353	32988.36846398771	34451.41318731582	0.7901096459425173	0.8187402156615857	0.6651811064711318	NA	0.6574261168872568	0.6812487399514566	0.5534768928588684	0.17079800455942137	0.20989035405748263	NA	NA	0.142167434840353	0.18125978433841422	"<b>Espagne</b>
2025
Branches marchandes hors services immobilier et financiers (-KLOPQ)
Part des salaires dans la VAN : 81.9%"
ES	2025-01-01	958030.138497919	1153076.269728319	706490.144266176	NA	593184	728954.6382265983	5931.354295714351	mdhim	0.16496510189612373	0.03822054746383434	41495.32077938985	44071.206296572265	0.7374404164088944	0.7608890461102981	0.6191705001369208	NA	0.6127002721447342	0.632182499426816	0.5144360486577029	0.21924641513019513	0.2625595835911057	NA	NA	0.1957977854287914	0.23911095388970197	"<b>Espagne</b>
2025
Branches marchandes hors imm. des ménages (-LmOPQ)
Part des salaires dans la VAN : 76.1%"
ES	2025-01-01	843857.4014494511	1014167	666739.8726851986	NA	561318	690899.990850349	1211.9047766291908	mdhimfi	0.18625129141168167	0.03397015795950353	32988.36846398771	34451.41318731582	0.7901096459425173	0.8187402156615857	0.6651811064711318	NA	0.6574261168872568	0.6812487399514566	0.5534768928588684	0.17079800455942137	0.20989035405748263	NA	NA	0.142167434840353	0.18125978433841422	"<b>Espagne</b>
2025
NA
Part des salaires dans la VAN : 81.9%"
ES	2025-01-01	1255272.3616435453	1528809	942895.57104315	NA	818768	964715.8041656951	14415.143297216347	tb	0.13294683052651765	0.02877081722696741	41529.504240368246	43985.08431394282	0.751148196881037	0.7685310643680384	0.6522632259089779	NA	0.6167517139440898	0.6310244145381765	0.5355593798832948	0.2157677446234879	0.24885180311896302	NA	NA	0.19838487713648648	0.2314689356319616	"<b>Espagne</b>
2025
Toutes branches (marchandes et non marchandes)
Part des salaires dans la VAN : 76.9%"
FR	2025-01-01	1548526.853268033	2088297.2	1256513.2489124457	NA	1102239.2	1187896.376779601	69875.93369611063	md	0.2593997225700634	0.038789687988267325	75748.24795652356	81004.39681477229	0.8114249011960513	0.7671138374337182	0.711798570153187	NA	0.6016927326783016	0.5688349229121223	0.5278172091596924	0.13965877049058217	0.18857509880394877	NA	NA	0.18396983425291522	0.2328861625662818	"<b>France</b>
2025
Branches marchandes
Part des salaires dans la VAN : 76.7%"
FR	2025-01-01	1483378.0430141906	1991937.4	1182335.6097776112	NA	1032340.7	1117167.075672315	61748.6004956913	mdhfi	0.19801555378999244	0.03294878768939378	59611.0841316281	65631.92248316304	0.7970561620118982	0.7531236429806233	0.6959390459240633	NA	0.5935606258397534	0.5608444701486678	0.5182596099656546	0.16275780152062133	0.2029438379881018	NA	NA	0.2066903205518962	0.2468763570193767	"<b>France</b>
2025
Branches marchandes hors services financiers (-KOPQ)
Part des salaires dans la VAN : 75.3%"
FR	2025-01-01	1347282.9589727235	1711422.9	1230750.4374721406	NA	1080467.9	1164262.3600193139	27309.26331594566	mdhi	0.6365222273395277	0.04756889055246135	74175.54014304237	81410.488619076	0.9135055329509723	0.8641557827667031	0.8019606370022191	NA	0.7191386988406785	0.680289109149652	0.6313272423782573	0.031438816230435214	0.08649446704902773	NA	NA	0.08078856641470432	0.13584421723329684	"<b>France</b>
2025
Branches marchandes hors services immobiliers (-LOPQ)
Part des salaires dans la VAN : 86.4%"
FR	2025-01-01	1282134.1487188812	1615063.1	1156572.7983373064	NA	1010569.3999999999	1093533.0589120279	19181.930115526353	mdhifi	0.44432851329197176	0.04078575672435374	55790.48814197749	65871.5706910806	0.902068476604389	0.8529006578638397	0.7881931863446341	NA	0.7161161680539332	0.6770837987147548	0.6257151191182561	0.054417755200821184	0.09793152339561094	NA	NA	0.10358557394137054	0.1470993421361603	"<b>France</b>
2025
Branches marchandes hors services immobilier et financiers (-KLOPQ)
Part des salaires dans la VAN : 85.3%"
FR	2025-01-01	1424986.6445438673	1862071.1676174863	1256513.2489124457	NA	1102239.2	1203192.9392883962	48417.99687642038	mdhim	0.4477525548558229	0.043622359244505485	75434.39331920484	81227.93741264577	0.8817719476343939	0.8443538358028145	0.7735084424968927	NA	0.6747933541767633	0.6461584069463239	0.5919425740372272	0.06529113986327792	0.11822805236560605	NA	NA	0.10270925169485737	0.1556461641971855	"<b>France</b>
2025
Branches marchandes hors imm. des ménages (-LmOPQ)
Part des salaires dans la VAN : 84.4%"
FR	2025-01-01	1282134.1487188812	1615063.1	1156572.7983373064	NA	1010569.3999999999	1107705.176684155	19181.930115526353	mdhimfi	0.44432851329197176	0.04078575672435374	55790.48814197749	65871.5706910806	0.902068476604389	0.863954195269647	0.7881931863446341	NA	0.7161161680539332	0.6858587609884437	0.6257151191182561	0.054417755200821184	0.09793152339561094	NA	NA	0.09253203653556326	0.13604580473035302	"<b>France</b>
2025
NA
Part des salaires dans la VAN : 86.4%"
FR	2025-01-01	2031096.1447510957	2668435.8	1723877.1712429863	NA	1536202.0999999999	1660537.8326431543	82684.72467577674	tb	0.24890021672329216	0.030442074899841007	76466.86908767576	81232.72248901715	0.8487422792357483	0.8175574735516264	0.7563413991848508	NA	0.6460253498483968	0.6222888452640136	0.5756938578023875	0.11360964128495823	0.15125772076425167	NA	NA	0.14479444696908012	0.18244252644837358	"<b>France</b>
2025
Toutes branches (marchandes et non marchandes)
Part des salaires dans la VAN : 81.8%"
IT	2025-01-01	1317897.4553069398	1697072.3	895495.5868130194	886654.1609281191	674993.3	891493.2940664501	26124.975887000288	md	0.1411381067336781	0.035129322421914494	59617	59617	0.6794880612349748	0.6764511840254068	0.5121743708373679	0.6727793254002576	0.5276708522159128	0.5253125008677887	0.39773986058225097	0.27527549054218897	0.3205119387650252	0.2819842263769062	0.3272206745997424	0.27831236775175694	0.3235488159745932	"<b>Italie</b>
2025
Branches marchandes
Part des salaires dans la VAN : 67.6%"
IT	2025-01-01	1222967.690616885	1589478.8000000003	844048.2508994634	835579.144861073	632831.5	845036.5890379853	21768.76374069364	mdhfi	0.12268043052810076	0.029246064810678814	46486	46486	0.690163981743223	0.6909721291261055	0.517455616248365	0.6832389369498332	0.5310220248923504	0.5316438250311896	0.39813774175534766	0.2718252021439231	0.309836018256777	0.2787502469373129	0.31676106305016677	0.2710170547610406	0.3090278708738945	"<b>Italie</b>
2025
Branches marchandes hors services financiers (-KOPQ)
Part des salaires dans la VAN : 69.1%"
IT	2025-01-01	1184967.8553069397	1442261.1	888139.165408337	879452.2692607843	671490.7999999999	884209.2853571773	11067.775887000285	mdhi	0.20084648832417545	0.04133578864464971	59617	59617	0.7495048590818392	0.7461884146453428	0.5666742747431449	0.742173946172558	0.6157963807027291	0.6130715758451623	0.4655819948274275	0.20018407152247875	0.25049514091816083	0.20751498443175984	0.2578260538274419	0.20350051595897514	0.2538115853546572	"<b>Italie</b>
2025
Branches marchandes hors services immobiliers (-LOPQ)
Part des salaires dans la VAN : 74.6%"
IT	2025-01-01	1090038.0906168849	1334667.6	836691.8294947811	828377.2531937382	629329	837752.5803287125	6711.563740693641	mdhifi	0.18348800489143757	0.034829645973274544	46486	46486	0.7675803595278697	0.7685534914239588	0.5773458793938513	0.7599525744324539	0.6268915417552513	0.627686309556561	0.4715248950375359	0.1897734243443139	0.23241964047213032	0.19740120943972966	0.24004742556754607	0.18880029244822477	0.23144650857604118	"<b>Italie</b>
2025
Branches marchandes hors services immobilier et financiers (-KLOPQ)
Part des salaires dans la VAN : 76.9%"
IT	2025-01-01	1225555.4568183331	1520063	895495.5868130194	886654.1609281191	674993.3	891493.2940664501	15665.21418123539	mdhim	0.18062480603606915	0.039220084957005075	59617	59617.00000000001	0.7306854878177583	0.7274197908439473	0.5507652030307559	0.7234712684727982	0.5891174160630311	0.5864844378597796	0.4440561345154774	0.2206696306566257	0.2693145121822417	0.22788385000158584	0.2765287315272018	0.22393532763043678	0.27258020915605274	"<b>Italie</b>
2025
Branches marchandes hors imm. des ménages (-LmOPQ)
Part des salaires dans la VAN : 72.7%"
IT	2025-01-01	1090038.0906168849	1334667.6	836691.8294947811	828377.2531937382	629329	837752.5803287125	6711.563740693641	mdhimfi	0.18348800489143757	0.034829645973274544	46486	46486	0.7675803595278697	0.7685534914239588	0.5773458793938513	0.7599525744324539	0.6268915417552513	0.627686309556561	0.4715248950375359	0.1897734243443139	0.23241964047213032	0.19740120943972966	0.24004742556754607	0.18880029244822477	0.23144650857604118	"<b>Italie</b>
2025
NA
Part des salaires dans la VAN : 76.9%"
IT	2025-01-01	1575031.7460812689	2014411.3000000003	1148930.213907116	1138978.58	900739.7000000001	1138978.58	37328.47235654974	tb	0.13991266282430034	0.02959524700839396	59617	59617	0.7294647976243606	0.7231464272601593	0.5718866951355553	0.7231464272601593	0.5703553260980595	0.565415106636862	0.44714785902958343	0.23268390182355272	0.27053520237563944	0.23900227218775397	0.2768535727398406	0.23900227218775397	0.2768535727398406	"<b>Italie</b>
2025
Toutes branches (marchandes et non marchandes)
Part des salaires dans la VAN : 72.3%"
NL	2025-01-01	675770.9432961633	822607	469954.05442460487	456523.3301352923	382242	458950.6484119487	-1398.8482116185091	md	0.252433122883433	0.06315895682871651	51954.99999999999	51955.00000000001	0.6954339470891439	0.6791512019936154	0.5656384072028362	0.6755592773914466	0.5712983896618979	0.5579221285643675	0.46467146523187863	0.22768349305028784	0.3045660529108562	0.24755816274798512	0.32444072260855344	0.2439662381458162	0.32084879800638455	"<b>Pays-Bas</b>
2025
Branches marchandes
Part des salaires dans la VAN : 67.9%"
NL	2025-01-01	629704.1726167159	769378	443737.87177620304	430396.7523520499	356611	433066.9515286336	-2380.2907264197493	mdhfi	0.24024782876289205	0.05807028534738451	44678	44678	0.7046767213440309	0.6877307954448475	0.5663151294013413	0.6834903928991763	0.5767488435804027	0.5628793018888422	0.46350558503102507	0.22437250217573398	0.2953232786559691	0.2455588306205885	0.31650960710082365	0.24131842807491735	0.31226920455515245	"<b>Pays-Bas</b>
2025
Branches marchandes hors services financiers (-KOPQ)
Part des salaires dans la VAN : 68.8%"
NL	2025-01-01	644151.9432961633	740754	463787.70775793825	450447.9915548533	376670	452877.9653432565	-4919.848211618509	mdhi	0.2880559987126108	0.07013799452989791	51955	51955	0.7199973741982509	0.7030607763532519	0.584753339518868	0.699288415167832	0.626102198243868	0.6113743096132541	0.508495397932377	0.1993461897842728	0.28000262580174906	0.22005514881469168	0.300711584832168	0.21628278762927186	0.29693922364674813	"<b>Pays-Bas</b>
2025
Branches marchandes hors services immobiliers (-LOPQ)
Part des salaires dans la VAN : 70.3%"
NL	2025-01-01	598085.1726167159	687525	437571.52510953636	424321.4137716108	351039	426993.11792736815	-5901.290726419749	mdhifi	0.2783439333281715	0.06498381877022653	44678	44678	0.7316207542733298	0.7139336293177219	0.5869381420444677	0.709466532860426	0.6364445294491639	0.6210583148647222	0.5105836151412676	0.19367751084746093	0.26837924572667016	0.21583173226036476	0.290533467139574	0.21136463580306888	0.28606637068227814	"<b>Pays-Bas</b>
2025
Branches marchandes hors services immobilier et financiers (-KLOPQ)
Part des salaires dans la VAN : 71.4%"
NL	2025-01-01	655016.9432961633	773816	469954.05442460487	456523.3301352923	382242	458950.6484119487	-3037.8482116185087	mdhim	0.28074240230875774	0.06714128423294427	51954.99999999999	51955	0.7174685467824868	0.7006698881748407	0.5835604771939018	0.6969641546033674	0.607320156761562	0.5931004895374982	0.4939701427729589	0.20321289431344414	0.2825314532175132	0.22371728649256356	0.30303584539663264	0.2200115529210903	0.29933011182515934	"<b>Pays-Bas</b>
2025
Branches marchandes hors imm. des ménages (-LmOPQ)
Part des salaires dans la VAN : 70.1%"
NL	2025-01-01	598085.1726167159	687525	437571.52510953636	424321.4137716108	351039	426993.11792736815	-5901.290726419749	mdhimfi	0.2783439333281715	0.06498381877022653	44678	44678	0.7316207542733298	0.7139336293177219	0.5869381420444677	0.709466532860426	0.6364445294491639	0.6210583148647222	0.5105836151412676	0.19367751084746093	0.26837924572667016	0.21583173226036476	0.290533467139574	0.21136463580306888	0.28606637068227814	"<b>Pays-Bas</b>
2025
NA
Part des salaires dans la VAN : 71.4%"
NL	2025-01-01	866077.4745863383	1049612	666938.2801833022	650457.16	559305	653292.209560808	-3302.783038063043	tb	0.2608979119140592	0.049499243529990127	51955.00000000001	51955	0.7700676899625519	0.7543115122268222	0.6457909556730349	0.7510380757918634	0.6354141151047266	0.6224130531670827	0.5328683361089621	0.16994345046710185	0.22993231003744813	0.18897306463779023	0.24896192420813654	0.18569962820283148	0.24568848777317776	"<b>Pays-Bas</b>
2025
Toutes branches (marchandes et non marchandes)
Part des salaires dans la VAN : 75.4%"
BE	2026-01-01	353987.3531142378	465445.4	256221.24076359312	NA	202867.60000000003	236079.94345026836	-1181.2951705777846	md	0.30922114662476047	0.061828363492943364	30231.349362111498	28777.727377318424	0.7238146744776673	0.6669163216519809	0.5730927905057986	NA	0.5504861381455121	0.5072129694487653	0.43585692328251613	0.19078298248338418	0.2761853255223326	NA	NA	0.24768133530907063	0.33308367834801905	"<b>Belgique</b>
2026
Branches marchandes
Part des salaires dans la VAN : 66.7%"
BE	2026-01-01	329538.7095179686	431803.80000000005	243629.62712722947	NA	190555.8	223699.771549254	-3305.003943344409	mdhfi	0.26712800847461915	0.050796573119365675	22948.722088920113	21934.153299919955	0.7393050348579616	0.6788269938802332	0.5782501250876861	NA	0.564213717265178	0.5180588303049996	0.441301813462503	0.19105603828428538	0.2606949651420383	NA	NA	0.25153407926201393	0.32117300611976685	"<b>Belgique</b>
2026
Branches marchandes hors services financiers (-KOPQ)
Part des salaires dans la VAN : 67.9%"
BE	2026-01-01	326345.6222976291	404624.6	254176.14159003942	NA	201161	234179.4229460481	-6907.880511639942	mdhi	0.4238234831311763	0.07096435213716239	30587.120689258878	28713.922597758476	0.7788556800624993	0.7175810151743819	0.6164047753535974	NA	0.6281776777537487	0.5787572553573067	0.4971546465538675	0.1274181639869139	0.22114431993750072	NA	NA	0.18869282887503125	0.28241898482561806	"<b>Belgique</b>
2026
Branches marchandes hors services immobiliers (-LOPQ)
Part des salaires dans la VAN : 71.8%"
BE	2026-01-01	301896.97870135994	370983	241584.52795367572	NA	188849.2	221799.36643831787	-9031.589284406566	mdhifi	0.3847623058379906	0.05895846610337904	23205.957620419224	21872.588630429866	0.800221747805744	0.7346856116030377	0.6255418679986589	NA	0.6512010737787869	0.5978693536855271	0.5090508190402256	0.12291111122371046	0.19977825219425602	NA	NA	0.18844724742641675	0.2653143883969623	"<b>Belgique</b>
2026
Branches marchandes hors services immobilier et financiers (-KLOPQ)
Part des salaires dans la VAN : 73.5%"
BE	2026-01-01	338626.4339760779	430242.5585744542	256221.24076359312	NA	202867.60000000003	236079.94345026836	-4833.834537626566	mdhim	0.3692701858615878	0.06680641104939426	30429.781013534302	28742.96121906808	0.7566486696124076	0.6971692690327481	0.5990896741815837	NA	0.595527419724689	0.5487136006081889	0.47151913718664223	0.1534889393857015	0.24335133038759238	NA	NA	0.212968339965361	0.3028307309672519	"<b>Belgique</b>
2026
Branches marchandes hors imm. des ménages (-LmOPQ)
Part des salaires dans la VAN : 69.7%"
BE	2026-01-01	301896.97870135994	370983	241584.52795367572	NA	188849.2	221799.36643831787	-9031.589284406566	mdhimfi	0.3847623058379906	0.05895846610337904	23205.957620419224	21872.588630429866	0.800221747805744	0.7346856116030377	0.6255418679986589	NA	0.6512010737787869	0.5978693536855271	0.5090508190402256	0.12291111122371046	0.19977825219425602	NA	NA	0.18844724742641675	0.2653143883969623	"<b>Belgique</b>
2026
NA
Part des salaires dans la VAN : 73.5%"
BE	2026-01-01	477038.5857330824	598215.2	375827.3949065663	NA	316760.6	353068.27943158906	-6140.859456866616	tb	0.30078363743382447	0.04813919719793036	30442.670125808432	28797.59947959935	0.7878343726200236	0.7401252015893354	0.6640146299973252	NA	0.628247819357593	0.5902027889488416	0.5295094474363072	0.14834967823819767	0.21216562737997638	NA	NA	0.19605884926888584	0.2598747984106646	"<b>Belgique</b>
2026
Toutes branches (marchandes et non marchandes)
Part des salaires dans la VAN : 74%"
DE	2026-01-01	2546278.0181907183	3364664	2023154.5241859779	NA	1853208	2101995.1195419747	-5786.947208245733	md	0.2448335728196125	0.03807571097232	128078.19406305972	128111.9739829701	0.7945536621423411	0.8255167363992589	0.7278105480865025	NA	0.6012946684084883	0.624726605551691	0.5507854573294688	0.15514617693726304	0.20544633785765887	NA	NA	0.12418310268034517	0.174483263600741	"<b>Allemagne</b>
2026
Branches marchandes
Part des salaires dans la VAN : 82.6%"
DE	2026-01-01	2403954.6613407126	3199752	1900857.3491859776	NA	1745100	1982815.2592818872	-10870.850015313834	mdhfi	0.2215080933586974	0.03469320045070676	111440.12638928076	111009.63752854985	0.7907209648146393	0.824813916488778	0.7259288322129744	NA	0.5940639615776403	0.6196777935545902	0.5453860174163497	0.16292203512150374	0.20927903518536076	NA	NA	0.12882908344736493	0.17518608351122195	"<b>Allemagne</b>
2026
Branches marchandes hors services financiers (-KOPQ)
Part des salaires dans la VAN : 82.5%"
DE	2026-01-01	2434633.342959939	2909296	1991557.5599002633	NA	1825986	2068768.618467375	-17224.20635484698	mdhi	0.2894222370828606	0.04404280722354256	128235.98433037156	128133.56288422349	0.8180112893217012	0.8497249183124392	0.7500045151686094	NA	0.6845496504653578	0.7110890808179625	0.6276384389900512	0.12931713090996008	0.18198871067829878	NA	NA	0.09760350191922211	0.15027508168756082	"<b>Allemagne</b>
2026
Branches marchandes hors services immobiliers (-LOPQ)
Part des salaires dans la VAN : 85%"
DE	2026-01-01	2292309.986109933	2744384	1869260.3849002633	NA	1717878	1949594.7273116107	-22308.109161915087	mdhifi	0.2639408394942968	0.040453171810201596	111660.06689100768	111019.0374651683	0.8154483452180968	0.8504934930812248	0.7494091158740933	NA	0.6811220240681564	0.7103942915100842	0.625961235745435	0.13584093608870598	0.1845516547819032	NA	NA	0.10079578822557803	0.1495065069187752	"<b>Allemagne</b>
2026
Branches marchandes hors services immobilier et financiers (-KLOPQ)
Part des salaires dans la VAN : 85%"
DE	2026-01-01	2494080.8506026203	3151766.0739580775	2023154.5241859779	NA	1853208	2101995.1195419747	-11134.202070061705	mdhim	0.271995261460472	0.04065063428764023	128089.72928231422	128121.29003266145	0.8111824136323178	0.8427934960625235	0.7430424717595773	NA	0.6419113845099687	0.6669261202187602	0.5879903382780844	0.1374600975952692	0.18881758636768214	NA	NA	0.10584901516506355	0.15720650393747648	"<b>Allemagne</b>
2026
Branches marchandes hors imm. des ménages (-LmOPQ)
Part des salaires dans la VAN : 84.3%"
DE	2026-01-01	2292309.986109933	2744384	1869260.3849002633	NA	1717878	1949594.7273116107	-22308.109161915087	mdhimfi	0.2639408394942968	0.040453171810201596	111660.06689100768	111019.0374651683	0.8154483452180968	0.8504934930812248	0.7494091158740933	NA	0.6811220240681564	0.7103942915100842	0.625961235745435	0.13584093608870598	0.1845516547819032	NA	NA	0.10079578822557803	0.1495065069187752	"<b>Allemagne</b>
2026
NA
Part des salaires dans la VAN : 85%"
DE	2026-01-01	3267323.137489255	4226614	2738953.94612325	NA	2531736	2833373.036942484	-16427.863283957216	tb	0.24465880635502035	0.030359284364324057	129270.17567437416	128316.97632423317	0.8382868271266166	0.867184823084185	0.7748655071642193	NA	0.6480255699061352	0.6703647498783858	0.5989986310554973	0.12214862102629834	0.16171317287338335	NA	NA	0.09325062506872998	0.13281517691581501	"<b>Allemagne</b>
2026
Toutes branches (marchandes et non marchandes)
Part des salaires dans la VAN : 86.7%"
ES	2026-01-01	1074538.537422655	1319924	743934.194514588	NA	624236	767113.960504698	14037.832793259011	md	0.1297435195766474	0.034793062367263615	42893.77103621743	45924.19805204806	0.6923290032007217	0.7139008363019411	0.5809340272683634	NA	0.5636189617846088	0.5811804016782012	0.4729332900985208	0.26775267880288456	0.3076709967992784	NA	NA	0.24618084570166507	0.2860991636980589	"<b>Espagne</b>
2026
Branches marchandes
Part des salaires dans la VAN : 71.4%"
ES	2026-01-01	1005472.1178396364	1242392	716065.5547573802	NA	599174	740410.7898524456	11768.242763156068	mdhfi	0.11749221878275645	0.028900356646876752	34003.01922682606	35905.5718952265	0.7121684848864064	0.7363812250142717	0.59591309333111	NA	0.576360403767394	0.5959558576137367	0.4822745156118198	0.25401355176729495	0.28783151511359356	NA	NA	0.2298008116394297	0.2636187749857283	"<b>Espagne</b>
2026
Branches marchandes hors services financiers (-KOPQ)
Part des salaires dans la VAN : 73.6%"
ES	2026-01-01	953738.429562808	1140480	729555.3947917882	NA	615648	753635.418139613	3631.782762460707	mdhi	0.18964665928986893	0.04042006224720535	42515.563613788436	46098.27259169276	0.7649428524403856	0.790190889639498	0.64551032119174645	NA	0.639691528822766	0.6608054662419446	0.5398148148148149	0.19047934478272774	0.23505714755961435	NA	NA	0.16523130758361534	0.20980911036050195	"<b>Espagne</b>
2026
Branches marchandes hors services immobiliers (-LOPQ)
Part des salaires dans la VAN : 79%"
ES	2026-01-01	884672.0099797896	1062948	701686.7550345804	NA	590586	726924.5988839555	1362.1927323577622	mdhifi	0.18625129141168167	0.03397015795950353	34081.24004284103	36108.51146273836	0.7931603431769142	0.8216882535941904	0.6675762241121339	NA	0.6601327205419083	0.6838759740683039	0.5556113751566398	0.16831550362463704	0.20683965682308583	NA	NA	0.1397875932073608	0.1783117464058096	"<b>Espagne</b>
2026
Branches marchandes hors services immobilier et financiers (-KLOPQ)
Part des salaires dans la VAN : 82.2%"
ES	2026-01-01	1000735.7478757701	1204332.0247085108	743934.194514588	NA	624236	767113.960504698	6175.48678604269	mdhim	0.16496510189612373	0.03822054746383434	42363.29441731026	46030.22931258735	0.7433872489253166	0.7665499729903987	0.6237770573550969	NA	0.6177151975134476	0.6369621871430061	0.5183255009357459	0.2142806024458036	0.2566127510746834	NA	NA	0.19111787838072153	0.23345002700960132	"<b>Espagne</b>
2026
Branches marchandes hors imm. des ménages (-LmOPQ)
Part des salaires dans la VAN : 76.7%"
ES	2026-01-01	884672.0099797896	1062948	701686.7550345804	NA	590586	726924.5988839555	1362.1927323577622	mdhimfi	0.18625129141168167	0.03397015795950353	34081.24004284103	36108.51146273836	0.7931603431769142	0.8216882535941904	0.6675762241121339	NA	0.6601327205419083	0.6838759740683039	0.5556113751566398	0.16831550362463704	0.20683965682308583	NA	NA	0.1397875932073608	0.1783117464058096	"<b>Espagne</b>
2026
NA
Part des salaires dans la VAN : 82.2%"
ES	2026-01-01	1308436.3321598321	1593216	991942.7530973401	NA	860892	1014348.5310610742	14940.023355814694	tb	0.13294683052651765	0.02877081722696741	42076.81821835214	45838.12633908011	0.758113122294566	0.7752372095833597	0.6579548265668594	NA	0.6226040619083288	0.6366673012705586	0.5403485779705953	0.2097287839685412	0.24188687770543404	NA	NA	0.19260469667974744	0.2247627904166403	"<b>Espagne</b>
2026
Toutes branches (marchandes et non marchandes)
Part des salaires dans la VAN : 77.5%"
FR	2026-01-01	1564810.5328893315	2110772.2	1275731.2877818015	NA	1119282.8	1205678.733959412	71044.8407793266	md	0.2593997225700634	0.038789687988267325	74987.07598165661	81876.1950523086	0.8152624621117791	0.7704950271092542	0.7152832732620412	NA	0.6043907948862514	0.5712026783181112	0.5302717176206887	0.1368166718117398	0.18473753788822084	NA	NA	0.18158410681426473	0.22950497289074578	"<b>France</b>
2026
Branches marchandes
Part des salaires dans la VAN : 77%"
FR	2026-01-01	1494738.231033903	2007130.2000000002	1199850.0732611846	NA	1047779	1133325.7364119005	62303.300556558825	mdhfi	0.19801555378999244	0.03294878768939378	58392.441867475514	66132.50682477048	0.8027158524146761	0.7582101754552599	0.7009782570927194	NA	0.5977938418051726	0.5646498350789104	0.522028416492363	0.15821881784722935	0.19728414758532387	NA	NA	0.20272449480664556	0.24178982454474007	"<b>France</b>
2026
Branches marchandes hors services financiers (-KOPQ)
Part des salaires dans la VAN : 75.8%"
FR	2026-01-01	1363236.3710522405	1733279.4000000001	1249641.5199906607	NA	1097235.2000000002	1181751.647029296	28408.312927770974	mdhi	0.6365222273395277	0.04756889055246135	72305.64761201867	82450.17807543588	0.9166726669903185	0.8668721522718309	0.804875239026287	NA	0.7209694640060111	0.6818010108637396	0.6330400049755395	0.03028763340409648	0.0833273330096815	NA	NA	0.08008814812258405	0.13312784772816907	"<b>France</b>
2026
Branches marchandes hors services immobiliers (-LOPQ)
Part des salaires dans la VAN : 86.7%"
FR	2026-01-01	1293164.0691968119	1629637.4	1173760.3054700433	NA	1025731.4	1109398.6185641978	19666.772705003197	mdhifi	0.44432851329197176	0.04078575672435374	53054.49681818094	66465.99454530835	0.90766541804635	0.8578947134320308	0.79319509753861694	NA	0.7202585713055207	0.6807640881119922	0.6294230851599258	0.05130769442874897	0.09233458195365	NA	NA	0.10107839904306815	0.1421052865679692	"<b>France</b>
2026
Branches marchandes hors services immobilier et financiers (-KLOPQ)
Part des salaires dans la VAN : 85.8%"
FR	2026-01-01	1441067.5785306245	1884174.901120863	1275731.2877818018	NA	1119282.8	1221797.5572152997	49551.68867983889	mdhim	0.4477525548558229	0.043622359244505485	74029.74659317054	82192.15441617488	0.8852681906025484	0.8478419578775742	0.7767038941652339	NA	0.6770768929269206	0.6484523047666507	0.5940440026741457	0.06336034861651134	0.1147318093974516	NA	NA	0.10078658134148546	0.15215804212242573	"<b>France</b>
2026
Branches marchandes hors imm. des ménages (-LmOPQ)
Part des salaires dans la VAN : 84.8%"
FR	2026-01-01	1293164.0691968119	1629637.4	1173760.3054700433	NA	1025731.4	1124324.54581297	19666.772705003197	mdhimfi	0.44432851329197176	0.04078575672435374	53054.49681818094	66465.99454530835	0.90766541804635	0.8694368894051405	0.79319509753861694	NA	0.7202585713055207	0.6899231361608233	0.6294230851599258	0.05130769442874897	0.09233458195365	NA	NA	0.08953622306995844	0.13056311059485948	"<b>France</b>
2026
NA
Part des salaires dans la VAN : 86.9%"
FR	2026-01-01	2054853.5359477266	2699895.6	1749658.5729063945	NA	1559340	1684745.9950504107	84052.00577719131	tb	0.24890021672329216	0.030442074899841007	75963.0924438447	82190.42407695118	0.8514760503840134	0.8198861697816252	0.7588570049985636	NA	0.6480467514767587	0.62400412632637	0.5775556654857321	0.11155630636796822	0.1485239496159866	NA	NA	0.14314618697035636	0.18011383021837474	"<b>France</b>
2026
Toutes branches (marchandes et non marchandes)
Part des salaires dans la VAN : 82%"
IT	2026-01-01	1339152.4936693416	1725730.6	918494.9404398457	NA	692205.3999999999	911805.596755909	27046.340676164866	md	0.1411381067336781	0.035129322421914494	59370.81064603247	60623.74666076396	0.6858777807470797	0.6808825739162224	0.5168981152425174	NA	0.5322354140558472	0.5283591753868819	0.4011086087249075	0.26978760394458184	0.31412221925292033	NA	NA	0.2747828107754391	0.3191174260837776	"<b>Italie</b>
2026
Branches marchandes
Part des salaires dans la VAN : 68.1%"
IT	2026-01-01	1242213.9961536992	1615860.4	866330.5939958378	NA	649456	864653.1786065116	22597.950208737555	mdhfi	0.12268043052810076	0.029246064810678814	46113.537605093676	47257.55798340939	0.697408495378639	0.696058152044463	0.5228213512413546	NA	0.5361419798367717	0.5351038855872151	0.4019258099276398	0.2654694485602666	0.302591504621361	NA	NA	0.26681979189444266	0.303941847955537	"<b>Italie</b>
2026
Branches marchandes hors services financiers (-KOPQ)
Part des salaires dans la VAN : 69.6%"
IT	2026-01-01	1201470.3998386152	1461809.4	910766.9698712839	NA	688526	904279.7772531771	11450.816254004458	mdhi	0.20084648832417545	0.04133578864464971	58386.763052731374	60425.0443971622	0.7580436188803491	0.7526442410688124	0.5730694656251912	NA	0.623040849149885	0.6186030663458432	0.47100942161132636	0.1933602916441432	0.24195638111965093	NA	NA	0.19875966945567988	0.2473557589311876	"<b>Italie</b>
2026
Branches marchandes hors services immobiliers (-LOPQ)
Part des salaires dans la VAN : 75.3%"
IT	2026-01-01	1104531.9023229727	1351939.2	858602.623427276	NA	645776.6	857127.4531671801	7002.425786577148	mdhifi	0.18348800489143757	0.034829645973274544	45125.0727289613	47087.563713392	0.7773452460916016	0.7760096846134826	0.5846608854319633	NA	0.635089672248039	0.633998520915127	0.4776668950793053	0.18180027733415238	0.2226547539083984	NA	NA	0.1831358388122713	0.2239903153865173	"<b>Italie</b>
2026
Branches marchandes hors services immobilier et financiers (-KLOPQ)
Part des salaires dans la VAN : 77.6%"
IT	2026-01-01	1243509.087682826	1542392.870468645	918494.9404398457	NA	692205.3999999999	911805.596755909	16212.62198130562	mdhim	0.18062480603606915	0.039220084957005075	58705.61730474174	60492.77941685918	0.7386314660163709	0.7332520572527392	0.5566548784053248	NA	0.595499990972318	0.5911630001757358	0.44878669582392344	0.21415889322890433	0.2613685339836291	NA	NA	0.21953830199253602	0.26674794274726077	"<b>Italie</b>
2026
Branches marchandes hors imm. des ménages (-LmOPQ)
Part des salaires dans la VAN : 73.3%"
IT	2026-01-01	1104531.9023229727	1351939.2	858602.623427276	NA	645776.6	857127.4531671801	7002.425786577148	mdhimfi	0.18348800489143757	0.034829645973274544	45125.0727289613	47087.563713392	0.7773452460916016	0.7760096846134826	0.5846608854319633	NA	0.635089672248039	0.633998520915127	0.4776668950793053	0.18180027733415238	0.2226547539083984	NA	NA	0.1831358388122713	0.2239903153865173	"<b>Italie</b>
2026
NA
Part des salaires dans la VAN : 77.6%"
IT	2026-01-01	1600150.374249116	2047837.7999999998	1177282.596370327	NA	922720	1163902.142745109	38418.17608881966	tb	0.13991266282430034	0.02959524700839396	59164.556825616135	60606.265524126065	0.7357324757198378	0.7273704780972725	0.576645804575082	NA	0.574890548641268	0.5683566065364695	0.4505825607867967	0.2272931512601393	0.26426752428016226	NA	NA	0.23565514888270456	0.2726295219027275	"<b>Italie</b>
2026
Toutes branches (marchandes et non marchandes)
Part des salaires dans la VAN : 72.7%"
NL	2026-01-01	698469.8313703169	849230	488344.11783507525	NA	396983.9900210729	476651.0734805019	-1357.1940695725293	md	0.252433122883433	0.06315895682871651	53042.690065810704	53636.48090765093	0.6991627925818938	0.6824218485505203	0.5683624004808286	NA	0.5750434132509158	0.5612744173904618	0.4674634551547554	0.22489593167002256	0.30083720741810616	NA	NA	0.24163687570139605	0.31757815144947965	"<b>Pays-Bas</b>
2026
Branches marchandes
Part des salaires dans la VAN : 68.2%"
NL	2026-01-01	650615.9168134143	793936	461536.5549582372	NA	370774.8102441644	450267.42522257543	-2376.7112953971696	mdhfi	0.24024782876289205	0.05807028534738451	45425.90614957949	46104.09006756107	0.709384051375119	0.692063341191981	0.569882784393202	NA	0.5813271535214894	0.5671331508113695	0.46700843675581455	0.22079609796388516	0.29061594862488105	NA	NA	0.23811680814702318	0.30793665880801907	"<b>Pays-Bas</b>
2026
Branches marchandes hors services financiers (-KOPQ)
Part des salaires dans la VAN : 69.2%"
NL	2026-01-01	665769.6055019919	764578	481672.05042233213	NA	390955.01344329305	470053.12615537224	-4998.596241759254	mdhi	0.2880559987126108	0.07013799452989791	53030.405089021275	53625.967581680285	0.7234815864853882	0.70602971699339	0.587222682159712	NA	0.6299841879080121	0.6147876686948516	0.5113343745743313	0.19686562574723362	0.2765184135146118	NA	NA	0.21431749523923183	0.29397028300661004	"<b>Pays-Bas</b>
2026
Branches marchandes hors services immobiliers (-LOPQ)
Part des salaires dans la VAN : 70.6%"
NL	2026-01-01	617915.6909450894	709284	454864.4875454941	NA	364745.83366638445	443665.691755693	-6018.113467583894	mdhifi	0.2783439333281715	0.06498381877022653	45384.31328813509	46091.98291262136	0.7361271031162652	0.7180036018783006	0.5902841423374654	NA	0.6413009281832018	0.6255120540653575	0.5142451171412078	0.19042547686641706	0.26387289688373483	NA	NA	0.20854897810438172	0.28199639812169947	"<b>Pays-Bas</b>
2026
Branches marchandes hors services immobilier et financiers (-KLOPQ)
Part des salaires dans la VAN : 71.8%"
NL	2026-01-01	677006.1390438292	798770.5698996983	488344.11783507525	NA	396983.99002107297	476651.0734805019	-3052.240408741527	mdhim	0.28074240230875774	0.06714128423294427	52965.42905857138	53630.48187054652	0.7213289358421312	0.7040572396488175	0.5863816694214236	NA	0.6113696926720732	0.5967308904988262	0.4969937613887331	0.20043628015225073	0.27867106415786874	NA	NA	0.2177079763455645	0.2959427603511825	"<b>Pays-Bas</b>
2026
Branches marchandes hors imm. des ménages (-LmOPQ)
Part des salaires dans la VAN : 70.4%"
NL	2026-01-01	617915.6909450894	709284	454864.4875454941	NA	364745.83366638445	443665.691755693	-6018.113467583894	mdhimfi	0.2783439333281715	0.06498381877022653	45384.31328813509	46091.98291262136	0.7361271031162652	0.7180036018783006	0.5902841423374654	NA	0.6413009281832018	0.6255120540653575	0.5142451171412078	0.19042547686641706	0.26387289688373483	NA	NA	0.20854897810438172	0.28199639812169947	"<b>Pays-Bas</b>
2026
NA
Part des salaires dans la VAN : 71.8%"
NL	2026-01-01	896307.1376239491	1085218	693521.2247418584	NA	581411.3163225129	679113.3344132314	-3336.4710538812133	tb	0.2608979119140592	0.049499243529990127	52906.42123652377	53717.47006512882	0.773753990825441	0.7576792662987331	0.6486742009706582	NA	0.6390616675560656	0.6257851734980726	0.5357553195049408	0.16721889780202745	0.22624600917455895	NA	NA	0.18329362232873536	0.2423207337012669	"<b>Pays-Bas</b>
2026
Toutes branches (marchandes et non marchandes)
Part des salaires dans la VAN : 75.8%"
